ACCIDENT_YEAR,COLLISION_DATE,COLLISION_TIME,MONTH,SEASON,24HOURS,DAY_OF_WEEK,INTERSECTION,WEATHER_1,STATE_HWY_IND,ROAD_SURFACE,ROAD_COND_1,LIGHTING,STWD_VEHTYPE_AT_FAULT,CHP_VEHTYPE_AT_FAULT,DIRECTION,PCF_VIOL_CATEGORY,TYPE_OF_COLLISION,PEDESTRIAN_ACCIDENT,BICYCLE_ACCIDENT,MOTORCYCLE_ACCIDENT,TRUCK_ACCIDENT,MVIW,TOW_AWAY,HIT_AND_RUN,CONTROL_DEVICE,NUMBER_INJURED,COUNT_PED_INJURED,COUNT_BICYCLIST_INJURED,COUNT_MC_INJURED,PCF_VIOLATION,PARTY_COUNT,POINT_Y,POINT_X,COLLISION_SEVERITY
2011,2011-04-16,2030,4,1,20,6,N,A,N,A,H,D,N,60,W,11,G,Y,,,,B,N,F,D,1,1,0,0,21954.0,2,36.74442809,-121.69171228,2
2011,2011-03-18,330,3,1,3,5,N,A,Y,A,H,D,A,07,N,01,F,,,,,A,Y,N,D,2,0,0,0,23152.0,1,36.69841084,-121.66489378,2
2011,2011-03-16,1345,3,1,13,3,N,B,Y,A,H,A,A,01,E,21,C,,,,,C,N,F,A,1,0,0,0,22106.0,2,36.80487032,-121.78369022,4
2011,2011-03-23,735,3,1,7,3,N,C,Y,B,H,A,A,07,S,03,F,,,,,A,Y,N,D,2,0,0,0,22350.0,1,35.7927695,-120.73290496,4
2011,2011-03-24,813,3,1,8,4,N,B,Y,B,H,A,A,08,N,08,A,,,,,D,Y,N,D,1,0,0,0,22107.0,3,36.73533893,-121.65709793,3
2011,2011-03-24,1400,3,1,14,4,N,B,Y,B,H,A,A,01,S,03,C,,,,,C,Y,N,D,1,0,0,0,22350.0,3,36.59385492,-121.87351295,4
2011,2011-04-16,2119,4,1,21,6,N,A,Y,A,H,D,A,01,N,01,A,,,,,C,Y,N,D,2,0,0,0,23152.0,2,36.18908659,-121.07522306,2
2011,2011-04-15,1433,4,1,14,5,N,A,Y,A,H,A,A,07,S,03,C,,,,,C,Y,N,D,2,0,0,0,22350.0,2,36.33030604,-121.2448456,4
2011,2011-04-08,1810,4,1,18,5,N,A,N,A,H,A,A,01,N,08,E,,,,,I,Y,N,D,1,0,0,0,22107.0,1,35.82062,-120.706708,3
2011,2011-02-22,2139,2,4,21,2,N,B,N,A,H,C,-,- ,S,00,D,,,,,C,Y,N,A,1,0,0,0,,2,36.6151022,-121.9018038,3
2011,2011-04-13,1400,4,1,14,3,N,A,Y,A,H,A,A,01,W,09,D,,,,,C,Y,N,D,1,0,0,0,21801.0,2,36.58505104,-121.86021661,4
2011,2011-04-13,1203,4,1,12,3,N,B,N,A,H,A,A,01,E,08,E,,,,,I,Y,N,A,1,0,0,0,22107.0,1,36.48108388,-121.73634424,4
2011,2011-04-17,1830,4,1,18,7,N,A,Y,A,H,A,A,01,N,03,C,,,,,C,Y,N,D,2,0,0,0,22350.0,2,36.75461125,-121.66441244,4
2011,2011-04-20,1455,4,1,14,3,N,B,N,B,H,A,A,01,E,08,A,,,,,C,Y,N,D,1,0,0,0,22107.0,2,36.49104139,-121.74451965,4
2011,2011-04-15,840,4,1,8,5,N,A,Y,A,H,A,A,08,E,21,C,,,,,C,N,N,D,1,0,0,0,22106.0,2,36.53873491,-121.91078051,4
2011,2011-04-06,100,4,1,1,3,N,-,Y,A,H,B,A,01,S,08,E,,,,,I,Y,N,D,1,0,0,0,22107.0,1,36.49262759,-121.42707337,4
2011,2011-04-16,850,4,1,8,6,N,A,N,A,H,A,A,07,N,03,F,,,,,A,Y,N,D,1,0,0,0,22350.0,1,36.7518969,-121.65635857,3
2011,2011-04-17,257,4,1,2,7,N,A,N,A,H,D,A,01,N,08,E,,,,,I,N,N,D,1,0,0,0,22107.0,1,36.76556379,-121.61053675,4
2011,2011-04-29,2258,4,1,22,5,N,A,N,A,H,D,A,,S,08,E,,,,,J,Y,N,D,1,0,0,0,22107.0,1,36.55443256,-121.92010704,4
2011,2011-05-29,1740,5,1,17,7,N,A,N,A,H,A,A,,S,10,G,Y,,,,B,N,F,D,1,1,0,0,21950.0,2,36.55485831,-121.92093295,4
2011,2011-03-16,1910,3,1,19,3,Y,A,N,A,H,B,A,01,,10,G,Y,,,,B,N,F,A,1,1,0,0,21950.0,2,36.599517,-121.891518,3
2011,2011-03-22,1319,3,1,13,2,N,A,N,A,H,A,A,07,E,03,C,,,,,C,N,N,A,2,0,0,0,22350.0,2,36.61584132,-121.90352888,4
2011,2011-03-23,1257,3,1,12,3,N,A,N,A,H,A,A,01,W,07,B,,,,,C,N,N,D,1,0,0,0,21658.0,2,36.59744552,-121.85464665,4
2011,2011-03-19,125,3,1,1,6,N,C,Y,B,H,D,A,01,E,03,E,,,,,J,Y,N,D,4,0,0,0,22350.0,1,36.58340952,-121.85468378,4
2011,2011-03-10,1725,3,1,17,4,N,B,N,B,H,A,A,01,S,08,B,,Y,,,G,,F,D,1,0,1,0,22107.0,2,36.61610696,-121.90514731,3
2011,2011-05-01,1447,5,1,14,7,N,A,N,A,H,A,A,01,W,03,C,,,,,C,Y,N,A,2,0,0,0,22350.0,3,36.80180157,-121.66607646,4
2011,2011-05-03,540,5,1,5,2,N,A,Y,A,H,A,A,01,S,03,C,,,,,C,N,N,A,1,0,0,0,22350.0,2,36.46304494,-121.38440286,4
2011,2011-04-19,815,4,1,8,2,N,B,Y,B,C,A,F,27,N,08,F,,,,Y,A,Y,N,D,1,0,0,0,22107.0,1,36.82395655,-121.77864829,3
2011,2011-05-04,1610,5,1,16,3,N,A,Y,A,H,A,A,01,S,03,C,,,,,C,Y,N,D,1,0,0,0,22350.0,2,36.75619325,-121.74517214,4
2011,2011-05-04,1813,5,1,18,3,N,A,N,A,H,A,A,01,E,03,C,,,,,E,Y,N,D,1,0,0,0,22350.0,2,36.67535048,-121.70028651,4
2011,2011-05-05,844,5,1,8,4,N,A,Y,A,H,A,A,01,W,03,C,,,,,C,Y,N,D,3,0,0,0,22350.0,3,36.59157058,-121.70706916,3
2011,2011-05-07,1055,5,1,10,6,N,A,Y,A,H,A,A,01,S,07,B,,,,Y,C,Y,N,D,1,0,0,0,21658.0,2,36.85390575,-121.63401156,4
2011,2011-05-10,1213,5,1,12,2,N,B,N,-,H,A,D,22,N,08,B,Y,,,,C,Y,N,D,1,1,0,0,22107.0,3,36.67229529,-121.55302439,3
2011,2011-05-07,1230,5,1,12,6,N,A,N,A,H,A,D,22,W,03,C,,,,,C,Y,N,D,1,0,0,0,22350.0,3,36.50132437,-121.75721502,3
2011,2011-05-07,1052,5,1,10,6,N,A,Y,A,H,A,A,01,N,05,D,,,,Y,C,Y,N,D,1,0,0,0,21651.0,2,36.47617552,-121.40624736,4
2011,2011-05-09,1550,5,1,15,1,N,A,N,A,H,A,A,01,W,05,A,,,,,C,Y,N,D,2,0,0,0,21460.0,3,36.65397718,-121.72684983,2
2011,2011-05-09,1935,5,1,19,1,N,B,Y,A,H,B,A,01,N,01,B,,,,,C,Y,N,D,1,0,0,0,23152.0,2,36.77099811,-121.76542283,3
2011,2011-05-12,1442,5,1,14,4,N,A,Y,A,H,A,D,22,S,08,E,,,,,I,Y,N,A,2,0,0,0,22107.0,1,36.75374495,-121.74297295,3
2011,2011-04-03,1314,4,1,13,7,Y,A,N,A,H,A,A,,,09,D,,Y,,,G,Y,N,D,1,0,1,0,21800.0,2,36.60934,-121.85209,3
2011,2011-04-06,1723,4,1,17,3,Y,A,N,A,H,A,A,,,09,D,,,,,C,Y,N,A,1,0,0,0,21802.0,2,36.61671,-121.82812,4
2011,2011-04-16,1705,4,1,17,6,N,A,Y,A,H,A,-,- ,N,03,C,,,,,C,N,F,A,1,0,0,0,22350.0,2,36.60759493,-121.85568295,4
2011,2011-04-02,1410,4,1,14,6,Y,A,N,A,H,A,D,,,03,C,,,,,C,Y,N,A,1,0,0,0,22350.0,3,,,4
2011,2011-04-23,1321,4,1,13,6,N,A,N,A,H,A,A,,S,08,D,,,,,C,Y,N,D,1,0,0,0,22103.0,2,,,4
2011,2011-03-10,2011,3,1,20,4,N,A,N,A,H,B,A,01,N,09,D,,,,,C,Y,N,A,1,0,0,0,21801.0,2,36.5953554,-121.89211586,4
2011,2011-03-09,2004,3,1,20,3,N,A,N,A,H,C,A,01,W,03,D,,,,,C,Y,N,A,2,0,0,0,22350.0,2,36.59278226,-121.87718137,4
2011,2011-03-07,1207,3,1,12,1,Y,A,N,A,H,A,A,01,,12,D,,,,,C,Y,N,A,1,0,0,0,22450.0,2,36.61294,-121.89997,4
2011,2011-04-04,1159,4,1,11,1,Y,A,N,A,H,A,A,,,08,D,,,,,C,N,N,A,1,0,0,0,22100.0,2,36.32415,-121.23751,4
2011,2011-04-04,1848,4,1,18,1,N,A,N,A,H,A,A,,,08,D,,,,,C,Y,N,A,1,0,0,0,22100.0,2,36.323496,-121.2543495,4
2011,2011-04-09,1350,4,1,13,6,Y,A,N,A,H,A,M,,,03,C,,,,,C,N,N,D,1,0,0,0,22350.0,2,36.62247,-121.91887,4
2011,2011-04-05,716,4,1,7,2,N,A,N,A,H,A,A,,S,09,D,,,,,C,Y,N,D,1,0,0,0,21802.0,2,36.6210423,-121.917774,4
2011,2011-04-29,1300,4,1,13,5,N,A,N,A,H,A,A,,W,03,C,,,,,C,N,N,D,1,0,0,0,22350.0,2,36.61328576,-121.9272218,4
2011,2011-04-03,1,4,1,0,7,N,A,Y,A,H,D,A,01,S,01,E,,,,,I,Y,N,D,3,0,0,0,23152.0,1,36.77000332,-121.66907614,4
2011,2011-04-01,1150,4,1,11,5,Y,A,N,A,H,A,A,01,,09,D,,,,,C,Y,N,D,2,0,0,0,21801.0,2,36.65254,-121.64713,3
2011,2011-04-01,2030,4,1,20,5,N,B,Y,A,H,D,A,07,S,01,E,,,,,I,Y,N,D,2,0,0,0,23152.0,1,36.45673037,-121.92404001,2
2011,2011-04-07,1430,4,1,14,4,N,B,Y,A,H,A,A,01,E,03,C,,,,,C,Y,N,A,1,0,0,0,22350.0,2,36.5785375,-121.72692693,4
2011,2011-04-06,958,4,1,9,3,N,A,N,A,H,A,A,01,W,03,C,,,,,C,N,N,A,2,0,0,0,22350.0,2,36.66696509,-121.75677289,4
2011,2011-04-07,1425,4,1,14,4,Y,B,N,A,H,A,A,01,,09,D,,,,,C,Y,N,D,3,0,0,0,21802.0,2,36.6453,-121.57681,4
2011,2011-04-04,1709,4,1,17,1,N,A,N,A,H,A,A,01,W,08,A,,,,,C,Y,N,D,2,0,0,0,22107.0,2,36.78967632,-121.61135106,2
2011,2011-04-01,140,4,1,1,5,N,A,N,A,H,D,A,01,W,08,E,,,,,I,Y,F,D,1,0,0,0,22107.0,1,36.7361938,-121.66240549,3
2011,2011-04-04,654,4,1,6,1,N,A,Y,A,H,A,A,01,E,03,C,,,,,C,Y,N,D,1,0,0,0,22350.0,2,36.788665,-121.67459096,4
2011,2011-03-30,1215,3,1,12,3,N,A,N,A,H,A,A,01,N,08,E,,,,,I,Y,N,D,1,0,0,0,22107.0,1,36.55969015,-121.55319572,4
2011,2011-03-31,849,3,1,8,4,N,A,Y,A,H,A,A,01,E,03,C,,,,,C,Y,N,A,1,0,0,0,22350.0,2,36.57138537,-121.80776169,4
2011,2011-03-25,33,3,1,0,5,N,B,Y,B,H,D,J,48,S,13,C,,,,,E,N,N,D,1,0,0,0,22515.0,2,36.63836488,-121.82796701,4
2011,2011-03-24,1700,3,1,17,4,N,C,Y,B,H,A,-,- ,N,- ,E,,,,,I,Y,N,D,2,0,0,0,,1,36.60161067,-121.86233478,3
2011,2011-02-18,1505,2,4,15,5,Y,C,N,B,H,A,A,01,,09,D,,,,,C,N,N,A,1,0,0,0,21802.0,2,36.59709,-121.8987,3
2011,2011-03-29,1636,3,1,16,2,Y,A,Y,A,H,A,D,22,,03,C,,,,,C,Y,N,A,1,0,0,0,22350.0,2,36.58395778,-121.84995136,4
2011,2011-03-28,1444,3,1,14,1,Y,A,Y,A,H,A,A,,,09,D,,,,,C,Y,N,D,1,0,0,0,21802.0,2,36.60384667,-121.92011951,4
2011,2011-03-28,1049,3,1,10,1,Y,A,N,A,H,A,A,,,05,A,,,,,C,Y,N,D,1,0,0,0,21460.0,2,36.61946,-121.90739,3
2011,2011-03-12,1035,3,1,10,6,Y,A,N,A,H,A,A,,,03,C,,,,,C,N,N,A,1,0,0,0,22350.0,2,36.60882,-121.92164,4
2011,2011-03-20,1145,3,1,11,7,N,A,N,A,H,A,A,,W,21,D,,,,,C,N,N,D,1,0,0,0,22106.0,2,36.62060598,-121.91391868,4
2011,2011-05-10,540,5,1,5,2,N,B,N,A,H,A,A,01,S,05,A,,,,,C,Y,N,A,3,0,0,0,21460.0,2,36.64445786,-121.61169572,2
2011,2011-05-11,900,5,1,9,3,N,B,N,A,H,A,D,22,E,03,C,,,,Y,C,Y,N,D,1,0,0,0,22350.0,2,36.73701409,-121.76121533,4
2011,2011-03-17,1655,3,1,16,4,N,A,N,A,H,A,A,,N,08,C,,,,,C,Y,N,D,1,0,0,0,22107.0,2,36.6397989,-121.8143825,3
2011,2011-03-20,1047,3,1,10,7,Y,C,N,B,H,A,-,- ,,12,D,,,,,C,Y,N,A,1,0,0,0,21453.0,2,36.61108,-121.84469,4
2011,2011-04-10,1336,4,1,13,7,Y,A,N,A,H,A,-,- ,,12,A,,,,,C,Y,N,A,2,0,0,0,21453.0,3,36.70174,-121.65254,4
2011,2011-03-20,633,3,1,6,7,N,C,Y,B,H,A,A,01,E,01,B,,,,,C,Y,N,D,1,0,0,0,23152.0,2,36.58179013,-121.83228822,3
2011,2011-03-11,1600,3,1,16,5,N,A,N,A,H,A,L,04,E,03,E,,Y,,,I,N,N,D,1,0,1,0,22350.0,1,,,3
2011,2011-01-29,1423,1,4,14,6,N,A,Y,A,H,A,A,,,- ,D,,,,,C,Y,N,A,1,0,0,0,,2,36.32762494,-121.24162283,4
2011,2011-05-20,2044,5,1,20,5,N,A,N,A,H,C,A,01,E,04,C,,,,,C,Y,F,D,1,0,0,0,21703.0,4,36.70627116,-121.6422772,4
2011,2011-05-21,1332,5,1,13,6,Y,A,N,A,H,A,-,- ,,01,C,,,,,C,Y,N,A,1,0,0,0,23152.0,2,36.72149,-121.65632,4
2011,2011-04-10,1649,4,1,16,7,N,A,N,A,H,A,C,02,N,03,F,,,Y,,A,Y,N,D,1,0,0,1,22350.0,1,36.11571285,-121.12869142,3
2011,2011-04-06,1310,4,1,13,3,N,A,N,A,H,A,A,01,S,08,F,,,,,A,Y,N,D,1,0,0,0,22107.0,1,36.32303688,-121.18259339,2
2011,2011-04-03,1740,4,1,17,7,N,A,Y,A,H,A,C,02,N,03,C,,,Y,,C,Y,N,D,1,0,0,1,22350.0,2,36.20280758,-121.14186829,3
2011,2011-04-24,1216,4,1,12,7,N,D,N,B,H,A,A,,E,03,C,,,,,C,Y,N,A,1,0,0,0,22350.0,2,36.66809431,-121.80910114,4
2011,2011-05-25,1310,5,1,13,3,N,C,N,B,H,A,A,,S,13,H,,,,,A,N,N,D,1,0,0,0,22515.0,1,36.55118327,-121.92359126,3
2011,2011-04-28,2238,4,1,22,4,Y,A,N,A,H,C,A,,,08,A,,,,,C,Y,N,A,1,0,0,0,22107.0,2,36.60265,-121.84875,3
2011,2011-03-26,210,3,1,2,6,N,B,Y,A,H,D,A,01,N,08,E,,,,,I,Y,M,D,1,0,0,0,22107.0,1,36.23806521,-121.17502884,3
2011,2011-11-27,2225,11,3,22,7,Y,A,N,A,H,C,-,- ,,08,E,,,,,I,Y,N,D,1,0,0,0,22107.0,1,36.70005,-121.6566,4
2011,2011-05-14,258,5,1,2,6,Y,A,N,A,H,C,-,- ,,01,F,,,,,I,Y,N,A,2,0,0,0,23152.0,1,36.704403,-121.6033515,4
2011,2011-04-15,1930,4,1,19,5,Y,A,N,A,H,A,-,- ,,- ,B,,,,,C,N,F,A,1,0,0,0,,2,36.678,-121.64246,4
2011,2011-05-07,509,5,1,5,6,N,A,N,A,H,C,-,- ,E,01,A,,,,,I,Y,N,D,1,0,0,0,23152.0,1,36.71173388,-121.64026522,3
2011,2011-05-11,2255,5,1,22,3,Y,A,N,A,H,D,J,48,,10,G,Y,,,,B,N,N,A,1,1,0,0,21950.0,2,36.67652,-121.65753,4
2011,2011-04-30,1030,4,1,10,6,N,A,N,A,H,A,L,04,S,08,F,,Y,,,A,N,N,D,1,0,1,0,22107.0,1,35.91995282,-121.03365183,3
2011,2011-04-30,1055,4,1,10,6,N,A,N,A,H,A,L,04,S,08,F,,Y,,,A,N,N,D,1,0,1,0,22107.0,1,35.92904,-121.04988,2
2011,2011-04-29,622,4,1,6,5,N,A,Y,A,H,A,A,01,S,08,F,,,,,A,Y,N,-,3,0,0,0,22107.0,1,36.37850926,-121.29466489,3
2011,2011-04-30,955,4,1,9,6,N,A,N,A,H,A,L,04,N,08,F,,Y,,,A,N,N,D,1,0,1,0,22107.0,1,35.92502536,-121.04227245,2
2011,2011-05-09,1005,5,1,10,1,N,B,N,A,H,A,A,01,N,05,A,,,,,C,Y,N,D,2,0,0,0,21460.0,3,36.67884698,-121.67478329,3
2011,2011-05-04,1658,5,1,16,3,N,A,N,A,H,A,J,48,W,06,D,,,,,C,Y,N,D,2,0,0,0,21750.0,2,36.82767611,-121.67716985,3
2011,2011-05-11,1108,5,1,11,3,N,B,Y,A,H,A,A,01,S,03,C,,,,,C,Y,N,D,1,0,0,0,22350.0,2,36.54855066,-121.90998466,4
2011,2011-05-10,1655,5,1,16,2,N,B,Y,A,H,A,A,08,W,08,E,,,,,I,Y,N,D,1,0,0,0,22107.0,1,36.58616916,-121.86330458,3
2011,2011-05-05,1635,5,1,16,4,N,A,Y,A,H,A,A,07,S,07,B,,,,,C,N,N,A,1,0,0,0,21658.0,2,36.7625266,-121.75368831,4
2011,2011-05-15,1324,5,1,13,7,N,B,N,A,H,A,A,01,W,08,E,,,,,I,Y,N,D,1,0,0,0,22107.0,1,36.67862494,-121.70975383,4
2011,2011-05-17,1643,5,1,16,2,N,B,Y,A,H,A,A,07,W,03,F,,,,,A,Y,N,A,1,0,0,0,22350.0,3,36.58248712,-121.91812813,3
2011,2011-05-05,1505,5,1,15,4,Y,A,N,A,H,A,A,01,,09,D,,,,,C,Y,N,D,1,0,0,0,21802.0,2,36.79591,-121.72177,4
2011,2011-05-11,535,5,1,5,3,N,A,Y,A,H,D,M,58,S,09,D,,,,,C,Y,N,D,4,0,0,0,21801.0,2,36.22442832,-121.17052981,4
2011,2011-05-07,1139,5,1,11,6,N,A,N,A,H,A,C,02,S,08,E,,,Y,,I,Y,N,D,1,0,0,1,22107.0,1,36.18753,-120.82014,3
2011,2011-05-06,2020,5,1,20,5,N,A,N,A,H,D,A,01,W,08,F,,,,,A,Y,N,D,3,0,0,0,22107.0,1,36.27119973,-121.39253716,3
2011,2011-05-09,1940,5,1,19,1,Y,A,N,A,H,B,A,01,,09,B,,,,,C,N,M,D,1,0,0,0,21801.0,2,36.21391,-121.12909,4
2011,2011-05-02,955,5,1,9,1,N,A,N,A,H,A,A,01,S,06,B,,,,,C,N,N,D,1,0,0,0,21751.0,2,36.67150984,-121.64981739,4
2011,2011-05-07,1235,5,1,12,6,Y,B,N,A,H,A,-,- ,,03,B,,,,,C,N,N,D,1,0,0,0,22350.0,2,36.67742,-121.61623,4
2011,2011-05-04,1317,5,1,13,3,Y,A,N,A,H,A,A,01,,03,C,,,,,C,Y,N,A,1,0,0,0,22350.0,2,36.6734,-121.65689,4
2011,2011-05-04,1542,5,1,15,3,Y,A,N,A,H,A,D,22,,10,G,,Y,,,G,N,N,A,1,0,1,0,21950.0,2,36.70781,-121.65352,3
2011,2011-02-18,2046,2,4,20,5,Y,A,N,B,H,C,-,- ,,12,G,Y,,,,B,N,F,A,1,1,0,0,21453.0,2,36.67352,-121.656,3
2011,2011-03-28,655,3,1,6,1,Y,B,N,A,H,B,-,- ,,12,D,,,,,C,Y,N,A,2,0,0,0,21453.0,2,36.6993,-121.65208,4
2011,2011-03-27,1651,3,1,16,7,N,A,N,A,H,A,-,- ,W,08,B,,,,,E,Y,N,D,1,0,0,0,22107.0,2,36.70731817,-121.62812728,4
2011,2011-01-27,928,1,4,9,4,Y,A,N,A,H,A,-,- ,,03,D,,,,,C,Y,N,A,1,0,0,0,22350.0,2,36.67352,-121.656,4
2011,2011-05-08,1210,5,1,12,7,N,A,N,A,H,A,A,01,S,03,E,,,,,I,Y,N,D,0,0,0,0,22350.0,1,36.62619801,-121.53012958,1
2011,2011-04-16,2205,4,1,22,6,N,A,N,A,H,D,N,60,W,11,G,Y,,,,B,Y,N,D,0,0,0,0,21954.0,2,36.7443468,-121.69142937,1
2011,2011-05-19,2500,5,1,25,4,N,A,N,A,H,D,A,08,N,01,F,,,,,A,Y,N,D,0,0,0,0,23152.0,1,35.87399,-120.83585,1
2011,2011-06-09,1100,6,2,11,4,N,B,Y,A,H,A,A,01,E,08,B,Y,,,,E,N,N,D,0,0,0,0,22107.0,3,36.76977538,-121.73850287,1
2011,2011-05-18,1425,5,1,14,3,N,A,N,A,H,A,-,- ,S,- ,G,Y,,,,B,Y,N,D,2,0,0,0,,3,36.66119564,-121.64097116,1
2011,2011-06-05,2053,6,2,20,7,N,B,N,A,H,D,A,01,S,01,E,,,,,I,Y,N,D,0,0,0,0,23152.0,1,36.72063416,-121.59356734,1
2011,2011-06-05,230,6,2,2,7,N,B,N,A,H,D,A,01,E,01,E,,,,,I,Y,N,D,0,0,0,0,23152.0,1,36.86748687,-121.74251759,1
2011,2011-07-10,1000,7,2,10,7,N,A,N,A,H,A,L,04,W,03,H,,Y,,,G,N,N,D,0,0,0,0,22350.0,2,36.53215202,-121.84129558,1
2011,2011-06-26,2039,6,2,20,7,N,B,N,A,H,B,D,22,S,01,A,,,,,C,Y,N,D,3,0,0,0,23152.0,2,36.73892965,-121.60257889,1
2011,2011-06-24,938,6,2,9,5,N,A,Y,A,H,A,G,27,S,08,E,,,,Y,I,Y,N,D,0,0,0,0,22107.0,1,36.34953329,-121.26462027,1
2011,2011-05-08,355,5,1,3,7,N,A,N,A,H,D,D,22,E,03,E,,,,,I,Y,N,D,1,0,0,0,22350.0,1,36.60023563,-121.90982772,2
2011,2011-05-06,910,5,1,9,5,N,A,N,A,H,A,D,22,N,- ,C,,,,,C,N,N,D,1,0,0,0,,2,36.59996948,-121.89434433,4
2011,2011-06-01,1721,6,2,17,3,N,A,Y,A,H,A,D,22,S,03,C,,,,Y,C,Y,N,D,2,0,0,0,22350.0,5,36.67697221,-121.6411934,3
2011,2011-05-23,914,5,1,9,1,N,B,Y,A,H,A,D,22,N,03,C,,,,,C,Y,N,D,1,0,0,0,22350.0,2,36.81819501,-121.63288076,4
2011,2011-05-19,910,5,1,9,4,N,B,N,A,A,A,A,01,E,09,A,,,,,C,Y,N,A,3,0,0,0,21804.0,2,36.52990743,-121.82909137,4
2011,2011-06-05,1535,6,2,15,7,N,B,Y,A,H,A,A,07,S,01,B,,,,,C,Y,N,D,1,0,0,0,23152.0,3,36.79873866,-121.66471664,4
2011,2011-05-23,1613,5,1,16,1,N,A,Y,A,H,A,D,22,E,03,C,,,,,C,Y,N,D,1,0,0,0,22350.0,2,36.58064677,-121.71918698,4
2011,2011-06-01,1320,6,2,13,3,N,B,Y,A,H,A,D,22,W,08,F,,,,,A,Y,N,D,1,0,0,0,22107.0,1,36.76582605,-121.74796279,4
2011,2011-06-04,1025,6,2,10,6,N,C,Y,B,H,A,D,22,S,03,F,,,,,A,Y,N,D,1,0,0,0,22350.0,1,36.72150147,-121.79239685,3
2011,2011-05-31,2214,5,1,22,2,Y,A,N,A,H,D,D,22,,03,C,,,,,C,Y,N,D,1,0,0,0,22350.0,2,36.856296,-121.693941,4
2011,2011-05-24,1458,5,1,14,2,N,A,N,A,H,A,H,14,W,03,C,,,,,C,N,N,D,1,0,0,0,22350.0,2,36.67870907,-121.66799751,4
2011,2011-05-26,1135,5,1,11,4,Y,A,Y,A,H,A,A,01,,09,D,,,,,C,Y,N,A,2,0,0,0,21801.0,3,36.57128492,-121.91265296,3
2011,2011-05-20,1425,5,1,14,5,N,A,N,A,H,A,A,01,W,03,C,,,,,C,N,N,D,1,0,0,0,22350.0,2,36.74439114,-121.69158368,4
2011,2011-06-08,1655,6,2,16,3,N,B,N,A,H,A,A,01,W,03,C,,,,,C,Y,N,D,1,0,0,0,22350.0,2,36.89871192,-121.74799963,4
2011,2011-06-04,1301,6,2,13,6,N,B,N,A,H,A,D,22,S,08,E,,,,,J,Y,N,A,1,0,0,0,22107.0,1,36.76525245,-121.61080759,4
2011,2011-06-09,530,6,2,5,4,N,A,N,A,H,A,A,07,N,08,C,,,,Y,E,Y,N,D,2,0,0,0,22107.0,2,36.56179916,-121.48230209,4
2011,2011-05-07,909,5,1,9,6,Y,A,N,A,H,A,D,22,,10,G,Y,,,,B,N,N,D,1,1,0,0,21950.0,2,36.21447,-121.12572,4
2011,2011-04-29,1920,4,1,19,5,N,A,N,A,H,A,A,01,N,09,D,,,,,C,Y,N,A,1,0,0,0,21802.0,2,36.60178297,-121.90211023,3
2011,2011-04-29,1314,4,1,13,5,N,A,N,A,H,A,A,01,W,03,C,,,,,C,Y,N,A,1,0,0,0,22350.0,2,36.60028388,-121.89040058,4
2011,2011-04-14,1513,4,1,15,4,N,B,N,A,H,A,D,22,E,08,E,,,,,I,Y,N,D,1,0,0,0,22107.0,1,36.60308106,-121.86448707,3
2011,2011-06-13,1653,6,2,16,1,N,A,N,A,H,A,-,- ,N,18,E,,,,,I,Y,N,A,1,0,0,0,,1,36.53449984,-121.47981357,3
2011,2011-06-08,1105,6,2,11,3,N,A,N,A,H,A,D,22,N,05,A,,,,Y,C,Y,N,D,1,0,0,0,21460.0,3,36.83155764,-121.67936854,2
2011,2011-05-31,1020,5,1,10,2,N,A,N,A,H,A,C,02,W,03,F,,,Y,,A,N,N,D,1,0,0,1,22350.0,1,36.10734333,-121.02933457,2
2011,2011-05-12,1410,5,1,14,4,N,A,Y,A,H,A,A,08,N,08,F,,,,,A,Y,N,D,6,0,0,0,22107.0,1,36.20284243,-121.12577898,2
2011,2011-05-12,1230,5,1,12,4,N,A,Y,A,H,A,A,08,S,08,E,,,,,I,Y,N,D,1,0,0,0,22107.0,1,35.92529073,-120.86836148,4
2011,2011-06-19,1458,6,2,14,7,N,A,Y,-,-,-,A,08,N,03,C,,,,,C,Y,N,D,1,0,0,0,22350.0,2,36.82889139,-121.62875157,4
2011,2011-06-18,1319,6,2,13,6,N,A,Y,A,H,A,A,01,N,03,C,,,,,C,N,N,D,1,0,0,0,22350.0,2,36.75828859,-121.74797182,4
2011,2011-06-18,515,6,2,5,6,N,A,N,A,H,D,D,22,S,08,E,,,,,I,Y,N,D,1,0,0,0,22107.0,1,36.80065082,-121.68739313,3
2011,2011-04-09,1716,4,1,17,6,Y,A,N,A,H,A,A,01,,09,D,,,,,C,N,N,A,2,0,0,0,21802.0,2,36.58532,-121.9044,4
2011,2011-05-27,1710,5,1,17,5,N,A,Y,A,H,A,C,02,N,03,C,,,Y,,C,Y,N,A,1,0,0,1,22350.0,2,36.57704492,-121.90956296,3
2011,2011-05-15,1311,5,1,13,7,N,A,Y,A,H,A,A,01,S,07,E,,,,,I,Y,F,A,1,0,0,0,21658.0,2,36.51084494,-121.43627288,4
2011,2011-05-21,1410,5,1,14,6,N,A,N,A,H,A,C,02,E,08,E,,,Y,,I,Y,N,D,1,0,0,1,22107.0,1,36.40992687,-121.37989576,3
2011,2011-05-18,1607,5,1,16,3,N,A,N,A,H,A,A,01,S,08,E,,,,,I,Y,N,D,1,0,0,0,22107.0,1,36.64721454,-121.72613025,4
2011,2011-05-20,1935,5,1,19,5,N,B,N,A,H,B,C,02,S,03,F,,,Y,,A,Y,N,D,1,0,0,1,22350.0,1,36.53142508,-121.74926048,4
2011,2011-05-17,2100,5,1,21,2,N,B,N,B,H,D,A,01,W,03,E,,,,,I,Y,N,D,1,0,0,0,22350.0,1,36.55769376,-121.75169347,4
2011,2011-05-17,918,5,1,9,2,N,C,Y,B,H,A,A,01,N,08,E,,,,,I,Y,N,D,1,0,0,0,22107.0,1,36.57506575,-121.91225284,4