ACCIDENT_YEAR,COLLISION_DATE,COLLISION_TIME,MONTH,SEASON,24HOURS,DAY_OF_WEEK,INTERSECTION,WEATHER_1,STATE_HWY_IND,ROAD_SURFACE,ROAD_COND_1,LIGHTING,STWD_VEHTYPE_AT_FAULT,CHP_VEHTYPE_AT_FAULT,DIRECTION,PCF_VIOL_CATEGORY,TYPE_OF_COLLISION,PEDESTRIAN_ACCIDENT,BICYCLE_ACCIDENT,MOTORCYCLE_ACCIDENT,TRUCK_ACCIDENT,MVIW,TOW_AWAY,HIT_AND_RUN,CONTROL_DEVICE,NUMBER_INJURED,COUNT_PED_INJURED,COUNT_BICYCLIST_INJURED,COUNT_MC_INJURED,PCF_VIOLATION,PARTY_COUNT,POINT_Y,POINT_X,COLLISION_SEVERITY
2012,2012-03-14,1130,3,1,11,3,N,B,Y,A,H,A,D,22,N,07,D,,,,,C,Y,F,D,2,0,0,0,21658.0,2,36.63119233,-121.59216251,3
2012,2012-03-18,1350,3,1,13,7,Y,B,N,A,H,A,A,07,,12,D,,,,Y,C,Y,N,B,1,0,0,0,21457.0,2,36.68837492,-121.67189287,4
2012,2012-03-08,1835,3,1,18,4,Y,A,N,A,H,D,D,22,,09,D,,,,,C,Y,N,D,1,0,0,0,21802.0,2,36.82856492,-121.67771297,4
2012,2012-03-07,918,3,1,9,3,N,A,Y,A,H,A,D,22,E,08,E,,,,,I,Y,N,D,1,0,0,0,22107.0,1,36.56962381,-121.77299532,3
2012,2012-03-22,1730,3,1,17,4,N,B,Y,A,H,A,D,22,E,03,C,,,,,C,Y,N,D,1,0,0,0,22350.0,2,36.57057769,-121.74853111,4
2012,2012-03-09,840,3,1,8,5,N,A,Y,A,H,A,A,01,S,03,C,,,,,C,Y,N,A,1,0,0,0,22350.0,4,36.5864882,-121.53598474,3
2012,2012-03-09,1133,3,1,11,5,N,A,Y,A,H,A,A,07,S,03,C,,,,,C,Y,N,D,2,0,0,0,22350.0,2,36.71365831,-121.71739865,4
2012,2012-03-15,10,3,1,0,4,N,A,N,B,H,D,A,01,N,01,A,,,,,C,Y,N,D,2,0,0,0,23152.0,2,36.76354207,-121.61229543,2
2012,2012-03-04,1017,3,1,10,7,N,A,N,A,H,A,A,01,S,08,E,,,,,I,Y,N,D,1,0,0,0,22107.0,1,36.61530135,-121.90686073,3
2012,2012-03-04,1151,3,1,11,7,Y,A,N,A,H,A,A,01,,09,D,,,,,C,Y,N,A,1,0,0,0,21802.0,2,36.59816496,-121.89588298,4
2012,2012-03-03,1401,3,1,14,6,N,A,N,A,H,A,-,- ,W,18,E,,,,,I,Y,N,D,1,0,0,0,,1,36.61401772,-121.90382341,3
2012,2012-03-07,1617,3,1,16,3,Y,A,N,A,H,A,L,04,,11,D,,Y,,,G,N,N,A,1,0,1,0,21456.0,2,36.592812,-121.8771315,3
2011,2011-08-25,1716,8,2,17,4,Y,A,N,A,H,A,-,- ,,03,C,,,,,C,N,N,A,1,0,0,0,22350.0,4,36.42755,-121.33032,4
2011,2011-11-06,315,11,3,3,7,N,C,N,B,H,D,A,01,W,01,E,,,,,I,Y,N,D,1,0,0,0,23152.0,1,36.82960108,-121.64272517,1
2012,2012-03-09,1805,3,1,18,5,N,A,N,A,H,B,-,- ,N,03,C,,,,,C,N,N,D,1,0,0,0,22350.0,4,36.61894457,-121.84249258,4
2012,2012-02-14,2158,2,4,21,2,N,A,N,B,H,A,N,60,W,11,G,Y,,,,B,N,N,D,1,1,0,0,21954.0,2,,,3
2012,2012-01-13,2335,1,4,23,5,N,A,N,A,H,D,A,01,S,01,E,,,,,I,Y,N,D,6,0,0,0,23152.0,1,36.84369692,-121.68953159,1
2012,2012-02-26,2500,2,4,25,7,N,A,N,A,H,D,A,07,N,01,E,,,,,I,Y,N,D,3,0,0,0,23152.0,1,36.81257736,-121.57767715,1
2012,2012-04-19,1654,4,1,16,4,N,A,Y,A,H,A,A,01,S,01,F,,,,,A,Y,N,D,2,0,0,0,23152.0,1,36.29767058,-121.21216499,1
2012,2012-02-22,2043,2,4,20,3,N,A,Y,A,H,D,A,07,N,01,A,,,,,C,Y,N,D,11,0,0,0,23152.0,9,36.21055267,-121.16173171,1
2012,2012-04-22,1004,4,1,10,7,N,B,Y,A,H,A,G,27,S,03,C,,,,Y,C,Y,N,A,0,0,0,0,22350.0,2,36.54335212,-121.48988107,1
2012,2012-05-05,925,5,1,9,6,Y,A,N,A,H,A,A,07,,09,D,,,,,C,Y,N,A,3,0,0,0,21802.0,2,36.62986502,-121.53991286,1
2012,2012-03-12,2230,3,1,22,1,N,B,N,A,H,C,D,22,N,01,E,,,,,I,Y,N,D,0,0,0,0,23152.0,1,36.8388843,-121.68446575,1
2012,2012-04-16,1625,4,1,16,1,N,B,N,A,H,A,N,60,N,11,G,Y,,,,B,Y,N,D,0,0,0,0,21950.0,2,36.70798839,-121.63424637,1
2012,2012-03-28,810,3,1,8,3,Y,B,N,A,H,A,A,01,,09,D,,,,,C,Y,N,D,1,0,0,0,21802.0,2,36.5955649,-121.89308287,4
2012,2012-03-24,2209,3,1,22,6,N,C,N,B,H,C,-,- ,N,03,C,,,,,C,Y,N,D,2,0,0,0,22350.0,2,36.59544665,-121.85037508,4
2012,2012-03-26,1117,3,1,11,1,N,A,Y,A,-,A,A,07,W,09,D,,,,,C,Y,N,D,1,0,0,0,21804.0,2,36.58384531,-121.85093765,4
2012,2012-03-16,1548,3,1,15,5,Y,B,N,-,H,A,-,- ,,03,C,,,,,C,Y,N,A,1,0,0,0,22350.0,2,36.68100496,-121.80597291,4
2012,2012-03-31,2359,3,1,23,6,N,B,N,B,H,D,D,22,N,01,C,,,,,C,Y,N,D,2,0,0,0,23152.0,2,36.54500542,-121.90563985,4
2012,2012-04-01,1633,4,1,16,7,N,A,N,A,H,A,D,22,W,01,A,,,,,C,Y,N,A,4,0,0,0,23152.0,2,36.4904578,-121.74460186,3
2012,2012-04-01,2235,4,1,22,7,N,A,Y,A,H,D,-,- ,W,18,F,,,,,A,Y,N,D,2,0,0,0,,1,36.78776211,-121.68020421,3
2012,2012-04-07,1315,4,1,13,6,N,A,Y,A,H,A,A,01,E,03,D,,,,,C,Y,N,A,4,0,0,0,22350.0,3,36.78225495,-121.69510294,3
2012,2012-02-26,1048,2,4,10,7,Y,A,Y,A,H,A,-,- ,,03,C,,,,,C,N,N,A,1,0,0,0,22350.0,2,36.72727495,-121.65842293,4
2012,2012-02-05,1457,2,4,14,7,N,A,N,A,H,A,A,01,N,09,D,,,Y,,C,N,N,D,1,0,0,1,21801.0,2,36.21756539,-121.13229312,4
2012,2012-03-01,1643,3,1,16,4,N,A,N,A,H,A,A,08,W,03,C,,,,,C,Y,N,A,1,0,0,0,22350.0,2,36.59979777,-121.87903289,4
2012,2012-03-01,749,3,1,7,4,Y,A,N,A,H,A,-,- ,,01,D,,,,,C,Y,N,D,1,0,0,0,23153.0,3,36.666477,-121.804551,3
2012,2012-03-15,1719,3,1,17,4,Y,A,N,A,H,A,-,- ,,09,D,,,,,C,Y,N,A,1,0,0,0,21802.0,2,36.70724502,-121.65763289,4
2012,2012-03-16,1221,3,1,12,5,N,B,Y,A,H,A,-,- ,W,03,C,,,,,C,N,N,D,1,0,0,0,22350.0,3,36.6699972,-121.64475661,4
2012,2012-03-17,1621,3,1,16,6,N,B,N,A,H,A,-,- ,,04,C,,,,,C,Y,N,A,1,0,0,0,21703.0,2,,,4
2012,2012-03-19,917,3,1,9,1,N,A,Y,A,H,A,-,- ,W,17,B,,Y,,,G,N,N,D,1,0,1,0,22517.0,2,36.68074565,-121.66445709,3
2012,2012-03-20,1751,3,1,17,2,N,A,N,A,H,A,L,04,E,08,D,,Y,,,G,N,N,D,1,0,1,0,22107.0,2,36.70581553,-121.64027954,3
2012,2012-03-24,918,3,1,9,6,N,B,N,A,H,A,-,- ,W,03,H,,,,,I,Y,N,D,1,0,0,0,22350.0,1,36.67769664,-121.65368327,4
2012,2012-03-24,2121,3,1,21,6,N,C,N,B,H,C,-,- ,N,10,G,Y,,,,B,N,N,D,1,1,0,0,21950.0,2,36.66844825,-121.65564893,4
2012,2012-03-05,1931,3,1,19,1,N,A,N,A,H,C,-,- ,S,03,C,,,,,C,N,N,A,3,0,0,0,22350.0,2,36.72486764,-121.65620937,4
2012,2012-03-06,1256,3,1,12,2,Y,A,N,A,H,A,-,- ,,09,D,,,,,C,Y,N,D,1,0,0,0,21802.0,2,36.66195491,-121.67204295,4
2012,2012-03-07,2015,3,1,20,3,Y,A,N,A,H,C,-,- ,,10,H,,Y,,,G,N,F,D,1,0,1,0,21950.0,2,36.68120497,-121.66587295,3
2012,2012-03-08,819,3,1,8,4,Y,A,N,A,H,A,-,- ,,09,A,,,,,C,Y,N,D,1,0,0,0,21802.0,2,36.66544492,-121.64410286,4
2012,2012-03-08,841,3,1,8,4,Y,A,N,A,H,A,-,- ,,10,G,Y,,,,B,N,F,D,1,1,0,0,21950.0,2,36.69870494,-121.65594292,3
2012,2012-03-10,2040,3,1,20,6,Y,A,N,A,H,C,-,- ,,12,D,,,,,C,Y,N,A,1,0,0,0,22450.0,2,36.713403,-121.631409,3
2012,2012-01-24,855,1,4,8,2,Y,A,Y,A,H,A,A,07,,12,D,,,,,C,Y,N,A,1,0,0,0,21453.0,2,36.72727495,-121.65842293,4
2012,2012-03-24,1509,3,1,15,6,Y,B,Y,A,H,A,A,01,,09,D,,,,,C,Y,N,A,1,0,0,0,21802.0,2,36.77042862,-121.66894612,4
2012,2012-03-21,1053,3,1,10,3,N,B,Y,B,H,A,D,22,W,03,E,,,,,I,Y,N,D,1,0,0,0,22350.0,1,36.59089611,-121.92252326,4
2012,2012-03-24,1557,3,1,15,6,Y,B,N,B,H,A,D,22,,12,D,,,,,C,Y,F,A,2,0,0,0,22450.0,2,36.73480499,-121.65728285,4
2012,2012-04-05,845,4,1,8,4,N,A,N,A,H,A,A,08,W,03,C,,,,,C,Y,N,A,1,0,0,0,22350.0,3,36.66682084,-121.68522507,4
2012,2012-03-21,1708,3,1,17,3,Y,A,N,A,H,A,D,22,,11,G,Y,,,,B,N,N,A,1,1,0,0,21950.0,2,36.59816496,-121.89588298,3
2012,2012-03-01,1732,3,1,17,4,N,B,N,A,H,B,A,01,E,03,C,,,,,C,N,N,A,1,0,0,0,22350.0,2,36.59898191,-121.888577,4
2012,2012-03-10,1659,3,1,16,6,Y,A,N,A,H,A,C,06,,10,G,Y,,Y,,B,N,N,A,1,1,0,0,21950.0,2,36.60313493,-121.8953529,4
2012,2012-03-08,945,3,1,9,4,Y,A,N,A,H,A,A,01,,12,D,,,,,C,N,N,A,1,0,0,0,21453.0,2,36.61718497,-121.90355291,4
2012,2012-02-08,1620,2,4,16,3,N,A,N,A,H,A,-,- ,S,10,G,Y,,,,B,N,N,D,1,1,0,0,21950.0,2,36.67516501,-121.78395297,3
2012,2012-03-21,1710,3,1,17,3,N,A,Y,A,H,A,A,08,S,21,C,,,,,C,N,N,D,1,0,0,0,22106.0,2,36.54247492,-121.90819295,4
2012,2012-03-17,1230,3,1,12,6,N,B,Y,B,H,A,A,07,S,03,E,,,,,I,Y,N,D,2,0,0,0,22350.0,1,36.65625664,-121.81680034,4
2012,2012-03-16,1739,3,1,17,5,Y,B,Y,B,H,A,A,07,,09,D,,,,,C,Y,N,A,1,0,0,0,21802.0,2,36.54770492,-121.90984295,3
2012,2012-03-30,1720,3,1,17,5,N,A,Y,A,H,A,A,01,S,03,C,,,,,C,N,N,D,2,0,0,0,22350.0,2,36.59719528,-121.86589459,4
2012,2012-03-23,1335,3,1,13,5,N,A,Y,A,H,A,A,07,S,08,E,,,,,I,Y,N,D,3,0,0,0,22107.0,1,36.36985101,-121.90178206,3
2012,2012-03-29,1412,3,1,14,4,N,A,Y,A,H,A,A,01,E,08,E,,,,,I,Y,N,A,1,0,0,0,22107.0,1,36.57873492,-121.90631296,4
2012,2012-03-26,830,3,1,8,1,N,A,Y,A,H,A,-,99,E,07,E,,,,,I,Y,F,D,1,0,0,0,21658.0,2,36.62726109,-121.67756331,4
2012,2012-03-30,1237,3,1,12,5,N,A,Y,A,H,A,A,01,E,03,C,,,,,C,Y,N,A,3,0,0,0,22350.0,2,36.76877597,-121.74210566,4
2012,2012-03-27,2025,3,1,20,2,N,C,N,B,H,D,A,01,S,01,E,,,,,I,Y,N,A,1,0,0,0,23152.0,1,36.51658831,-121.81273376,3
2012,2012-03-27,1525,3,1,15,2,N,B,Y,A,H,A,A,01,E,03,C,,,,,C,Y,N,A,2,0,0,0,22350.0,3,36.76887634,-121.74176312,4
2012,2012-03-25,159,3,1,1,7,N,C,Y,B,F,D,J,48,N,03,E,,,,,I,Y,N,D,1,0,0,0,22350.0,1,36.4207161,-121.32471562,4
2012,2012-03-17,1111,3,1,11,6,N,B,Y,B,D,A,A,01,N,03,A,,,,,C,Y,N,D,3,0,0,0,22350.0,3,36.81427551,-121.64050241,2
2012,2012-03-24,1335,3,1,13,6,N,C,Y,B,H,A,A,07,W,03,E,,,,,I,Y,N,D,1,0,0,0,22350.0,1,36.58995984,-121.92284468,3
2012,2012-03-23,1725,3,1,17,5,N,A,Y,A,H,A,A,01,S,08,E,,,,,I,Y,N,D,1,0,0,0,22107.0,1,36.56708816,-121.51541819,4
2012,2012-03-29,1219,3,1,12,4,Y,A,Y,A,H,A,A,01,,09,D,,,,,C,Y,N,A,2,0,0,0,21802.0,2,36.55902561,-121.91165548,4
2012,2012-03-02,1701,3,1,17,5,Y,A,N,A,H,C,A,01,,10,G,Y,,,,B,N,N,A,1,1,0,0,21950.0,2,36.59628492,-121.90278299,2
2012,2012-03-12,1523,3,1,15,1,N,A,N,A,H,A,A,01,E,03,C,,,,,C,Y,N,A,2,0,0,0,22350.0,2,36.59727024,-121.85610604,4
2012,2012-03-06,815,3,1,8,2,N,A,N,B,H,A,A,01,E,03,C,,,,,C,N,N,A,1,0,0,0,22350.0,2,36.59686934,-121.85867569,4
2012,2012-03-12,1730,3,1,17,1,N,B,Y,A,H,A,A,01,S,08,F,,,,,A,Y,N,D,1,0,0,0,22107.0,1,36.37441251,-121.28973627,3
2011,2011-04-22,1642,4,1,16,5,N,A,N,A,H,A,A,01,W,03,C,,,,,C,N,N,D,1,0,0,0,22350.0,2,36.60841172,-121.89730138,4
2011,2011-06-17,2310,6,2,23,5,N,A,N,A,H,A,D,22,,09,A,,Y,,,G,N,F,D,1,0,1,0,21804.0,2,36.5971554,-121.8560252,3
2012,2012-10-02,234,10,3,2,2,Y,A,Y,A,H,D,A,01,,08,E,,,,,I,Y,N,D,1,0,0,0,22107.0,2,36.86975495,-121.77009296,4
2012,2012-02-26,1728,2,4,17,7,N,A,Y,A,D,A,C,02,S,08,E,,,Y,,I,Y,N,D,1,0,0,1,22107.0,1,36.84197502,-121.63300985,3
2012,2012-02-26,638,2,4,6,7,N,A,Y,A,H,A,A,01,N,08,E,,,,,I,Y,N,D,2,0,0,0,22107.0,1,36.73318114,-121.78174457,3
2012,2012-02-23,1640,2,4,16,4,N,A,Y,A,H,A,A,08,E,03,C,,,,,C,Y,N,D,1,0,0,0,22350.0,3,36.59347574,-121.8763591,4
2012,2012-02-29,1407,2,4,14,3,N,B,Y,B,H,A,A,07,E,08,E,,,,,I,Y,N,D,1,0,0,0,22107.0,1,36.57001312,-121.75788449,4
2012,2012-02-29,1040,2,4,10,3,N,B,N,B,H,A,A,01,N,01,A,,,,,C,Y,N,D,2,0,0,0,23152.0,2,36.52727403,-121.75391426,2
2012,2012-02-18,640,2,4,6,6,N,B,N,B,H,A,A,07,S,03,C,,,,,C,Y,N,D,2,0,0,0,22350.0,2,36.63671327,-121.55979029,4
2012,2012-02-28,1920,2,4,19,2,N,B,N,A,H,D,A,01,E,01,G,Y,,,,B,Y,F,D,1,1,0,0,23152.0,2,36.54161468,-121.91633131,4
2012,2012-04-11,943,4,1,9,3,N,A,N,A,H,A,-,- ,N,03,C,,,,,C,N,N,A,1,0,0,0,22350.0,2,36.68101412,-121.80596559,4
2012,2012-02-16,1749,2,4,17,4,N,A,N,A,H,C,-,- ,N,03,C,,,,,C,Y,N,A,1,0,0,0,22350.0,2,36.66544056,-121.77426926,4
2012,2012-04-05,749,4,1,7,4,N,A,N,A,H,A,-,- ,N,10,B,Y,,,,B,N,N,D,1,1,0,0,21950.0,2,36.67603726,-121.79576126,4
2012,2012-03-07,1225,3,1,12,3,N,A,N,A,H,A,-,- ,E,03,C,,,,,C,Y,N,A,1,0,0,0,22350.0,3,36.68047807,-121.7849578,4
2012,2012-04-22,1312,4,1,13,7,Y,A,N,A,H,A,-,- ,,09,H,,,,,C,Y,N,A,1,0,0,0,21802.0,2,36.55562489,-121.9218229,4
2012,2012-04-18,1705,4,1,17,3,N,A,N,A,H,A,-,- ,S,08,B,,,,,E,Y,N,D,1,0,0,0,22107.0,2,36.55461739,-121.92786531,4
2012,2012-03-13,1621,3,1,16,2,Y,A,N,A,H,C,C,03,,- ,D,,,Y,,C,N,N,D,1,0,0,1,,2,36.60030499,-121.89638292,3
2012,2012-03-29,940,3,1,9,4,N,A,Y,A,H,A,A,01,N,08,F,,,,,A,Y,N,A,1,0,0,0,22107.0,1,36.18986481,-121.07614582,4
2012,2012-03-26,946,3,1,9,1,Y,A,N,A,H,A,A,07,,09,A,,,,,C,Y,N,A,2,0,0,0,21801.0,2,36.59431489,-121.86652296,3
2012,2012-04-20,1723,4,1,17,5,N,A,N,A,H,A,D,22,E,09,D,,,,,C,Y,N,D,1,0,0,0,21801.0,3,36.59796119,-121.85247863,3
2012,2012-04-12,1735,4,1,17,4,N,B,N,A,H,A,F,26,E,03,C,,,,Y,C,Y,N,A,3,0,0,0,22350.0,2,36.60252698,-121.86571873,4
2012,2012-04-04,1645,4,1,16,3,N,A,N,A,H,A,A,08,E,13,E,,,,,I,Y,N,D,1,0,0,0,22515.0,1,36.58147641,-121.89912095,3
2012,2012-04-11,421,4,1,4,3,N,C,Y,B,H,D,A,07,E,03,F,,,,,A,Y,N,D,1,0,0,0,22350.0,1,36.19027351,-120.75351175,2
2012,2012-04-12,2235,4,1,22,4,N,B,Y,A,H,D,A,08,S,08,F,,,,,A,Y,N,D,1,0,0,0,22107.0,1,35.80135492,-120.7453327,4
2012,2012-04-11,1211,4,1,12,3,Y,A,N,A,H,A,A,07,,03,C,,,,,C,Y,N,A,2,0,0,0,22350.0,2,36.60019495,-121.89576299,4
2012,2012-04-21,1147,4,1,11,6,Y,A,N,A,H,A,-,- ,,18,-,,Y,,,G,N,N,A,1,0,1,0,,1,36.61633489,-121.90541299,3
2012,2012-04-18,1551,4,1,15,3,Y,A,N,A,H,A,A,01,,12,D,,,,,C,Y,N,A,1,0,0,0,21453.0,2,36.58665495,-121.89983297,4
2012,2012-04-03,1250,4,1,12,2,N,A,N,A,H,A,A,07,E,08,E,,,,,I,Y,N,D,1,0,0,0,22107.0,1,36.48653193,-121.73908086,4
2012,2012-04-01,1710,4,1,17,7,N,A,Y,A,D,A,C,02,N,03,F,,,Y,,A,Y,N,D,1,0,0,1,22350.0,1,36.80377341,-121.65266296,2
2012,2012-04-02,605,4,1,6,1,Y,A,N,A,H,C,N,60,,11,H,Y,Y,,,B,N,N,A,2,1,1,0,21954.0,2,,,2
2012,2012-04-10,110,4,1,1,2,Y,A,N,A,H,C,-,- ,,03,E,,,,,I,Y,N,A,1,0,0,0,22350.0,1,36.65888493,-121.79580287,2
2012,2012-04-04,1747,4,1,17,3,Y,A,N,A,H,A,-,99,,07,B,,,,,C,N,N,D,1,0,0,0,21658.0,2,36.600885,-121.86924287,4
2012,2012-04-02,1030,4,1,10,1,N,A,Y,A,H,A,F,21,N,07,B,,,,Y,C,Y,N,D,2,0,0,0,21658.0,3,36.59359438,-121.87571974,4
2012,2012-04-06,1633,4,1,16,5,N,A,Y,A,H,A,D,22,N,03,C,,,,,C,Y,N,D,2,0,0,0,22350.0,2,36.57039381,-121.91286784,4
2012,2012-04-07,1532,4,1,15,6,N,A,Y,A,H,A,D,22,N,03,B,,,,,C,Y,N,D,1,0,0,0,22350.0,4,36.85787354,-121.77105665,4
2012,2012-04-17,1440,4,1,14,2,N,A,Y,A,H,A,D,22,E,03,C,,,,,C,Y,N,A,1,0,0,0,22350.0,2,36.57082683,-121.80495538,4
2012,2012-04-19,734,4,1,7,4,Y,A,N,A,H,A,A,07,,09,D,,,,,C,Y,N,A,3,0,0,0,21802.0,2,36.86036503,-121.65399293,4
2012,2012-03-22,900,3,1,9,4,Y,A,N,A,H,A,-,- ,,12,D,,,,,C,Y,N,A,3,0,0,0,22450.0,2,36.6137149,-121.9125029,3
2012,2012-03-10,1619,3,1,16,6,N,A,N,A,H,A,-,- ,,- ,C,,,,,C,Y,N,D,1,0,0,0,,2,36.62233489,-121.91839287,4
2012,2012-04-07,658,4,1,6,6,N,B,N,A,H,C,A,01,E,08,F,,,,,A,Y,N,A,1,0,0,0,22107.0,1,36.66639591,-121.80047043,3
2012,2012-04-23,1615,4,1,16,1,N,A,Y,A,D,A,D,22,S,03,C,,,,,C,Y,N,D,4,0,0,0,22350.0,2,36.39993014,-121.31435079,3
2012,2012-04-25,819,4,1,8,3,N,B,Y,A,H,A,A,01,N,03,C,,,,,C,Y,N,A,1,0,0,0,22350.0,2,36.57782474,-121.90826118,3
2012,2012-04-10,1150,4,1,11,2,Y,C,N,B,H,A,A,07,,07,C,,,,Y,C,Y,N,A,1,0,0,0,21658.0,2,36.66674498,-121.6850829,4
2012,2012-04-27,1923,4,1,19,5,N,A,Y,A,H,A,-,99,S,03,C,,,,,C,N,F,A,2,0,0,0,22350.0,2,36.75743521,-121.74682707,4
2012,2012-04-07,2249,4,1,22,6,N,A,N,A,H,C,N,60,E,11,G,Y,,,,B,Y,N,A,2,2,0,0,21954.0,3,36.59445728,-121.86573504,2
2012,2012-04-17,1524,4,1,15,2,Y,A,Y,A,H,A,D,22,,10,G,Y,,,,B,N,N,D,1,1,0,0,21950.0,2,36.60145492,-121.86218295,3
2012,2012-04-23,744,4,1,7,1,Y,B,N,B,H,A,-,- ,,12,D,,,,,C,Y,N,A,2,0,0,0,22450.0,2,36.69362499,-121.79740294,3
2012,2012-04-21,1340,4,1,13,6,N,A,Y,A,H,A,A,01,S,03,C,,,,,C,Y,N,D,1,0,0,0,22350.0,2,36.83069234,-121.77107065,4
2012,2012-04-20,1115,4,1,11,5,N,A,Y,A,H,A,A,01,N,03,C,,,,,C,Y,N,D,1,0,0,0,22350.0,2,36.68109579,-121.64291698,4
2012,2012-04-13,210,4,1,2,5,N,C,N,B,H,D,A,07,S,01,E,,,,,I,Y,N,D,1,0,0,0,23152.0,1,36.47300592,-121.72736049,3
2012,2012-04-13,700,4,1,7,5,N,C,N,B,H,A,A,07,W,08,E,,,,,J,Y,N,D,1,0,0,0,22107.0,1,36.79299243,-121.61396181,4
2012,2012-04-11,1725,4,1,17,3,N,A,Y,A,H,A,A,01,E,03,C,,,,,C,Y,N,D,6,0,0,0,22350.0,4,36.5701429,-121.75877313,4
2012,2012-04-11,1707,4,1,17,3,N,A,N,A,H,A,A,01,E,01,E,,,,,I,Y,N,D,1,0,0,0,23152.0,1,36.52536706,-121.81449967,3
2012,2012-04-07,1725,4,1,17,6,N,A,N,A,H,A,L,04,W,03,F,,Y,,,A,N,N,D,1,0,1,0,22350.0,1,36.65434603,-121.72765349,3
2012,2012-04-06,2144,4,1,21,5,N,B,Y,A,H,D,A,07,N,01,E,,,,,I,Y,N,D,1,0,0,0,23152.0,1,36.61081213,-121.85708693,2
2012,2012-04-09,1930,4,1,19,1,N,A,N,A,H,B,C,02,W,08,F,,,Y,,A,Y,N,D,1,0,0,1,22107.0,1,36.40168395,-121.58258557,4
2012,2012-04-07,1347,4,1,13,6,N,A,Y,A,H,A,A,01,N,08,F,,,,,A,Y,N,D,1,0,0,0,22107.0,1,36.66132131,-121.81622065,3
2012,2012-04-06,1913,4,1,19,5,N,A,N,A,H,A,A,08,W,08,D,,,,,C,Y,N,D,1,0,0,0,22100.0,2,36.80949196,-121.67284498,4
2012,2012-03-27,1224,3,1,12,2,N,B,N,A,H,A,-,- ,S,18,E,,,,,I,Y,N,D,1,0,0,0,,1,36.59195314,-121.88625542,4
2012,2012-04-01,1323,4,1,13,7,N,A,N,A,H,A,A,01,E,03,C,,,,,C,N,N,D,1,0,0,0,22350.0,2,36.6837244,-121.79170107,4
2012,2012-04-05,1742,4,1,17,4,N,A,N,A,H,A,L,04,W,09,D,,Y,,,C,N,N,D,1,0,1,0,21804.0,2,,,4
2012,2012-04-26,1703,4,1,17,4,Y,A,N,A,H,A,-,- ,,21,D,,Y,,,G,N,N,A,1,0,1,0,22106.0,2,36.31670492,-121.24295283,3
2012,2012-04-02,645,4,1,6,1,N,B,N,A,H,B,A,01,E,08,E,,,,,I,Y,N,D,1,0,0,0,22107.0,1,36.86664706,-121.74105235,4
2012,2012-04-01,820,4,1,8,7,N,B,Y,B,H,A,A,01,S,01,C,,,,,C,Y,N,D,1,0,0,0,23152.0,2,36.72074855,-121.66025589,4
2012,2012-04-05,1655,4,1,16,4,N,A,N,A,H,A,A,01,E,05,F,,,Y,,A,Y,N,D,1,0,0,1,21460.0,2,36.46224708,-121.71058199,3
2012,2012-04-06,1402,4,1,14,5,Y,A,N,A,H,A,A,01,,21,C,,,,,C,Y,N,D,1,0,0,0,22106.0,2,36.50090499,-121.75654295,4
2012,2012-04-15,1627,4,1,16,7,N,A,N,A,H,A,-,- ,S,03,B,,,,,E,Y,N,D,1,0,0,0,22350.0,3,36.69776663,-121.79368255,3
2012,2012-04-27,955,4,1,9,5,N,A,N,A,H,A,-,- ,E,03,C,,,,,C,N,N,A,1,0,0,0,22350.0,2,36.67137574,-121.7665004,4
2012,2012-05-03,1842,5,1,18,4,Y,A,N,A,-,A,A,08,,01,D,,,,,C,Y,N,A,3,0,0,0,23152.0,2,36.19318491,-121.14437282,3
2012,2012-04-26,1119,4,1,11,4,N,B,Y,B,H,A,A,01,W,03,F,,,,,A,Y,N,A,1,0,0,0,22350.0,1,36.58995984,-121.92284468,4
2012,2012-04-21,1150,4,1,11,6,N,A,N,A,H,A,A,01,N,10,G,Y,,,,B,N,N,D,1,1,0,0,21950.0,2,36.54207235,-121.90499248,4
2012,2012-04-19,2100,4,1,21,4,N,A,Y,A,H,D,A,01,S,08,E,,,,,I,Y,N,D,1,0,0,0,22107.0,1,36.39922995,-121.90452859,3
2012,2012-04-26,555,4,1,5,4,N,B,N,B,H,A,A,01,E,09,D,,,,,C,Y,N,D,1,0,0,0,21804.0,2,36.81614816,-121.62813168,4
2012,2012-04-16,845,4,1,8,1,N,A,N,A,H,A,A,01,W,09,D,,,,,C,Y,N,D,1,0,0,0,21804.0,2,36.81875658,-121.68555079,4
2012,2012-04-22,1000,4,1,10,7,N,B,Y,A,H,A,L,04,N,03,H,,Y,,,A,N,N,D,1,0,1,0,22350.0,1,36.00977267,-121.52269511,3
2012,2012-04-25,943,4,1,9,3,N,B,Y,A,H,A,A,07,E,21,C,,,,,C,Y,N,A,1,0,0,0,22106.0,2,36.56608934,-121.91296212,4
2012,2012-04-20,600,4,1,6,5,Y,A,Y,A,H,B,A,01,,09,D,,,,,G,N,N,D,2,0,0,0,21802.0,2,36.57215849,-121.52072531,3
2012,2012-04-21,1646,4,1,16,6,N,A,Y,A,H,A,A,07,N,03,E,,,,,I,Y,N,D,3,0,0,0,22350.0,1,36.20006493,-121.1537428,3
2012,2012-04-25,1818,4,1,18,3,Y,B,N,A,H,A,-,- ,,03,C,,,,,C,N,N,D,1,0,0,0,22350.0,2,36.55514495,-121.92009297,3
2012,2012-04-21,747,4,1,7,6,Y,A,N,A,H,A,-,- ,,12,D,,,,,C,Y,N,A,1,0,0,0,21453.0,2,36.67089493,-121.64228289,3
2012,2012-05-03,1249,5,1,12,4,N,B,N,A,H,A,-,- ,S,10,G,Y,,,,B,N,F,D,1,1,0,0,21954.0,2,36.71723648,-121.64906996,3
2012,2012-04-03,1754,4,1,17,2,N,A,N,A,H,A,-,- ,S,08,A,,,,,C,Y,N,D,1,0,0,0,22107.0,2,36.68068782,-121.60529695,4