ACCIDENT_YEAR,COLLISION_DATE,COLLISION_TIME,MONTH,SEASON,24HOURS,DAY_OF_WEEK,INTERSECTION,WEATHER_1,STATE_HWY_IND,ROAD_SURFACE,ROAD_COND_1,LIGHTING,STWD_VEHTYPE_AT_FAULT,CHP_VEHTYPE_AT_FAULT,DIRECTION,PCF_VIOL_CATEGORY,TYPE_OF_COLLISION,PEDESTRIAN_ACCIDENT,BICYCLE_ACCIDENT,MOTORCYCLE_ACCIDENT,TRUCK_ACCIDENT,MVIW,TOW_AWAY,HIT_AND_RUN,CONTROL_DEVICE,NUMBER_INJURED,COUNT_PED_INJURED,COUNT_BICYCLIST_INJURED,COUNT_MC_INJURED,PCF_VIOLATION,PARTY_COUNT,POINT_Y,POINT_X,COLLISION_SEVERITY
2015,2015-11-12,1747,11,3,17,4,Y,A,N,A,H,B,-,,,09,A,,,,,C,Y,N,A,1,0,0,0,21801.0,2,36.6839301,-121.66150993,4
2015,2015-12-05,159,12,4,1,6,N,A,N,A,H,C,-,,E,01,D,,,,,C,Y,F,A,2,0,0,0,23153.0,2,36.69785057,-121.66706928,4
2015,2015-11-05,255,11,3,2,4,Y,A,N,A,H,C,-,,,03,C,,,,,C,Y,N,D,2,0,0,0,22350.0,3,36.66968009,-121.63191993,3
2015,2015-12-01,2141,12,4,21,2,N,A,N,A,H,C,-,,W,01,E,,,,,I,Y,N,D,2,0,0,0,23153.0,1,36.67113775,-121.67057365,4
2015,2015-11-13,1721,11,3,17,5,Y,A,N,A,H,B,-,,,03,C,,,,,C,Y,N,A,1,0,0,0,22350.0,2,36.70013003,-121.63451991,4
2015,2015-11-13,802,11,3,8,5,Y,A,N,A,H,A,-,,,09,D,,,,,C,Y,N,A,2,0,0,0,21801.0,2,36.69877011,-121.61603992,3
2015,2015-11-10,2231,11,3,22,2,Y,A,N,A,H,C,L,04,,12,D,,Y,,,G,,N,A,1,0,1,0,21453.0,2,36.67761001,-121.6559399,4
2015,2015-11-02,1052,11,3,10,1,Y,C,N,B,H,A,-,,,09,D,,,,,C,Y,N,D,1,0,0,0,21801.0,2,36.67761001,-121.6559399,4
2015,2015-11-13,1052,11,3,10,5,N,A,N,A,H,A,-,,E,03,D,,,,,C,Y,N,D,3,0,0,0,22350.0,2,36.67669295,-121.63309235,4
2015,2015-11-13,1556,11,3,15,5,N,A,N,A,H,A,-,,N,03,C,,,,,C,N,N,A,1,0,0,0,22350.0,2,36.69941772,-121.65204891,4
2015,2015-11-22,1129,11,3,11,7,N,A,N,A,H,A,-,,S,07,E,,,,,I,Y,N,D,1,0,0,0,21658.0,2,36.69220369,-121.64348421,4
2015,2015-11-02,1317,11,3,13,1,N,A,N,A,H,A,-,,N,04,C,,,,,C,N,N,A,1,0,0,0,21703.0,3,36.69645933,-121.63799031,4
2015,2015-11-19,1652,11,3,16,4,N,A,N,A,H,B,-,,W,09,B,,,,,C,Y,N,D,1,0,0,0,21804.0,2,36.69911561,-121.65355325,4
2015,2015-11-28,629,11,3,6,6,N,A,N,A,H,A,-,,N,01,E,,,,,J,Y,N,D,2,0,0,0,23153.0,1,36.69018684,-121.67010708,4
2015,2015-12-09,1718,12,4,17,3,N,A,N,A,H,C,A,01,N,03,C,,,Y,,C,Y,N,D,1,0,0,1,22350.0,3,36.60935258,-121.89690775,3
2015,2015-11-26,1151,11,3,11,4,N,A,Y,A,H,A,A,01,W,03,C,,,,,C,N,N,D,1,0,0,0,22350.0,2,36.58348841,-121.85566119,4
2015,2015-11-28,1512,11,3,15,6,N,A,N,A,H,A,-,- ,W,- ,D,,Y,,,G,N,N,D,1,0,1,0,,2,36.6158284,-121.90060726,4
2015,2015-12-07,1108,12,4,11,1,N,A,N,A,H,A,D,22,W,06,D,,,,Y,C,N,N,D,2,0,0,0,21755.0,2,36.69452226,-121.79934986,3
2016,2016-01-01,1630,1,4,16,5,N,A,N,A,H,A,C,02,S,03,F,,,Y,,J,N,N,D,1,0,0,1,22350.0,1,36.68342157,-121.79213016,3
2015,2015-12-03,1443,12,4,14,4,N,B,N,B,H,A,A,01,N,08,G,Y,,,,B,N,F,D,1,1,0,0,22107.0,2,36.60492854,-121.83332823,3
2016,2016-01-05,1447,1,4,14,2,N,B,N,B,H,A,-,- ,S,18,C,,,,Y,E,Y,N,D,2,0,0,0,,2,36.68327,-121.80386,3
2016,2016-01-09,231,1,4,2,6,N,C,N,B,H,C,A,01,N,03,E,,,,,I,N,N,D,1,0,0,0,22350.0,1,36.66508921,-121.80930201,4
2016,2016-01-05,1333,1,4,13,2,N,B,N,A,H,A,A,01,W,- ,G,Y,,,,B,Y,N,A,1,1,0,0,,2,36.42778599,-121.32833007,3
2016,2016-01-24,720,1,4,7,7,Y,A,N,A,H,A,A,01,,12,D,,,,,C,N,N,A,1,0,0,0,22450.0,2,36.42481005,-121.32340993,4
2016,2016-01-30,2058,1,4,20,6,N,B,N,A,H,C,A,01,W,04,C,,,,,C,N,N,D,1,0,0,0,21703.0,2,36.42034008,-121.32273999,4
2015,2015-12-07,1706,12,4,17,1,Y,A,N,A,H,C,A,07,,09,D,,Y,,,G,N,N,A,1,0,1,0,21802.0,2,36.42542002,-121.32434998,4
2015,2015-12-12,1729,12,4,17,6,N,A,N,A,H,C,A,01,N,03,G,Y,,,,-,N,N,A,1,1,0,0,22350.0,2,36.42803302,-121.32837543,4
2015,2015-12-12,1505,12,4,15,6,Y,A,N,A,H,A,C,02,,12,C,,,Y,,C,N,N,D,1,0,0,0,22450.0,2,36.43025012,-121.3292,3
2016,2016-01-25,1548,1,4,15,1,N,A,N,A,H,A,A,01,W,03,C,,,,,C,N,F,A,3,0,0,0,22350.0,2,36.68490831,-121.79411694,4
2015,2015-12-31,2137,12,4,21,4,Y,A,Y,A,H,C,-,- ,,07,B,,,,,C,N,N,A,1,0,0,0,21658.0,2,36.62604696,-121.83936199,3
2015,2015-12-30,1150,12,4,11,3,Y,A,N,A,H,A,-,,,21,C,,,,,C,N,N,A,1,0,0,0,22106.0,2,36.60712004,-121.85543986,4
2015,2015-12-31,930,12,4,9,4,Y,A,N,A,H,A,-,,,12,D,,Y,,,G,N,N,A,1,0,1,0,22450.0,2,36.60897001,-121.83395996,4
2015,2015-12-27,240,12,4,2,7,N,A,N,A,H,C,A,01,S,01,F,,,,,J,Y,N,D,1,0,0,0,23152.0,1,,,4
2015,2015-12-26,1735,12,4,17,6,Y,A,N,A,H,C,A,01,,08,B,,,,,I,Y,N,D,2,0,0,0,22107.0,1,36.67212787,-121.66708231,3
2015,2015-12-24,1040,12,4,10,4,N,B,N,B,H,A,D,22,W,03,C,,,,,C,Y,N,A,2,0,0,0,22350.0,2,36.67068092,-121.64270677,4
2015,2015-10-25,735,10,3,7,7,Y,B,Y,A,H,A,-,,,09,D,,,,,C,Y,N,D,2,0,0,0,21802.0,2,36.68330389,-121.67092699,3
2015,2015-12-21,1731,12,4,17,1,N,C,N,B,H,C,-,,W,03,C,,,,,C,N,M,D,1,0,0,0,22350.0,2,36.70598698,-121.65606699,4
2015,2015-12-03,1300,12,4,13,4,N,C,N,B,H,A,-,,S,03,C,,,,,C,Y,N,A,2,0,0,0,22350.0,2,36.70397254,-121.66693122,4
2015,2015-12-14,808,12,4,8,1,N,A,N,A,H,A,-,,E,03,G,Y,,,,B,N,N,D,2,2,0,0,22350.0,3,36.68016549,-121.62313934,3
2015,2015-12-29,1512,12,4,15,2,N,A,Y,A,H,A,A,01,E,01,D,,,,,C,Y,N,D,2,0,0,0,23152.0,2,36.5859533,-121.91866444,4
2015,2015-12-01,1721,12,4,17,2,N,A,N,A,H,C,A,01,S,03,C,,,,,C,N,N,-,2,0,0,0,22350.0,3,36.69353726,-121.64170355,4
2015,2015-12-08,853,12,4,8,2,N,A,N,A,H,A,-,,E,09,D,,,,,C,N,N,D,1,0,0,0,21801.0,2,36.67103253,-121.65460595,4
2015,2015-12-29,1006,12,4,10,2,Y,A,N,A,H,A,-,,,12,D,,,,,D,Y,N,A,1,0,0,0,21453.0,2,36.69607005,-121.66875995,4
2015,2015-12-31,1820,12,4,18,4,N,A,N,A,H,C,-,,W,01,C,,,,,C,Y,N,A,1,0,0,0,23152.0,3,36.67655352,-121.63175383,3
2015,2015-12-27,1003,12,4,10,7,Y,A,N,A,H,A,-,,,10,G,Y,,,,B,N,N,A,1,1,0,0,21950.0,2,36.67362002,-121.65602994,3
2015,2015-12-18,537,12,4,5,5,Y,A,N,A,H,C,-,- ,,00,D,,,,,C,N,M,A,1,0,0,0,,2,36.70041011,-121.62147999,4
2015,2015-12-08,1501,12,4,15,2,N,A,N,A,H,A,-,,N,07,D,,,,,C,N,N,D,1,0,0,0,21658.0,3,36.68128617,-121.65394931,4
2015,2015-12-10,1924,12,4,19,4,Y,C,N,B,H,C,-,,,09,A,,,,,C,N,N,A,2,0,0,0,21801.0,2,36.66946003,-121.67269989,3
2015,2015-12-08,1208,12,4,12,2,Y,A,N,A,H,A,-,,,03,A,,,,,I,Y,M,D,1,0,0,0,22350.0,1,36.68633001,-121.62309998,4
2015,2015-12-09,1311,12,4,13,3,N,A,N,A,H,A,-,,S,03,C,,,,,C,Y,N,A,1,0,0,0,22350.0,2,36.73153078,-121.65626887,3
2015,2015-12-02,1738,12,4,17,3,Y,A,N,A,H,C,-,,,09,-,,,,,C,Y,N,A,3,0,0,0,21801.0,2,36.69213004,-121.60134986,2
2015,2015-12-19,1741,12,4,17,6,N,B,N,A,H,B,-,,W,07,B,,,,,C,Y,N,D,1,0,0,0,21658.0,2,36.69138428,-121.62854799,3
2015,2015-12-30,2035,12,4,20,3,N,A,N,A,H,D,-,,S,03,C,,,,,E,Y,F,D,1,0,0,0,22350.0,2,36.6797859,-121.66215205,4
2015,2015-12-18,1058,12,4,10,5,Y,A,N,A,H,A,-,,,03,C,,,,,C,Y,N,A,4,0,0,0,22350.0,2,36.68429007,-121.65282993,3
2015,2015-12-24,1858,12,4,18,4,Y,B,N,B,H,C,-,,,09,A,,,,,C,Y,N,A,1,0,0,0,21801.0,2,36.67370002,-121.63539987,4
2015,2015-12-15,728,12,4,7,2,N,A,N,A,H,A,-,,N,09,D,,,,,C,Y,N,D,1,0,0,0,21801.0,2,36.69145338,-121.64641437,4
2015,2015-12-30,1419,12,4,14,3,Y,A,N,A,H,A,-,,,09,C,,,,,C,N,N,A,1,0,0,0,21453.0,2,36.69801009,-121.66245999,4
2015,2015-12-20,1752,12,4,17,7,Y,A,N,A,H,C,-,,,09,D,,,,,C,Y,N,D,1,0,0,0,21801.0,2,36.7067901,-121.64404986,4
2015,2015-12-13,2211,12,4,22,7,N,B,N,B,H,C,-,,W,01,A,,,,,C,Y,N,D,2,0,0,0,23152.0,2,36.70741214,-121.60375533,2
2015,2015-11-10,1749,11,3,17,2,N,A,N,A,H,C,-,,N,21,B,,,,,C,Y,N,A,1,0,0,0,22106.0,2,36.64485747,-121.61215222,4
2015,2015-11-23,1839,11,3,18,1,N,A,N,A,H,C,-,- ,N,04,C,,,,,C,N,N,A,1,0,0,0,21703.0,2,36.68130405,-121.60411982,4
2015,2015-11-11,1928,11,3,19,3,N,A,N,A,H,C,-,,E,08,E,,,,,I,Y,N,D,1,0,0,0,22107.0,1,36.70034646,-121.61968874,4
2015,2015-11-20,1053,11,3,10,5,Y,A,N,A,H,A,-,,,12,B,,,,,C,N,N,D,1,0,0,0,21453.0,2,36.6766401,-121.65755997,4
2015,2015-12-01,1624,12,4,16,2,N,A,N,A,H,A,-,,S,01,C,,,,,C,Y,F,A,1,0,0,0,23153.0,2,36.69866317,-121.65170664,4
2015,2015-11-15,1749,11,3,17,7,Y,A,Y,A,H,C,-,,,10,G,Y,,,,B,N,N,A,1,1,0,0,21950.0,2,36.68141847,-121.66612163,4
2016,2016-01-27,933,1,4,9,3,N,A,N,A,H,A,-,,S,07,B,,,,,C,Y,N,A,1,0,0,0,21658.0,2,36.68545415,-121.59698044,4
2016,2016-01-25,852,1,4,8,1,N,A,N,B,H,A,-,,N,03,C,,,,,C,N,N,A,1,0,0,0,22350.0,3,36.67675345,-121.62692062,4
2016,2016-01-17,1456,1,4,14,7,Y,A,N,A,H,A,-,,,07,C,,,,,C,N,N,D,1,0,0,0,21658.0,2,36.67305009,-121.62899989,4
2016,2016-01-25,1821,1,4,18,1,N,A,N,A,H,C,-,,S,03,C,,,,,C,N,F,D,1,0,0,0,22350.0,2,36.69797242,-121.64580791,4
2016,2016-01-30,305,1,4,3,6,N,C,N,B,H,C,-,,S,08,B,,,,,E,Y,N,D,1,0,0,0,22107.0,5,36.68615787,-121.61242878,3
2016,2016-01-25,1801,1,4,18,1,N,A,N,A,H,C,-,,W,03,C,,,,,C,Y,N,A,2,0,0,0,22350.0,2,36.7171932,-121.64449927,3
2016,2016-01-11,1912,1,4,19,1,Y,A,N,A,H,C,-,,,03,B,,,,,C,Y,N,A,1,0,0,0,22350.0,2,36.70787004,-121.65366994,4
2016,2016-01-25,800,1,4,8,1,N,A,N,A,H,A,A,01,E,03,C,,,,,C,Y,N,D,2,0,0,0,22350.0,2,36.71439384,-121.61497352,4
2016,2016-01-23,1918,1,4,19,6,Y,A,N,A,H,C,-,,,12,D,,,,,C,Y,N,A,1,0,0,0,21453.0,2,36.6746401,-121.64915999,4
2016,2016-01-27,1827,1,4,18,3,N,A,N,A,H,C,A,01,S,09,D,,,,,C,Y,N,D,1,0,0,0,21804.0,2,36.71301855,-121.65447751,4
2016,2016-01-21,1428,1,4,14,4,Y,A,N,A,H,A,-,,,09,A,,,,,C,Y,N,A,1,0,0,0,21801.0,2,36.68866008,-121.61081992,4
2016,2016-01-07,2232,1,4,22,4,N,A,N,A,H,C,-,,W,08,-,,,,,C,Y,N,A,2,0,0,0,22102.0,2,36.6579421,-121.60980835,2
2015,2015-01-06,1644,1,4,16,2,N,C,N,B,H,B,-,,N,03,-,,,,,C,Y,N,A,1,0,0,0,22350.0,3,36.68237577,-121.65354024,4
2016,2016-01-15,1711,1,4,17,5,N,B,N,A,H,B,-,,E,09,D,,,,,C,Y,N,D,2,0,0,0,21804.0,2,36.69678406,-121.64032372,4
2016,2016-01-11,919,1,4,9,1,N,B,N,A,H,A,-,,E,03,C,,,,,C,N,N,A,1,0,0,0,22350.0,2,36.69929709,-121.6515561,4
2016,2016-01-05,659,1,4,6,2,N,C,N,B,H,B,N,60,S,12,G,Y,,,,B,N,N,A,1,1,0,0,21453.0,2,36.67277645,-121.64873723,3
2016,2016-01-21,826,1,4,8,4,Y,A,N,A,H,A,-,,,09,D,,,,,C,N,F,D,1,0,0,0,21801.0,2,36.67411003,-121.63951989,3
2016,2016-01-17,1801,1,4,18,7,Y,B,N,A,H,C,-,,,01,C,,,,,C,Y,N,A,1,0,0,0,23152.0,2,36.67887007,-121.64636998,4
2016,2016-01-09,1349,1,4,13,6,N,B,N,A,H,A,-,,E,09,-,,,,,C,N,N,D,1,0,0,0,21804.0,2,36.71874554,-121.65001073,3
2016,2016-01-09,1925,1,4,19,6,N,B,N,A,H,D,A,01,W,03,A,,,,,I,N,M,D,1,0,0,0,22350.0,1,36.68757254,-121.5933395,4
2016,2016-01-21,318,1,4,3,4,N,A,N,A,H,C,A,01,W,01,A,,,,,I,Y,N,A,1,0,0,0,23152.0,1,36.67762756,-121.77957395,4
2016,2016-01-20,722,1,4,7,3,N,B,N,B,H,D,A,07,S,03,E,,,,,I,N,N,D,2,0,0,0,22350.0,1,36.68691867,-121.79176364,4
2016,2016-01-14,1740,1,4,17,4,N,A,N,A,H,C,A,01,W,03,C,,,,,C,Y,N,A,1,0,0,0,22350.0,3,36.67065757,-121.76432555,4
2016,2016-01-02,1900,1,4,19,6,N,B,N,A,H,C,D,22,E,08,B,,,,,C,Y,M,D,1,0,0,0,22107.0,3,36.42598701,-121.32510299,3
2016,2016-01-01,626,1,4,6,5,N,A,N,A,H,C,A,01,,03,C,,,,,E,N,M,A,1,0,0,0,22350.0,3,36.44231008,-121.32293985,3
2015,2015-12-30,608,12,4,6,3,Y,A,N,A,H,C,D,22,,10,G,Y,,,,B,N,N,A,1,1,0,0,21950.0,2,36.43025012,-121.3292,4
2016,2016-02-13,1600,2,4,16,6,N,A,N,A,H,A,I,09,W,03,C,,,,,C,N,N,D,3,0,0,0,22350.0,2,36.6178023,-121.90234464,4
2016,2016-02-13,2308,2,4,23,6,Y,A,N,A,H,C,A,01,,03,F,,,,,I,N,N,D,1,0,0,0,22350.0,1,36.60066,-121.8923415,3
2016,2016-02-06,1316,2,4,13,6,N,A,Y,A,H,A,A,01,W,03,C,,,,,C,Y,N,A,1,0,0,0,22350.0,2,36.58382144,-121.8513917,4
2016,2016-01-07,1545,1,4,15,4,N,B,N,-,H,A,D,22,S,08,B,,,,,E,Y,N,D,1,0,0,0,22107.0,2,36.590355,-121.89740342,4
2016,2016-01-13,1759,1,4,17,3,N,B,N,-,H,C,A,01,S,03,C,,,,,C,Y,N,A,1,0,0,0,22350.0,2,36.58492468,-121.90081537,4
2016,2016-02-05,1843,2,4,18,5,N,A,N,A,H,C,I,20,E,01,C,,,,,C,Y,N,A,1,0,0,0,23153.0,2,36.59985595,-121.87873016,4
2016,2016-01-23,1057,1,4,10,6,Y,A,Y,A,H,A,D,22,,10,G,,Y,,,G,N,N,-,1,0,1,0,21950.0,2,36.5954684,-121.86809692,4
2016,2016-01-31,1925,1,4,19,7,N,A,N,A,H,C,A,01,W,03,C,,,,,C,Y,F,D,1,0,0,0,22350.0,2,36.61062956,-121.91007108,4
2016,2016-01-26,1508,1,4,15,2,Y,A,N,A,H,A,A,01,,03,C,,,,,C,N,N,A,2,0,0,0,22350.0,2,36.59767004,-121.8532299,4
2015,2015-12-23,245,12,4,2,3,Y,B,N,A,H,C,A,01,,00,A,,,,,I,Y,M,D,1,0,0,0,20002.0,2,36.43572004,-121.31963992,2
2015,2015-12-20,1840,12,4,18,7,N,A,N,A,H,C,D,22,,00,G,Y,,,,B,N,M,D,1,1,0,0,20001.0,2,36.32598462,-121.24998621,4
2015,2015-12-11,1759,12,4,17,5,Y,A,N,A,H,B,D,22,,00,B,,,,,C,N,N,D,1,0,0,0,20001.0,2,36.31959006,-121.2376399,4
2015,2015-05-12,748,5,1,7,2,Y,B,Y,A,H,A,J,48,,09,A,,,,,C,Y,N,D,2,0,0,0,21804.0,2,36.59429886,-121.83697702,3
2015,2015-06-03,1324,6,2,13,3,N,B,N,A,H,A,L,04,W,12,B,,Y,,,G,N,N,A,1,0,1,0,22450.0,2,36.69088839,-121.64627952,3
2015,2015-06-04,1400,6,2,14,4,Y,A,N,A,H,A,A,01,,03,A,,,,,I,Y,N,D,3,0,0,0,22350.0,1,36.62847,-121.9268115,3
2015,2015-05-26,1639,5,1,16,2,N,A,Y,A,H,A,A,01,W,03,C,,,,,C,Y,N,A,2,0,0,0,22350.0,2,36.61525803,-121.9316951,4
2015,2015-07-04,1800,7,2,18,6,Y,A,N,A,H,A,A,01,,09,D,,,,,C,N,N,A,1,0,0,0,21803.0,2,36.61690006,-121.90608997,4
2015,2015-10-09,1321,10,3,13,5,N,A,Y,A,H,A,A,01,S,03,C,,,,,C,N,N,A,2,0,0,0,22350.0,2,36.60116511,-121.92637886,4
2015,2015-12-15,1142,12,4,11,2,N,A,N,A,H,A,A,01,N,09,D,,,,,C,Y,N,D,2,0,0,0,21802.0,2,36.61972638,-121.92196426,3
2015,2015-12-06,1810,12,4,18,7,Y,A,N,A,H,C,L,04,,12,D,,Y,,,G,N,N,A,1,0,1,0,22450.0,2,36.61690006,-121.90608997,4
2015,2015-08-06,1200,8,2,12,4,Y,A,N,A,H,A,L,04,,03,B,,Y,,,G,N,N,D,1,0,1,0,22350.0,2,36.62012006,-121.91563992,3
2015,2015-08-20,1343,8,2,13,4,Y,A,N,A,H,A,L,04,,03,D,,Y,,,G,N,N,D,1,0,1,0,22350.0,2,36.61612,-121.93602986,4
2015,2015-12-30,1412,12,4,14,3,N,A,N,A,H,A,A,07,N,03,C,,,,,C,Y,N,A,1,0,0,0,22350.0,2,36.61514184,-121.92040739,3
2015,2015-12-23,1557,12,4,15,3,N,A,N,A,H,A,-,- ,S,18,C,,,,,C,Y,N,A,2,0,0,0,,2,36.61505136,-121.92044779,3
2015,2015-09-07,1437,9,3,14,1,Y,A,N,A,H,A,A,01,,03,C,,,,,C,N,N,D,1,0,0,0,22350.0,2,36.62109005,-121.91782986,4
2015,2015-11-24,1410,11,3,14,2,N,A,Y,A,H,A,A,07,S,09,D,,,,,C,Y,N,D,2,0,0,0,21804.0,2,36.60851162,-121.92258,3
2015,2015-06-28,2251,6,2,22,7,N,A,N,A,H,C,A,01,W,07,C,,,,,E,N,N,D,1,0,0,0,21658.0,3,36.62502689,-121.92604995,4
2015,2015-09-14,1710,9,3,17,1,Y,A,N,A,H,A,A,01,,09,D,,,,,C,N,N,A,1,0,0,0,21802.0,2,36.61695009,-121.91963997,4
2015,2015-09-18,1414,9,3,14,5,Y,A,N,A,H,A,A,01,,09,D,,,,,C,Y,N,D,2,0,0,0,21802.0,2,36.61928001,-121.92031994,4
2015,2015-04-26,540,4,1,5,7,Y,A,N,A,H,B,A,01,,09,D,,,,,C,Y,N,D,1,0,0,0,21802.0,2,36.62170003,-121.91926999,4
2015,2015-06-01,1451,6,2,14,1,N,A,Y,A,H,A,D,22,N,07,D,,,Y,,C,Y,N,D,1,0,0,1,21658.0,2,36.61095262,-121.92328412,4
2015,2015-07-01,701,7,2,7,3,N,A,N,A,H,A,D,22,E,05,A,,,,,I,Y,N,D,1,0,0,0,21650.0,1,36.63244972,-121.92293027,4
2015,2015-07-18,1020,7,2,10,6,N,A,N,A,H,A,A,01,N,08,C,,Y,,,C,N,N,D,1,0,1,0,22107.0,3,36.61612261,-121.93599607,3
2015,2015-06-23,1930,6,2,19,2,N,A,N,A,H,A,A,07,S,03,D,,,,,C,Y,N,D,2,0,0,0,22350.0,2,36.61741543,-121.90506632,4
2015,2015-12-20,231,12,4,2,7,N,A,N,A,H,C,-,,E,08,E,,,,,I,Y,M,A,1,0,0,0,22107.0,1,36.6974659,-121.60579815,4
2015,2015-12-21,1727,12,4,17,1,Y,C,N,B,H,C,-,,,10,G,Y,,,,B,N,F,D,1,1,0,0,21950.0,2,36.70570007,-121.65324988,3
2015,2015-12-22,1803,12,4,18,2,Y,A,N,A,H,C,-,,,00,G,Y,,,,B,N,N,D,1,1,0,0,21590.0,2,36.707409,-121.618701,3
2016,2016-01-27,1613,1,4,16,3,N,A,N,A,H,A,D,22,N,03,C,,,,,C,N,N,D,2,0,0,0,22350.0,2,36.61273457,-121.90101035,4
2015,2015-10-27,1558,10,3,15,2,Y,A,N,A,H,A,A,01,,12,A,,,,,I,Y,N,A,1,0,0,0,22450.0,1,36.71072011,-121.6359899,3
2015,2015-10-17,1551,10,3,15,6,Y,A,N,A,H,A,L,04,,05,D,,Y,,,G,N,N,A,1,0,1,0,21650.0,2,36.67396007,-121.65368991,4
2016,2016-01-30,811,1,4,8,6,N,B,N,B,H,A,-,,E,03,A,,,,,C,Y,N,D,1,0,0,0,22350.0,2,36.69851499,-121.61250044,3
2016,2016-01-29,1748,1,4,17,5,Y,B,N,A,H,C,-,,,12,D,,,,,C,Y,N,A,1,0,0,0,21453.0,2,36.67181007,-121.65565992,4
2016,2016-01-13,912,1,4,9,3,Y,B,Y,B,H,A,-,,,09,D,,,,,C,Y,N,D,1,0,0,0,21802.0,2,36.65382436,-121.6607473,4
2016,2016-01-02,1242,1,4,12,6,Y,B,Y,A,H,A,-,,,12,D,,,,,C,Y,N,A,1,0,0,0,21453.0,2,36.66791901,-121.65591623,4
2016,2016-10-25,1046,10,3,10,2,Y,A,N,A,H,A,-,,,12,G,Y,,,,B,Y,F,A,1,0,0,0,21453.0,2,36.71329001,-121.65452995,1
2016,2016-03-26,427,3,1,4,6,N,A,N,A,H,C,N,60,E,11,G,Y,,,,B,N,F,A,0,0,0,0,21954.0,2,36.67733423,-121.63959034,1
2016,2016-01-21,1916,1,4,19,4,Y,A,N,A,H,C,-,,,01,E,,,,,I,Y,N,A,0,0,0,0,23152.0,1,36.69449011,-121.63230994,1
2015,2015-12-17,830,12,4,8,4,Y,A,N,A,H,A,-,,,04,C,,,,,C,N,M,A,1,0,0,0,21703.0,2,36.70723008,-121.64585,4
2015,2015-12-11,2306,12,4,23,5,Y,A,N,A,H,C,-,,,09,D,,,,,C,N,M,A,1,0,0,0,21802.0,2,36.68249004,-121.61185997,4
2016,2016-01-11,42,1,4,0,1,N,B,N,B,H,D,L,04,N,14,-,,Y,,,-,N,N,D,1,0,1,0,21201.0,1,36.60257528,-121.85794757,3
2016,2016-01-05,1146,1,4,11,2,N,C,N,B,H,A,A,07,W,03,C,,,,,C,Y,N,A,2,0,0,0,22350.0,3,36.59290066,-121.89382784,4
2016,2016-01-14,1355,1,4,13,4,Y,B,N,A,H,A,A,01,,12,D,,,,,C,Y,N,A,2,0,0,0,22450.0,2,36.61297002,-121.89997992,4
2016,2016-02-14,1812,2,4,18,7,N,A,N,A,H,C,A,01,W,03,C,,,,,C,N,N,A,1,0,0,0,22350.0,2,36.66803875,-121.80944098,4
2016,2016-02-09,1613,2,4,16,2,Y,A,N,A,H,A,-,- ,,00,G,Y,,,,B,N,N,A,1,1,0,0,,2,36.67143003,-121.76659991,4
2014,2014-09-02,1725,9,3,17,2,N,B,Y,A,H,A,L,04,E,06,B,,Y,,,G,N,N,D,1,0,1,0,21755.0,2,36.59836688,-121.850205,3
2014,2014-10-23,802,10,3,8,4,N,A,Y,A,H,A,A,01,W,08,A,,,,,C,Y,N,A,1,0,0,0,22107.0,2,,,4
2014,2014-05-16,1757,5,1,17,5,Y,A,Y,A,H,A,A,01,,03,C,,,,,C,N,N,D,1,0,0,0,22350.0,2,36.59681249,-121.84791291,4
2014,2014-10-14,1244,10,3,12,2,Y,A,N,A,H,A,A,07,,21,G,Y,,,,B,N,N,D,1,1,0,0,22106.0,2,36.59258001,-121.83552993,4
2014,2014-06-23,1708,6,2,17,1,Y,A,Y,A,H,A,A,01,,03,C,,,,,C,Y,N,D,1,0,0,0,22350.0,2,36.59465555,-121.83771544,4
2014,2014-05-03,1839,5,1,18,6,N,A,Y,A,H,A,-,,E,06,D,,,,,C,Y,N,D,1,0,0,0,21755.0,2,,,2
2014,2014-04-28,1655,4,1,16,1,Y,A,Y,A,H,A,A,01,,03,C,,,,,C,Y,N,D,1,0,0,0,22350.0,2,36.59545983,-121.84150311,4
2014,2014-07-31,1741,7,2,17,4,Y,A,Y,A,H,A,A,01,,01,A,,,,,C,Y,N,D,1,0,0,0,23153.0,2,36.59681188,-121.84791327,4
2014,2014-10-15,718,10,3,7,3,N,B,N,B,H,A,A,01,N,03,C,,,,,C,Y,N,A,1,0,0,0,22350.0,2,36.59382775,-121.83105648,4
2014,2014-03-22,1734,3,1,17,6,N,A,N,A,H,A,-,,E,08,F,,,,,I,Y,N,D,1,0,0,0,22107.0,1,36.5908171,-121.82693124,3
2016,2016-02-06,2137,2,4,21,6,Y,A,N,A,H,C,A,01,,12,D,,,,,C,Y,N,A,5,0,0,0,21453.0,2,36.59929007,-121.89019994,3
2016,2016-02-21,1110,2,4,11,7,Y,A,N,A,H,A,L,04,,09,D,,Y,,,G,N,N,A,1,0,1,0,21804.0,2,36.61234571,-121.89832615,3
2015,2015-02-02,1448,2,4,14,1,Y,A,N,A,H,A,-,,,10,G,Y,,,,B,N,N,D,1,1,0,0,21952.0,2,36.59888143,-121.85081742,3
2016,2016-02-11,1925,2,4,19,4,N,A,N,A,H,C,C,02,S,08,E,,,Y,,I,Y,N,D,1,0,0,1,22107.0,1,36.60838401,-121.89905316,3
2015,2015-01-14,1138,1,4,11,3,Y,A,Y,A,H,A,-,,,03,C,,,,,C,N,N,D,1,0,0,0,22350.0,2,36.59595517,-121.84616671,4
2015,2015-07-19,1241,7,2,12,7,Y,A,Y,A,H,A,A,01,,03,C,,,,,C,Y,N,A,1,0,0,0,22350.0,2,36.59890581,-121.85079106,4