ACCIDENT_YEAR,COLLISION_DATE,COLLISION_TIME,MONTH,SEASON,24HOURS,DAY_OF_WEEK,INTERSECTION,WEATHER_1,STATE_HWY_IND,ROAD_SURFACE,ROAD_COND_1,LIGHTING,STWD_VEHTYPE_AT_FAULT,CHP_VEHTYPE_AT_FAULT,DIRECTION,PCF_VIOL_CATEGORY,TYPE_OF_COLLISION,PEDESTRIAN_ACCIDENT,BICYCLE_ACCIDENT,MOTORCYCLE_ACCIDENT,TRUCK_ACCIDENT,MVIW,TOW_AWAY,HIT_AND_RUN,CONTROL_DEVICE,NUMBER_INJURED,COUNT_PED_INJURED,COUNT_BICYCLIST_INJURED,COUNT_MC_INJURED,PCF_VIOLATION,PARTY_COUNT,POINT_Y,POINT_X,COLLISION_SEVERITY
2015,2015-07-14,1258,7,2,12,2,N,A,Y,A,H,A,L,04,W,08,D,,Y,,,G,N,N,D,1,0,1,0,22107.0,2,36.58163716,-121.82987523,4
2015,2015-08-11,548,8,2,5,2,Y,F,Y,B,H,B,-,- ,,00,D,,,,,C,Y,N,A,2,0,0,0,,2,36.59157583,-121.83316358,4
2016,2016-02-16,1527,2,4,15,2,N,A,N,A,H,A,-,- ,S,00,G,Y,,,,B,N,N,D,1,1,0,0,,2,36.43965722,-121.33001176,4
2016,2016-02-24,1301,2,4,13,3,Y,A,N,A,H,A,-,,,08,H,,,Y,,C,N,N,A,1,0,0,1,22107.0,2,36.42378007,-121.32444995,2
2016,2016-02-01,1328,2,4,13,1,Y,A,N,A,H,A,A,01,,21,G,Y,,,,B,N,N,D,1,1,0,0,22106.0,2,36.41780002,-121.31964988,4
2016,2016-02-19,1223,2,4,12,5,Y,A,N,A,H,A,A,01,,12,D,,,,,C,Y,N,A,1,0,0,0,21453.0,2,36.61628003,-121.90279996,4
2016,2016-02-14,929,2,4,9,7,N,A,N,A,H,A,A,01,W,08,D,,,,,C,Y,N,A,1,0,0,0,22101.0,2,36.59562,-121.89308,4
2016,2016-02-14,1641,2,4,16,7,N,A,N,A,H,A,A,07,N,09,D,,,,,C,Y,N,D,1,0,0,0,21802.0,2,36.59471411,-121.88230678,4
2016,2016-01-12,1546,1,4,15,2,N,A,N,A,H,A,D,22,N,03,C,,,,,C,N,N,A,1,0,0,0,22350.0,2,36.60778123,-121.8555934,4
2016,2016-01-26,1700,1,4,17,2,Y,A,N,A,H,A,-,- ,,- ,-,,Y,,,G,N,N,A,1,0,1,0,,2,36.61087005,-121.84462987,4
2016,2016-02-17,1457,2,4,14,3,Y,A,N,A,H,A,N,60,,11,G,Y,,,,B,N,N,D,1,1,0,0,21950.0,2,36.42761007,-121.32111997,4
2016,2016-01-27,1820,1,4,18,3,Y,A,N,A,H,C,N,60,,11,G,Y,,,,B,Y,N,A,0,0,0,0,21950.0,2,36.61885011,-121.91879995,1
2016,2016-01-09,2242,1,4,22,6,Y,A,N,A,E,C,O,05,,01,A,,,Y,,A,N,N,D,1,0,0,1,23152.0,2,36.60464004,-121.84038,1
2016,2016-01-14,1627,1,4,16,4,Y,A,N,A,C,A,C,02,,03,D,,,Y,,C,Y,N,D,0,0,0,0,22350.0,2,36.59943011,-121.83199993,1
2017,2017-01-20,606,1,4,6,5,N,C,N,B,C,D,A,07,N,03,E,,,,,J,Y,N,D,0,0,0,0,22350.0,1,36.58972854,-121.91761928,1
2017,2017-01-30,131,1,4,1,1,N,A,N,A,H,C,A,01,E,03,E,,,,,I,Y,N,D,0,0,0,0,22350.0,1,36.71012472,-121.6055832,1
2017,2017-03-05,2307,3,1,23,7,N,B,N,B,H,D,A,07,W,00,E,,,,,I,Y,N,D,0,0,0,0,22360.0,1,36.66139903,-121.66939297,1
2017,2017-03-23,238,3,1,2,4,N,A,N,A,H,C,-,- ,N,01,G,Y,,,,B,Y,F,D,1,1,0,0,23152.0,3,36.66897546,-121.64060757,1
2017,2017-05-20,1856,5,1,18,6,N,A,Y,A,H,B,N,60,N,11,G,Y,,,,B,Y,F,D,0,0,0,0,21954.0,2,36.67885979,-121.654968,1
2017,2017-05-29,2048,5,1,20,1,N,A,N,A,H,B,N,60,W,11,G,Y,,,,B,N,F,D,0,0,0,0,21954.0,2,36.65702542,-121.66359545,1
2016,2016-01-22,3,1,4,0,5,Y,A,N,A,H,C,A,01,,11,G,Y,,,,B,N,F,A,1,1,0,0,21954.0,2,36.60019011,-121.89580997,3
2016,2016-02-24,1638,2,4,16,3,Y,A,N,A,H,A,C,02,,05,D,,,Y,,C,N,N,D,1,0,0,1,21460.0,2,36.58394003,-121.82922997,4
2016,2016-01-26,1407,1,4,14,2,N,A,N,A,H,A,A,01,,07,C,,,Y,,E,Y,N,D,2,0,0,0,21658.0,3,36.313812,-121.255938,4
2016,2016-01-28,805,1,4,8,4,N,A,N,A,H,A,A,01,,03,-,,,,,C,Y,N,A,2,0,0,0,22350.0,3,36.61400011,-121.84302,4
2015,2015-07-28,1443,7,2,14,2,N,A,N,A,H,A,-,- ,N,18,H,,,Y,,H,N,N,D,1,0,0,1,,1,36.61600736,-121.93444609,3
2015,2015-07-24,950,7,2,9,5,Y,A,Y,A,H,A,D,23,,03,C,,,,,C,Y,N,D,1,0,0,0,22350.0,2,36.60739603,-121.92231297,4
2016,2016-02-02,918,2,4,9,2,N,B,N,B,H,A,A,07,W,04,C,,,,,C,N,N,D,1,0,0,0,21703.0,2,36.66877546,-121.81092457,4
2016,2016-01-25,2339,1,4,23,1,Y,A,N,A,H,C,A,01,,08,E,,,,,I,Y,N,D,1,0,0,0,22107.0,1,36.61665006,-121.82810991,3
2016,2016-01-23,302,1,4,3,6,N,B,N,B,H,C,A,07,E,01,F,,,,,I,Y,N,D,1,0,0,0,23152.0,1,36.61457598,-121.82362718,4
2016,2016-01-04,948,1,4,9,1,N,B,N,B,H,A,A,08,S,- ,G,,Y,,,G,N,N,D,1,0,1,0,,2,36.60106685,-121.84953621,4
2016,2016-01-01,1645,1,4,16,5,Y,A,N,A,H,A,-,,,10,B,Y,,,,B,N,N,A,1,1,0,0,21950.0,2,36.60625012,-121.84709986,4
2016,2016-01-01,1920,1,4,19,5,Y,A,N,A,H,C,-,,,01,E,,,,,I,Y,N,D,1,0,0,0,23152.0,1,36.61398009,-121.83946994,3
2016,2016-03-11,1858,3,1,18,5,N,C,N,B,H,C,A,01,S,08,B,,,,,C,Y,N,A,1,0,0,0,22107.0,2,36.61186694,-121.8990734,4
2016,2016-02-21,1800,2,4,18,7,Y,B,N,A,-,A,A,07,,03,C,,,,,C,N,N,D,1,0,0,0,22350.0,3,36.59994006,-121.88357998,4
2016,2016-02-16,1551,2,4,15,2,Y,A,N,A,H,A,-,,,12,D,,,,,D,Y,N,A,1,0,0,0,21453.0,3,36.67412,-121.65255986,3
2016,2016-02-23,832,2,4,8,2,N,A,N,A,H,A,-,,S,03,C,,,,,C,Y,N,D,1,0,0,0,22350.0,4,36.69610926,-121.63849308,4
2016,2016-02-25,1512,2,4,15,4,Y,A,N,A,H,A,-,,,10,G,Y,,,,B,N,N,A,1,1,0,0,21950.0,2,36.72162011,-121.65622992,3
2016,2016-02-03,953,2,4,9,3,N,A,N,A,H,A,-,,S,09,D,,,,,C,Y,N,D,1,0,0,0,21804.0,2,36.69298827,-121.64244383,3
2016,2016-02-12,1700,2,4,17,5,Y,A,N,A,H,A,-,- ,,12,G,,Y,,,G,N,N,A,1,0,1,0,21453.0,3,36.72505007,-121.65636988,4
2016,2016-02-11,2127,2,4,21,4,Y,E,N,A,H,C,-,,,12,D,,,,,D,Y,N,A,1,0,0,0,21453.0,2,36.67920005,-121.61766991,4
2016,2016-02-21,1739,2,4,17,7,N,A,N,A,H,A,-,,N,09,D,,,,,C,N,N,D,2,0,0,0,21804.0,3,36.72582317,-121.6563485,4
2016,2016-02-08,1137,2,4,11,1,N,A,N,A,H,A,-,,S,03,A,,,,,C,Y,N,D,3,0,0,0,22350.0,2,36.68927,-121.65862,3
2016,2016-02-23,1631,2,4,16,2,Y,A,N,A,H,A,-,,,12,-,,,,,C,Y,F,-,1,0,0,0,21453.0,2,36.7040001,-121.66692989,4
2016,2016-02-26,1933,2,4,19,5,Y,A,N,A,H,C,-,,,12,D,,,,,C,Y,N,A,2,0,0,0,21453.0,2,36.68842008,-121.67192991,3
2016,2016-02-15,559,2,4,5,1,N,A,N,A,H,C,-,,N,07,C,,,,,C,Y,M,D,1,0,0,0,21658.0,2,36.67656467,-121.62702266,4
2016,2016-02-19,1915,2,4,19,5,N,A,N,A,H,C,-,,E,03,C,,,,,C,Y,N,A,1,0,0,0,22350.0,3,36.71362274,-121.61312549,4
2016,2016-02-24,1453,2,4,14,3,Y,A,N,A,H,A,-,,,09,D,,,,,C,Y,N,D,2,0,0,0,21801.0,2,36.6655001,-121.6439399,4
2016,2016-02-13,2252,2,4,22,6,N,A,N,A,H,C,-,,S,03,C,,,,,C,Y,N,A,1,0,0,0,22350.0,2,36.65523568,-121.66040106,4
2016,2016-02-18,828,2,4,8,4,Y,B,N,B,H,A,-,,,09,C,,,,,A,Y,N,D,1,0,0,0,21802.0,2,36.66666003,-121.67610997,4
2016,2016-02-20,1554,2,4,15,6,Y,A,N,A,H,A,-,,,12,D,,,,,C,Y,N,A,3,0,0,0,22450.0,2,36.66626003,-121.66138987,4
2016,2016-02-18,1438,2,4,14,4,Y,A,N,A,H,A,-,,,03,D,,,,,C,Y,F,D,1,0,0,0,22350.0,2,36.67335002,-121.6180699,4
2016,2016-02-05,1926,2,4,19,5,Y,A,N,A,H,C,-,,,09,D,,,,,C,N,N,D,3,0,0,0,21801.0,2,36.70054003,-121.65223989,4
2016,2016-02-15,1046,2,4,10,1,Y,A,N,A,H,A,-,,,03,C,,,,,C,N,N,A,2,0,0,0,22350.0,2,36.70703008,-121.62755991,4
2016,2016-02-14,1304,2,4,13,7,N,A,N,A,H,A,-,,W,08,A,,,,,I,Y,N,D,2,0,0,0,22107.0,1,36.71075851,-121.63653104,2
2016,2016-02-01,1740,2,4,17,1,N,A,N,A,H,C,-,,E,03,C,,,,,C,N,N,A,2,0,0,0,22350.0,2,36.6725328,-121.66428584,4
2016,2016-01-27,1224,1,4,12,3,Y,A,N,A,H,A,-,,,09,D,,,,,C,N,N,A,1,0,0,0,21453.0,2,36.66946003,-121.67269989,4
2016,2016-01-29,633,1,4,6,5,Y,B,N,B,H,B,-,,,05,D,,Y,,,G,N,N,A,1,0,1,0,21650.0,2,36.70440001,-121.60334992,3
2016,2016-01-28,802,1,4,8,4,N,A,N,A,H,A,-,,N,07,B,,,,,C,Y,N,A,1,0,0,0,21658.0,2,36.68636995,-121.61485432,4
2016,2016-01-04,1030,1,4,10,1,N,C,N,B,H,A,-,,W,03,C,,,,,C,,N,D,1,0,0,0,22350.0,2,36.65184667,-121.64116091,4
2016,2016-01-22,1754,1,4,17,5,N,C,N,B,H,C,-,,N,04,C,,,,,C,N,N,D,2,0,0,0,21703.0,2,36.6872846,-121.60371498,4
2016,2016-03-06,1230,3,1,12,7,Y,B,N,A,H,A,D,22,N,03,C,,,,,C,N,N,D,1,0,0,0,22350.0,2,36.60012155,-121.89502642,4
2016,2016-03-04,812,3,1,8,5,Y,A,N,A,H,A,D,22,,10,-,Y,,,,B,N,N,A,1,1,0,0,21950.0,2,36.59984009,-121.89344993,4
2016,2016-03-09,816,3,1,8,3,Y,C,N,B,H,A,D,22,,03,C,,,,,C,N,N,D,1,0,0,0,22350.0,2,,,4
2016,2016-03-04,1708,3,1,17,5,Y,B,N,A,H,A,A,01,,09,D,,,,,C,N,N,A,2,0,0,0,21802.0,2,36.59902005,-121.89928998,4
2016,2016-02-28,2051,2,4,20,7,N,A,N,A,H,C,A,01,S,01,E,,,,,I,Y,N,D,1,0,0,0,23152.0,1,,,4
2016,2016-01-18,1930,1,4,19,1,Y,E,N,A,H,C,D,22,,09,H,,Y,,,G,N,N,A,1,0,1,0,21801.0,2,36.61931006,-121.84069988,2
2014,2014-01-06,1741,1,4,17,1,N,B,Y,A,H,D,-,- ,E,18,C,,,Y,,C,N,N,D,1,0,0,1,,2,36.57984267,-121.82665827,4
2016,2016-03-01,1546,3,1,15,2,N,A,N,A,H,A,A,01,S,03,C,,,,,C,Y,N,A,2,0,0,0,22350.0,2,36.66179467,-121.79155504,3
2016,2016-03-17,706,3,1,7,4,Y,A,N,A,H,A,-,- ,,09,D,,,,,C,Y,N,D,1,0,0,0,21802.0,2,36.61332003,-121.90518993,4
2016,2016-03-22,2237,3,1,22,2,N,A,N,A,H,C,C,02,N,01,E,,,Y,,I,Y,N,A,1,0,0,1,23152.0,1,36.69204641,-121.80246681,3
2016,2016-02-01,1659,2,4,16,1,N,A,N,A,H,B,A,01,W,09,D,,,,,C,N,N,D,1,0,0,0,21802.0,2,36.66464158,-121.80588578,4
2016,2016-02-25,1005,2,4,10,4,Y,A,N,A,H,A,A,01,,12,D,,,,,A,Y,N,A,2,0,0,0,21453.0,2,36.68345004,-121.80367994,3
2015,2015-02-28,432,2,4,4,6,N,C,Y,B,H,C,A,01,S,01,F,,,,,I,Y,N,D,1,0,0,0,23152.0,1,36.60280649,-121.92163355,4
2015,2015-06-20,1343,6,2,13,6,Y,A,N,A,H,A,L,04,,03,D,,Y,,,G,N,N,D,1,0,1,0,22350.0,2,36.61612,-121.93602986,4
2020,2020-10-12,842,10,3,8,1,N,A,Y,A,H,A,A,01,W,03,C,,,,,C,Y,N,A,1,0,0,0,22350.0,2,36.58348846435546,-121.85568237304688,4
2016,2016-03-23,1101,3,1,11,3,Y,A,N,A,H,A,A,08,,09,D,,,,,C,Y,N,A,2,0,0,0,21802.0,2,36.66648006,-121.80454999,3
2016,2016-03-21,1528,3,1,15,1,N,A,Y,A,H,A,A,07,N,03,C,,,,,C,N,N,A,1,0,0,0,22350.0,2,36.57150678,-121.80831135,4
2016,2016-03-24,1821,3,1,18,4,Y,A,N,A,H,A,A,01,,09,D,,,,,C,Y,N,D,2,0,0,0,21802.0,2,36.60084004,-121.86937987,3
2016,2016-03-25,1539,3,1,15,5,N,A,N,A,H,A,A,07,E,03,C,,,,,C,N,N,A,2,0,0,0,22350.0,2,36.59505383,-121.88902579,4
2016,2016-04-04,2313,4,1,23,1,Y,A,N,A,H,C,A,01,,12,D,,,,,C,Y,F,A,2,0,0,0,21453.0,2,36.59767004,-121.8532299,3
2016,2016-04-04,1706,4,1,17,1,N,A,N,A,H,A,C,02,N,03,-,,,Y,,J,N,N,D,1,0,0,1,22350.0,1,36.58414207,-121.89137175,3
2016,2016-03-30,1339,3,1,13,3,Y,A,N,A,A,A,N,60,,11,-,Y,,,,B,N,N,A,1,1,0,0,21950.0,2,,,3
2016,2016-03-11,1606,3,1,16,5,N,B,N,A,H,A,-,,N,04,C,,,,,C,N,N,D,1,0,0,0,21703.0,3,36.70149612,-121.63314389,4
2016,2016-02-15,1551,2,4,15,1,Y,A,N,A,H,A,-,,,10,-,,Y,,,G,N,N,A,1,0,1,0,21950.0,2,36.60762005,-121.85599998,3
2016,2016-02-11,1533,2,4,15,4,Y,A,N,A,H,A,-,,,09,D,,,,,C,Y,N,D,1,0,0,0,21802.0,2,36.62140006,-121.8379799,4
2016,2016-02-01,1940,2,4,19,1,Y,A,N,A,H,C,N,60,,11,G,Y,,,,B,N,N,A,1,1,0,0,21954.0,2,36.60555005,-121.84741986,3
2016,2016-02-20,2157,2,4,21,6,Y,A,N,A,H,C,A,01,,12,D,,,,,D,Y,N,A,2,0,0,0,21453.0,2,36.61931006,-121.84069988,4
2016,2016-03-11,1659,3,1,16,5,Y,A,N,A,G,A,-,- ,,18,G,,,,,B,N,N,D,1,0,0,0,,1,36.56061008,-121.91481989,2
2016,2016-03-08,917,3,1,9,2,N,A,N,A,H,A,A,01,W,08,G,Y,,,,B,N,N,D,1,1,0,0,22107.0,2,36.56183,-121.92207819,3
2016,2016-04-12,2317,4,1,23,2,Y,A,N,A,H,-,D,22,,09,D,,,,,C,N,N,A,1,0,0,0,21802.0,2,36.60085002,-121.89860987,4
2016,2016-04-09,2302,4,1,23,6,Y,A,N,A,H,C,A,07,,12,D,,,,,C,N,N,A,2,0,0,0,21453.0,2,36.61471004,-121.90268997,4
2016,2016-04-13,1706,4,1,17,3,N,A,N,A,H,A,A,01,S,03,C,,,,,C,N,N,A,1,0,0,0,22350.0,2,36.59981484,-121.88733177,4
2016,2016-03-07,802,3,1,8,1,N,C,N,B,H,A,D,22,S,04,C,,,,,C,Y,N,D,2,0,0,0,21703.0,2,36.20929464,-121.13997631,4
2016,2016-04-07,1710,4,1,17,4,Y,A,N,A,H,A,A,01,,03,C,,,,,C,N,N,A,1,0,0,0,22350.0,2,36.6236901,-121.84178986,4
2016,2016-03-09,943,3,1,9,3,Y,A,N,A,H,A,-,,,12,D,,,,,C,Y,N,A,1,0,0,0,21453.0,2,36.69213004,-121.60134986,2
2016,2016-03-01,1228,3,1,12,2,Y,A,N,A,H,A,-,,,08,B,,,,,C,N,N,A,1,0,0,0,22107.0,2,36.6979101,-121.66808987,4
2016,2016-03-29,204,3,1,2,2,N,A,N,A,H,C,A,01,W,05,A,,,,,C,Y,N,D,1,0,0,0,21650.0,3,36.68841813,-121.60266269,3
2016,2016-03-26,2023,3,1,20,6,N,A,N,A,H,C,A,01,S,09,D,,,,,C,N,N,D,1,0,0,0,21802.0,2,36.68199671,-121.61277221,4
2016,2016-03-20,1526,3,1,15,7,Y,A,N,A,H,A,-,,,05,D,,,,,C,Y,N,A,1,0,0,0,21651.0,2,36.69913007,-121.65084989,4
2016,2016-03-21,1942,3,1,19,1,N,B,N,A,H,C,-,,E,01,A,,,,,C,Y,N,D,5,0,0,0,23152.0,3,36.70355263,-121.602937,3
2016,2016-03-28,1337,3,1,13,1,Y,A,N,A,H,A,-,,,12,D,,,,,C,Y,N,A,2,0,0,0,21453.0,3,36.67352009,-121.65684995,4
2016,2016-03-03,1316,3,1,13,4,Y,A,N,A,H,A,-,,,09,D,,,,,C,Y,N,D,1,0,0,0,21801.0,3,36.69878004,-121.61258991,4
2016,2016-03-17,2200,3,1,22,4,Y,A,N,A,H,C,-,,,09,A,,,,,C,Y,N,A,1,0,0,0,21801.0,2,36.69213004,-121.60134986,4
2016,2016-03-01,45,3,1,0,2,N,A,N,A,H,C,-,,W,03,A,,,,,E,Y,N,A,1,0,0,0,22350.0,4,36.67047355,-121.63708222,3
2016,2016-03-15,1452,3,1,14,2,N,A,N,A,H,A,-,,W,03,C,,,,,C,Y,N,D,1,0,0,0,22350.0,2,36.72174905,-121.65731014,4
2016,2016-03-14,825,3,1,8,1,Y,A,N,A,H,A,-,,,09,A,,,Y,,C,Y,N,D,1,0,0,1,21801.0,2,36.66723007,-121.67540997,4
2016,2016-03-14,1006,3,1,10,1,Y,B,N,A,H,A,A,01,,09,D,,,,,C,Y,N,A,1,0,0,0,21802.0,2,36.70403006,-121.65291994,4
2016,2016-03-06,29,3,1,0,7,Y,C,N,B,H,C,A,01,,01,D,,,,,C,Y,F,A,1,0,0,0,23152.0,2,36.66943001,-121.64686989,3
2016,2016-03-20,254,3,1,2,7,Y,A,N,A,H,C,-,,,03,A,,,,,I,Y,N,A,1,0,0,0,22350.0,1,36.67528011,-121.66716995,4
2016,2016-03-05,2314,3,1,23,6,N,C,N,B,F,C,-,,E,01,B,,Y,,,E,Y,N,D,1,0,1,0,23152.0,4,36.69720037,-121.64241066,3
2016,2016-03-09,1657,3,1,16,3,N,A,N,A,H,A,-,,S,03,C,,,,,C,Y,N,D,1,0,0,0,22350.0,3,36.66082958,-121.63310782,4
2016,2016-03-11,2139,3,1,21,5,Y,C,N,B,-,C,A,01,,01,E,,,,,I,Y,N,A,1,0,0,0,23152.0,1,36.67739001,-121.64007997,3
2016,2016-03-10,631,3,1,6,4,Y,A,N,A,H,A,A,01,,12,D,,,,,C,Y,F,A,1,0,0,0,21453.0,2,36.67901002,-121.62525994,4
2016,2016-03-31,1551,3,1,15,4,Y,A,N,A,H,A,A,01,,12,D,,,,,C,Y,N,A,4,0,0,0,21453.0,3,36.70013003,-121.63451991,2
2016,2016-03-19,1532,3,1,15,6,N,A,N,A,H,A,-,,N,01,C,,,,,C,Y,M,A,1,0,0,0,23152.0,3,36.67945896,-121.62493617,3
2016,2016-03-16,2107,3,1,21,3,Y,A,N,A,H,C,-,,,12,D,,,,,C,Y,N,A,1,0,0,0,21453.0,2,36.67412,-121.65255986,4
2016,2016-03-18,1338,3,1,13,5,N,A,N,A,H,A,A,01,S,12,C,,,,,C,Y,N,A,2,0,0,0,21453.0,2,36.67816854,-121.657469,4
2016,2016-03-07,1537,3,1,15,1,N,C,N,B,H,A,-,,W,09,D,,,,,C,N,M,D,4,0,0,0,21801.0,2,36.68031856,-121.60994127,2
2016,2016-03-19,1527,3,1,15,6,Y,A,N,A,H,A,-,,,01,C,,,,,C,Y,M,A,1,0,0,0,23152.0,3,36.68997003,-121.65227999,4
2016,2016-03-18,1200,3,1,12,5,N,A,N,A,H,A,-,,S,03,C,,,,,C,N,N,D,2,0,0,0,22350.0,3,36.68417158,-121.65287406,4
2016,2016-03-28,1631,3,1,16,1,N,A,N,A,H,A,-,,E,09,A,,,,,C,Y,N,A,1,0,0,0,21804.0,2,36.67988907,-121.60661329,3
2016,2016-03-08,746,3,1,7,2,N,A,N,A,H,A,-,,S,09,A,,,,,C,N,N,D,1,0,0,0,21804.0,2,36.66245755,-121.64765207,4
2016,2016-03-07,1514,3,1,15,1,N,A,N,B,H,A,D,,,03,C,,,,,C,N,N,D,1,0,0,0,22350.0,2,36.67037002,-121.6359299,4
2016,2016-02-26,2132,2,4,21,5,Y,A,N,A,H,C,-,,,12,A,,,,,C,Y,N,A,1,0,0,0,22450.0,2,36.69611012,-121.60410991,4
2016,2016-02-26,1739,2,4,17,5,N,A,N,A,H,A,D,22,E,08,D,,,,,C,N,N,D,2,0,0,0,22103.0,2,36.70636068,-121.64219013,4
2016,2016-02-22,1250,2,4,12,1,N,A,N,A,H,A,-,,N,10,D,Y,,,,B,,N,A,1,1,0,0,21950.0,2,36.6743032,-121.64125226,4
2016,2016-02-29,1630,2,4,16,1,N,A,N,A,H,A,A,01,W,03,C,,,,,C,Y,N,D,3,0,0,0,22350.0,2,36.67692723,-121.63555762,2
2016,2016-02-24,1611,2,4,16,3,Y,A,N,A,H,A,L,04,,05,D,,Y,,,G,N,N,A,1,0,1,0,21650.0,2,36.69932009,-121.65181,4
2016,2016-02-29,1024,2,4,10,1,Y,A,N,A,H,A,-,,,09,-,,,,,C,N,M,D,1,0,0,0,21802.0,2,36.67671003,-121.62160987,4
2016,2016-01-26,1504,1,4,15,2,N,A,N,A,H,A,-,,E,03,C,,,,,C,Y,F,A,1,0,0,0,22350.0,2,36.67347578,-121.63327413,4
2016,2016-01-19,1512,1,4,15,2,N,B,N,B,H,A,L,04,N,17,A,Y,Y,,,B,N,N,A,1,1,0,0,21200.0,2,36.20969605,-121.13201698,3
2016,2016-03-31,1036,3,1,10,4,N,A,N,A,H,A,A,07,S,03,C,,,,,C,Y,N,A,1,0,0,0,22350.0,3,36.60834339,-121.92257667,4
2016,2016-03-22,651,3,1,6,2,N,A,N,A,H,A,A,08,N,09,A,,,,,C,Y,N,D,3,0,0,0,21800.0,2,36.20812456,-121.12950378,4
2016,2016-03-07,1805,3,1,18,1,Y,B,N,B,H,B,A,01,,09,D,,,,,C,N,N,D,1,0,0,0,21802.0,2,36.21534009,-121.12638986,4
2015,2015-10-15,1307,10,3,13,4,N,A,N,A,H,A,A,07,E,09,D,,,,,-,N,N,A,1,0,0,0,21802.0,2,36.21079487,-121.1304115,4
2015,2015-10-10,1727,10,3,17,6,N,A,N,A,H,A,A,07,S,10,G,Y,,,,B,Y,F,D,1,1,0,0,21952.0,2,36.21667363,-121.13133065,3
2016,2016-04-17,248,4,1,2,7,N,A,N,A,H,C,D,22,S,03,G,Y,,,,B,N,N,D,1,1,0,0,22350.0,2,36.60337841,-121.89896027,4
2016,2016-04-11,1224,4,1,12,1,N,A,N,A,H,A,G,25,S,05,B,,,,Y,C,Y,N,A,1,0,0,0,21460.0,3,36.59520368,-121.89218749,4
2016,2016-04-12,1557,4,1,15,2,N,A,N,A,H,A,C,02,E,03,C,,,Y,,C,N,N,D,1,0,0,1,22350.0,2,36.58290102,-121.90106928,4
2016,2016-04-13,830,4,1,8,3,Y,A,N,A,H,A,A,01,,10,G,Y,,,,B,N,N,D,1,1,0,0,21950.0,2,36.5934201,-121.89580994,3
2016,2016-04-16,1039,4,1,10,6,Y,A,N,A,H,A,A,07,,09,D,,,,,C,Y,N,D,1,0,0,0,21802.0,2,36.61204005,-121.90168996,4
2016,2016-04-17,1839,4,1,18,7,N,A,N,A,H,A,A,08,E,03,D,,Y,,,G,N,N,D,1,0,1,0,22350.0,2,36.61028666,-121.89717467,3
2016,2016-04-12,1221,4,1,12,2,Y,A,N,A,H,A,A,01,,21,E,,,,,I,Y,N,D,1,0,0,0,22106.0,1,36.51506004,-121.44074,4
2016,2016-04-21,1710,4,1,17,4,N,A,Y,A,H,A,I,09,W,03,C,,,,,C,N,N,A,2,0,0,0,22350.0,3,36.58398873,-121.85008186,4
2016,2016-04-14,1546,4,1,15,4,N,A,N,A,H,A,D,22,E,09,D,,,,,C,Y,N,D,1,0,0,0,21801.0,2,36.58324888,-121.90167803,4
2016,2016-04-04,714,4,1,7,1,Y,A,N,A,H,B,A,01,,09,D,,,,,C,Y,N,A,2,0,0,0,21802.0,2,36.67781009,-121.77940987,4
2016,2016-04-18,750,4,1,7,1,N,A,N,A,H,A,D,22,W,10,G,Y,,,,B,N,N,A,1,1,0,0,21950.0,2,36.67698079,-121.78755418,3
2016,2016-04-01,510,4,1,5,5,N,A,N,A,H,C,-,- ,N,00,D,,,Y,,C,Y,N,A,1,0,0,0,,2,36.67147734,-121.76668375,4
2016,2016-03-30,1824,3,1,18,3,N,A,N,A,H,A,A,01,W,09,D,,Y,,,G,N,N,D,1,0,1,0,21801.0,2,36.68122827,-121.7861781,2
2016,2016-03-21,806,3,1,8,1,N,B,N,B,G,A,A,01,W,03,B,,,Y,,C,N,N,A,1,0,0,0,22350.0,2,36.66627993,-121.79717367,3
2016,2016-03-28,1847,3,1,18,1,N,A,N,A,H,A,A,01,,03,D,,,,,D,Y,M,A,1,0,0,0,22350.0,2,36.41780002,-121.31964988,4
2016,2016-04-25,1440,4,1,14,1,N,A,N,A,H,A,C,02,S,03,F,,,Y,,J,N,N,A,1,0,0,1,22350.0,1,36.66326406,-121.7932177,3
2016,2016-04-24,1552,4,1,15,7,N,A,N,A,H,A,A,01,,03,C,,,,,C,Y,N,A,1,0,0,0,22350.0,2,36.42034008,-121.32273999,4
2016,2016-05-13,1550,5,1,15,5,N,A,N,A,H,A,A,01,E,09,D,,,,,C,Y,N,D,2,0,0,0,21804.0,2,36.59789254,-121.85247506,4
2016,2016-03-24,1716,3,1,17,4,N,A,N,A,H,A,L,04,E,22,G,,Y,,,G,N,N,D,1,0,1,0,,2,36.68353895,-121.80359419,3
2015,2015-12-15,1452,12,4,14,2,N,A,N,A,H,A,-,- ,S,00,G,Y,,,,B,N,N,D,1,1,0,0,,2,36.68413251,-121.79382442,4
2016,2016-05-12,1036,5,1,10,4,Y,A,N,A,H,A,A,01,,09,D,,,,,C,Y,N,A,1,0,0,0,21453.0,2,36.58481008,-121.9009,4
2016,2016-05-15,1102,5,1,11,7,N,B,N,A,H,A,L,04,E,05,A,,Y,,,G,N,N,D,1,0,1,0,21650.0,2,36.60485344,-121.86066592,3
2016,2016-05-18,1541,5,1,15,3,N,A,N,A,H,A,C,02,S,03,C,,,Y,,C,N,N,A,1,0,0,1,22350.0,2,36.61578434,-121.90358208,4
2016,2016-04-26,1639,4,1,16,2,N,A,N,A,H,A,A,01,E,09,D,,,,,C,N,N,D,2,0,0,0,21801.0,2,36.59782979,-121.85266779,4
2016,2016-04-13,1623,4,1,16,3,Y,A,N,A,H,A,L,04,,17,D,,Y,,,G,N,N,A,1,0,1,0,21461.0,2,36.61010011,-121.89751992,3
2016,2016-04-10,1329,4,1,13,7,N,C,N,B,H,A,A,01,S,09,D,,,,,C,N,N,A,1,0,0,0,21804.0,2,36.59974954,-121.88734312,4