ACCIDENT_YEAR,COLLISION_DATE,COLLISION_TIME,MONTH,SEASON,24HOURS,DAY_OF_WEEK,INTERSECTION,WEATHER_1,STATE_HWY_IND,ROAD_SURFACE,ROAD_COND_1,LIGHTING,STWD_VEHTYPE_AT_FAULT,CHP_VEHTYPE_AT_FAULT,DIRECTION,PCF_VIOL_CATEGORY,TYPE_OF_COLLISION,PEDESTRIAN_ACCIDENT,BICYCLE_ACCIDENT,MOTORCYCLE_ACCIDENT,TRUCK_ACCIDENT,MVIW,TOW_AWAY,HIT_AND_RUN,CONTROL_DEVICE,NUMBER_INJURED,COUNT_PED_INJURED,COUNT_BICYCLIST_INJURED,COUNT_MC_INJURED,PCF_VIOLATION,PARTY_COUNT,POINT_Y,POINT_X,COLLISION_SEVERITY
2016,2016-06-15,702,6,2,7,3,N,A,N,A,H,A,A,07,W,03,C,,,,,C,N,N,D,2,0,0,0,22350.0,3,36.59656123,-121.89388211,4
2016,2016-06-16,1732,6,2,17,4,N,A,N,A,H,A,A,01,S,03,C,,,,,C,N,N,D,3,0,0,0,22350.0,3,36.66683047,-121.77241718,4
2016,2016-06-19,914,6,2,9,7,N,A,N,A,H,A,A,01,N,12,G,Y,,,,B,N,N,A,1,1,0,0,22450.0,2,36.68229142,-121.79858467,4
2016,2016-06-09,1456,6,2,14,4,N,A,N,A,H,A,D,22,E,12,D,,,,,C,N,N,A,1,0,0,0,21453.0,2,36.66773484,-121.80871462,4
2016,2016-05-25,1145,5,1,11,3,N,A,N,A,H,A,D,22,S,12,D,,,,,D,Y,N,D,1,0,0,0,22451.0,2,,,4
2016,2016-06-25,2054,6,2,20,6,N,A,N,A,H,C,A,01,N,01,C,,,,,C,Y,F,A,6,0,0,0,23153.0,2,36.61155503,-121.90002719,3
2016,2016-06-19,1608,6,2,16,7,N,A,N,A,H,A,A,01,E,03,C,,,,,C,Y,M,D,1,0,0,0,22350.0,2,36.60059141,-121.89212527,4
2016,2016-07-17,2102,7,2,21,7,N,A,N,A,H,C,D,22,W,10,G,Y,,,,B,N,N,D,1,1,0,0,21950.0,2,36.69938515,-121.80075247,4
2016,2016-07-04,1835,7,2,18,1,N,A,N,A,H,A,D,22,E,08,D,,,,,I,Y,N,D,2,0,0,0,22107.0,1,36.6014772,-121.86798623,3
2016,2016-06-30,1244,6,2,12,4,Y,A,N,A,H,A,A,08,,12,A,,,,,C,Y,N,A,2,0,0,0,21453.0,2,36.58481008,-121.9009,4
2016,2016-07-02,1944,7,2,19,6,N,B,N,A,A,A,C,02,E,- ,H,,,Y,,J,N,N,A,1,0,0,1,,1,36.59636405,-121.86168583,3
2016,2016-06-27,1729,6,2,17,1,Y,A,N,A,H,A,A,01,,10,G,Y,,,,B,N,N,D,1,1,0,0,21952.0,2,36.59697003,-121.89424992,4
2016,2016-06-15,1328,6,2,13,3,N,A,N,A,H,A,A,01,,09,D,,,,,C,Y,N,A,2,0,0,0,21802.0,2,36.59186002,-121.89449987,4
2016,2016-07-08,2327,7,2,23,5,N,A,N,A,H,C,D,22,S,07,B,,,Y,,C,N,N,D,1,0,0,0,21658.0,2,36.60536487,-121.89496583,3
2016,2016-07-01,233,7,2,2,5,N,B,N,A,H,C,D,22,,03,E,,,,,I,Y,M,D,1,0,0,0,22350.0,1,36.60026007,-121.8900399,3
2016,2016-07-08,1356,7,2,13,5,N,A,Y,A,H,A,A,01,W,03,C,,,,,C,N,N,D,1,0,0,0,22350.0,3,36.58387773,-121.85107154,4
2016,2016-06-06,2303,6,2,23,1,Y,A,N,A,H,C,A,01,,01,C,,,,,C,N,M,D,1,0,0,0,23152.0,2,36.42481005,-121.32340993,4
2016,2016-07-12,802,7,2,8,2,N,A,N,A,H,A,A,01,S,08,C,,,,,E,Y,M,D,2,0,0,0,22107.0,4,36.5056405,-121.44370459,3
2016,2016-05-16,1924,5,1,19,1,Y,A,N,A,H,A,A,01,,00,C,,,,,E,N,F,A,1,0,0,0,23123.0,2,36.60313011,-121.84856992,4
2016,2016-05-14,1900,5,1,19,6,N,A,N,A,H,A,A,01,E,03,C,,,,,E,Y,N,D,2,0,0,0,22350.0,2,36.61918327,-121.83384053,4
2016,2016-07-15,2049,7,2,20,5,N,A,N,A,H,C,N,60,E,11,-,Y,,,,B,,N,A,1,1,0,0,21954.0,2,36.67732669,-121.63951246,3
2016,2016-06-20,1742,6,2,17,1,Y,A,N,A,H,A,A,08,,12,C,,,,,C,Y,N,A,1,0,0,0,22450.0,2,36.61674,-121.83752988,4
2016,2016-06-07,1749,6,2,17,2,Y,A,N,A,H,A,A,01,,09,D,,,,,C,Y,N,A,2,0,0,0,21804.0,2,36.61931011,-121.84031998,4
2016,2016-08-15,1345,8,2,13,1,Y,A,N,A,H,A,-,,,09,-,,,,,C,Y,N,A,1,0,0,0,21801.0,2,36.69213004,-121.60134986,3
2016,2016-04-01,1815,4,1,18,5,Y,A,N,A,H,A,-,,,08,D,,,,,C,N,N,D,1,0,0,0,22107.0,2,36.71019004,-121.63236988,3
2016,2016-04-15,1807,4,1,18,5,Y,A,N,A,H,A,-,,,04,C,,,,,C,N,N,A,1,0,0,0,21703.0,3,36.69633002,-121.63828998,4
2016,2016-02-21,2,2,4,0,7,N,A,N,A,H,C,-,,N,03,E,,,,,I,Y,N,D,1,0,0,0,22350.0,1,36.70756769,-121.6270293,4
2016,2016-03-12,1332,3,1,13,6,Y,A,N,A,H,A,-,,,08,-,Y,,,,B,N,N,A,1,1,0,0,22107.0,2,36.70041011,-121.62147999,4
2016,2016-06-25,1607,6,2,16,6,N,A,Y,A,H,A,-,,E,03,C,,,,,C,Y,N,A,1,0,0,0,22350.0,3,36.67826943,-121.65787459,4
2016,2016-06-12,1917,6,2,19,7,Y,B,N,A,H,A,-,,,- ,D,,,,,C,Y,F,A,2,0,0,0,,2,36.6777001,-121.6545199,4
2016,2016-06-20,1201,6,2,12,1,Y,A,N,A,H,A,A,01,,09,D,,,,,C,N,N,A,1,0,0,0,21801.0,2,36.65643006,-121.6622299,4
2016,2016-06-11,739,6,2,7,6,Y,A,N,A,H,A,L,04,,05,D,,Y,,,G,N,F,D,1,0,1,0,21650.0,2,36.70179011,-121.65248995,4
2016,2016-06-18,1441,6,2,14,6,Y,A,N,A,H,A,A,01,,03,A,,,Y,,C,N,N,A,1,0,0,1,22350.0,3,36.71979011,-121.65117989,4
2016,2016-06-02,1744,6,2,17,4,Y,A,N,A,H,A,L,04,,05,A,,Y,,,G,N,N,D,1,0,1,0,21650.0,2,36.67446007,-121.65030987,4
2016,2016-06-19,2100,6,2,21,7,N,A,N,A,H,A,A,01,S,03,C,,,,,C,N,F,A,2,0,0,0,22350.0,3,36.6895603,-121.65249391,4
2016,2016-06-22,911,6,2,9,3,Y,A,N,A,H,A,A,01,,09,D,,,,,C,Y,N,D,2,0,0,0,21802.0,2,36.67671003,-121.62160987,3
2016,2016-06-15,2018,6,2,20,3,Y,A,N,A,H,A,A,01,,09,D,,,,,C,Y,N,A,2,0,0,0,21802.0,2,36.67311007,-121.66007989,3
2016,2016-06-20,956,6,2,9,1,Y,A,N,A,H,A,A,01,,05,B,,,,,C,Y,N,A,1,0,0,0,21651.0,3,36.66930002,-121.62772993,4
2016,2016-06-05,1943,6,2,19,7,N,A,N,A,H,A,A,01,E,01,C,,,,,C,Y,N,A,1,0,0,0,23152.0,2,36.66978919,-121.67228395,4
2016,2016-06-09,831,6,2,8,4,Y,A,N,A,H,A,A,01,,12,G,Y,,,,B,N,N,D,1,1,0,0,22450.0,2,36.67876009,-121.60859996,4
2016,2016-06-18,1911,6,2,19,6,Y,A,N,A,H,A,A,01,,04,C,,,,,C,N,N,A,3,0,0,0,21703.0,2,36.68089008,-121.65408995,4
2016,2016-06-07,1713,6,2,17,2,N,A,N,A,H,A,A,01,W,09,A,,,,,C,Y,N,D,1,0,0,0,21804.0,3,36.68528399,-121.65459899,3
2016,2016-06-07,1731,6,2,17,2,Y,A,N,A,H,A,A,01,,09,D,,,,,C,N,N,D,3,0,0,0,21802.0,3,36.67811006,-121.64231989,4
2016,2016-06-24,1517,6,2,15,5,Y,A,N,A,A,A,-,,,09,-,,,,,C,Y,N,A,1,0,0,0,21801.0,2,36.67655003,-121.63171997,4
2016,2016-06-29,1325,6,2,13,3,N,A,N,A,H,A,C,02,E,03,E,,,Y,,I,Y,N,D,1,0,0,1,22350.0,1,36.6602037,-121.64714259,3
2016,2016-06-07,1816,6,2,18,2,Y,A,N,A,H,A,A,01,,12,D,,,,,C,Y,N,A,3,0,0,0,21453.0,3,36.69877011,-121.61603992,3
2016,2016-06-19,1105,6,2,11,7,N,A,N,A,H,A,N,60,W,11,G,Y,,,,B,N,N,A,1,1,0,0,21954.0,2,36.65739087,-121.63749067,3
2016,2016-06-09,2049,6,2,20,4,N,A,N,A,H,C,A,01,W,03,A,,,,,C,Y,N,A,2,0,0,0,22350.0,2,36.67275366,-121.60094793,4
2016,2016-06-29,1837,6,2,18,3,N,A,N,A,H,A,A,01,S,17,B,,,,,C,Y,N,A,2,0,0,0,21451.0,2,36.69211164,-121.60140701,4
2016,2016-06-26,2234,6,2,22,7,N,B,N,A,H,C,A,01,E,01,C,,,,,C,Y,N,A,3,0,0,0,23153.0,2,36.71549523,-121.62300191,4
2016,2016-06-25,1429,6,2,14,6,N,A,N,A,-,-,A,01,W,09,A,,Y,,,G,N,N,D,1,0,1,0,21801.0,2,36.68897076,-121.61751563,4
2016,2016-06-14,1740,6,2,17,2,N,A,N,A,H,A,A,01,E,04,C,,,,,C,N,N,A,2,0,0,0,21703.0,2,36.71530411,-121.62012051,4
2016,2016-06-26,1639,6,2,16,7,Y,A,N,A,H,A,A,01,,12,A,,,,,C,Y,N,A,3,0,0,0,21453.0,2,36.67050006,-121.65220988,4
2016,2016-06-16,1827,6,2,18,4,N,A,N,A,H,A,A,01,E,03,C,,,,,C,Y,N,D,1,0,0,0,22350.0,2,36.71705608,-121.64357646,2
2016,2016-06-09,1813,6,2,18,4,Y,A,N,A,H,A,A,01,,12,D,,,,,C,N,N,A,1,0,0,0,21453.0,2,36.67352009,-121.65684995,4
2016,2016-06-02,1657,6,2,16,4,Y,A,N,A,H,A,A,01,,09,A,,,,,C,Y,N,D,2,0,0,0,21802.0,2,36.70996007,-121.66209998,4
2016,2016-06-14,11,6,2,0,2,N,A,N,A,H,C,A,01,E,08,C,,,,,E,N,N,D,1,0,0,0,22107.0,4,36.67223893,-121.62092721,3
2016,2016-06-19,1918,6,2,19,7,Y,A,N,A,H,A,A,01,,09,D,,,,,C,Y,N,D,2,0,0,0,21802.0,2,36.68202007,-121.61272992,4
2016,2016-06-14,1842,6,2,18,2,Y,A,N,A,H,A,A,01,,12,D,,,,,C,Y,N,A,1,0,0,0,21453.0,2,36.66204001,-121.65522,4
2016,2016-06-23,1818,6,2,18,4,Y,A,N,A,H,A,D,22,,07,B,,,,,C,Y,N,D,1,0,0,0,21658.0,2,36.67779001,-121.6529199,4
2016,2016-06-19,1616,6,2,16,7,N,A,N,A,-,A,N,60,N,11,G,Y,,,,B,N,N,D,1,1,0,0,21954.0,2,36.68632761,-121.61492994,3
2016,2016-06-05,1842,6,2,18,7,Y,A,N,A,H,A,A,01,,09,A,,,,,D,Y,N,D,1,0,0,0,21802.0,3,36.67811006,-121.64231989,4
2016,2016-07-16,1453,7,2,14,6,-,B,N,A,H,A,D,22,,03,C,,,,,C,N,N,D,1,0,0,0,22350.0,2,,,4
2016,2016-07-16,1521,7,2,15,6,N,B,N,A,H,A,C,03,N,09,B,,,Y,,C,N,N,A,1,0,0,0,21804.0,2,36.5953102,-121.89217331,4
2016,2016-07-19,1746,7,2,17,2,Y,A,N,A,H,A,A,01,,09,D,,,,,C,N,N,D,1,0,0,0,21802.0,2,36.60168008,-121.9021399,4
2016,2016-07-17,1843,7,2,18,7,Y,B,N,A,H,A,A,01,,01,E,,,,,I,Y,N,D,1,0,0,0,23152.0,1,36.62344008,-121.92272988,3
2016,2016-07-12,1726,7,2,17,2,N,A,N,A,H,A,A,08,E,03,C,,,,,C,N,N,D,2,0,0,0,22350.0,4,36.60729998,-121.91611029,4
2016,2016-06-26,208,6,2,2,7,N,A,N,A,H,C,A,01,E,03,A,,,,,I,Y,F,A,1,0,0,0,22350.0,1,36.60053246,-121.89175075,4
2016,2016-05-07,448,5,1,4,6,N,A,N,A,H,C,-,,S,21,H,,,,,A,N,F,D,1,0,0,0,22106.0,2,36.66216489,-121.63885223,3
2016,2016-05-04,457,5,1,4,3,N,A,N,A,H,C,N,60,W,11,G,Y,,,,B,N,N,A,1,1,0,0,21954.0,2,36.67306099,-121.62910828,2
2016,2016-05-29,353,5,1,3,7,N,A,N,A,-,C,-,,S,08,D,,,,,E,,M,D,1,0,0,0,22107.0,4,36.68390378,-121.59960398,3
2016,2016-05-31,1451,5,1,14,2,N,A,N,A,H,A,-,,S,04,C,,,,,C,N,N,D,1,0,0,0,21703.0,2,36.67156807,-121.65559664,4
2016,2016-05-19,1511,5,1,15,4,N,A,N,A,H,A,A,01,E,08,B,,,,,C,Y,N,D,2,0,0,0,22107.0,4,36.60248846,-121.84279506,3
2016,2016-05-23,1555,5,1,15,1,N,A,N,A,H,A,-,,E,04,C,,,,,C,Y,N,D,1,0,0,0,21703.0,2,36.60253825,-121.84536394,4
2016,2016-07-08,1400,7,2,14,5,Y,A,N,A,H,A,A,01,,09,D,,,,,C,N,N,D,1,0,0,0,21802.0,2,36.55007006,-121.92181996,4
2016,2016-07-20,726,7,2,7,3,Y,A,N,A,H,A,C,02,,09,D,,,Y,,C,N,N,A,1,0,0,1,21801.0,2,36.60555002,-121.85952987,4
2016,2016-08-01,1740,8,2,17,1,N,A,N,A,H,A,D,22,E,09,A,,,,,C,N,N,D,2,0,0,0,21801.0,2,36.59771401,-121.85306861,4
2016,2016-07-28,1236,7,2,12,4,N,A,N,A,H,A,A,01,W,03,E,,,,,I,N,N,D,1,0,0,0,22350.0,1,36.5551,-121.91654898,2
2016,2016-07-25,1646,7,2,16,1,Y,A,N,A,H,A,-,- ,,22,D,,Y,,,G,N,N,A,1,0,1,0,,2,36.59116598,-121.88005507,4
2016,2016-07-24,1635,7,2,16,7,N,B,N,A,H,A,A,01,E,03,C,,,,,C,N,F,D,1,0,0,0,22350.0,2,36.59992405,-121.88680887,4
2016,2016-07-26,1725,7,2,17,2,N,B,Y,A,H,A,A,01,E,03,C,,,,,C,Y,N,D,1,0,0,0,22350.0,2,36.58213989,-121.84296902,4
2016,2016-07-27,913,7,2,9,3,N,A,N,A,H,A,A,07,E,08,E,,,,,I,Y,N,D,1,0,0,0,22107.0,1,36.59882154,-121.91276997,4
2016,2016-08-06,1159,8,2,11,6,N,B,N,A,H,A,A,01,E,03,C,,,,,C,N,N,A,1,0,0,0,22350.0,2,36.59994,-121.88713963,4
2016,2016-08-04,313,8,2,3,4,N,A,N,A,H,C,A,01,W,03,A,,,,,C,Y,N,A,1,0,0,0,22350.0,2,36.50701921,-121.43846272,4
2016,2016-07-14,1920,7,2,19,4,N,A,N,A,H,A,A,01,S,12,D,,,,,C,Y,N,A,1,0,0,0,22450.0,2,36.69360173,-121.79749686,4
2016,2016-08-11,1104,8,2,11,4,N,F,N,A,H,A,D,22,S,03,C,,,,,C,N,N,A,1,0,0,0,22350.0,2,36.60007034,-121.89584858,4
2016,2016-08-10,1717,8,2,17,3,N,A,N,A,H,A,A,07,S,08,D,,,,,C,N,N,A,1,0,0,0,22103.0,2,36.59709075,-121.87990519,4
2016,2016-08-09,716,8,2,7,2,Y,A,N,A,H,A,A,01,,09,D,,,Y,,C,Y,N,D,1,0,0,1,21802.0,2,36.60084004,-121.86937987,4
2016,2016-08-12,1231,8,2,12,5,N,A,N,A,H,A,L,04,W,08,F,,Y,,,I,N,N,D,1,0,1,0,22107.0,1,36.6167443,-121.90457495,3
2016,2016-08-03,2024,8,2,20,3,N,A,N,A,H,A,A,01,E,03,C,,,,,C,N,F,D,1,0,0,0,22350.0,2,36.5963127,-121.86202055,3
2016,2016-08-04,1507,8,2,15,4,Y,B,N,A,H,A,L,04,,17,D,,Y,,,G,N,N,A,1,0,1,0,21200.0,2,36.60208001,-121.86659989,3
2016,2016-04-22,1528,4,1,15,5,N,A,N,A,H,A,A,01,W,03,C,,,,,C,N,N,D,1,0,0,0,22350.0,2,36.21217493,-121.12778514,4
2016,2016-04-21,1707,4,1,17,4,Y,A,N,A,H,A,L,04,,12,G,,Y,,,G,N,N,D,1,0,1,0,22450.0,2,36.20693011,-121.12980989,4
2016,2016-04-25,1652,4,1,16,1,N,A,N,A,H,A,L,04,S,08,A,,Y,,,G,Y,N,D,1,0,1,0,22107.0,2,36.70044126,-121.66296033,3
2016,2016-07-26,1654,7,2,16,2,N,B,N,A,H,A,A,01,S,09,D,,,,,C,Y,N,D,2,0,0,0,21802.0,2,36.61530676,-121.90445371,4
2016,2016-04-12,1801,4,1,18,2,N,A,N,A,E,A,D,22,S,03,B,,,,,C,Y,N,D,1,0,0,0,22350.0,3,,,4
2016,2016-04-14,2156,4,1,21,4,N,A,N,A,H,C,A,01,S,01,A,,,,,E,Y,M,D,1,0,0,0,23152.0,3,36.21508103,-121.13814352,4
2016,2016-04-19,1831,4,1,18,2,N,A,N,A,H,A,C,06,W,08,B,,,Y,,E,N,N,D,1,0,0,1,22107.0,2,36.21300786,-121.13655285,3
2016,2016-07-14,1631,7,2,16,4,N,A,N,A,H,A,-,,W,03,C,,,,,J,Y,N,D,1,0,0,0,22350.0,2,36.7136793,-121.650691,4
2016,2016-07-09,1936,7,2,19,6,N,A,N,A,H,A,-,,N,03,C,,,,,C,Y,F,D,3,0,0,0,22350.0,3,36.67167536,-121.62014821,2
2016,2016-07-11,1108,7,2,11,1,Y,A,N,A,H,A,-,,,12,D,,,,,C,Y,N,A,2,0,0,0,21453.0,2,36.71327006,-121.65468988,4
2016,2016-07-16,2042,7,2,20,6,N,A,N,A,H,B,-,,N,01,A,,,,,-,Y,F,D,2,0,0,0,23153.0,2,,,2
2016,2016-07-16,1811,7,2,18,6,N,B,N,A,H,A,-,,S,09,B,,,,,C,,N,A,1,0,0,0,21804.0,2,36.67631322,-121.60722102,4
2016,2016-07-07,1549,7,2,15,4,Y,A,N,A,H,A,-,,,03,D,,,,,C,Y,N,A,2,0,0,0,22350.0,2,36.69643007,-121.63872995,3
2016,2016-07-09,2235,7,2,22,6,N,A,N,A,H,C,-,,W,03,C,,,,,C,N,N,D,1,0,0,0,22350.0,2,36.67860579,-121.64824204,4
2016,2016-07-16,2350,7,2,23,6,Y,A,N,A,H,C,-,,,09,D,,,,,C,Y,N,A,2,0,0,0,21802.0,2,36.67319001,-121.63037987,2
2016,2016-07-23,1454,7,2,14,6,Y,A,N,A,H,A,A,01,,12,D,,,,,C,Y,N,A,3,0,0,0,21453.0,2,36.67449002,-121.6433899,3
2016,2016-07-22,1921,7,2,19,5,N,A,N,A,H,A,A,01,N,07,D,,,,,C,Y,N,D,1,0,0,0,21658.0,2,36.67515847,-121.61492004,4
2016,2016-07-10,1615,7,2,16,7,Y,A,N,A,H,A,-,- ,,00,D,,Y,,,G,Y,N,A,1,0,1,0,,2,36.69512003,-121.61378994,2
2016,2016-07-22,56,7,2,0,5,N,A,N,A,H,C,-,,N,01,A,,,,,I,Y,N,D,1,0,0,0,23152.0,1,36.70724508,-121.62734772,4
2016,2016-07-10,1524,7,2,15,7,N,A,N,A,H,A,-,,S,03,C,,,,,C,N,N,D,1,0,0,0,22350.0,2,36.70134643,-121.65241376,4
2016,2016-07-02,2136,7,2,21,6,N,A,N,A,H,D,-,,E,03,B,,,,,E,Y,M,D,1,0,0,0,22350.0,3,36.67984852,-121.65432366,4
2016,2016-07-20,1417,7,2,14,3,N,A,N,A,H,A,-,,N,08,D,,,,,C,N,N,D,1,0,0,0,22102.0,2,36.65852172,-121.6349742,4
2016,2016-07-21,1514,7,2,15,4,N,A,N,A,H,A,-,,E,04,C,,,,,C,Y,N,A,6,0,0,0,21703.0,3,36.67724936,-121.63870823,4
2016,2016-07-21,1726,7,2,17,4,N,A,N,A,H,A,-,,N,03,C,,,,,C,Y,N,D,1,0,0,0,22350.0,2,36.6744276,-121.67857147,4
2016,2016-07-21,2246,7,2,22,4,N,A,N,A,H,C,-,,E,03,C,,,,,C,N,N,A,2,0,0,0,22350.0,2,36.68996523,-121.65217784,4
2016,2016-07-28,617,7,2,6,4,N,B,N,B,H,B,-,,E,17,A,,,,,C,Y,N,A,1,0,0,0,21461.0,2,36.71357685,-121.6518147,4
2016,2016-07-23,1737,7,2,17,6,Y,A,N,A,H,A,-,,,10,G,Y,,,,B,N,F,D,1,1,0,0,21950.0,2,36.71347008,-121.64925986,3
2016,2016-07-22,2216,7,2,22,5,Y,A,N,A,H,C,-,,,12,D,,,,,D,Y,F,A,1,0,0,0,21453.0,2,36.70013003,-121.63451991,4
2016,2016-06-26,1153,6,2,11,7,Y,A,Y,A,H,A,-,,,04,C,,,,,C,Y,N,D,1,0,0,0,21703.0,2,36.7178574,-121.66080946,4
2016,2016-06-30,1913,6,2,19,4,N,A,N,A,H,A,-,,S,09,D,,,,,C,N,N,A,1,0,0,0,21804.0,2,36.71166084,-121.65422014,4
2016,2016-06-30,747,6,2,7,4,N,B,N,A,H,A,-,,N,21,G,Y,,,,B,N,N,D,1,1,0,0,22106.0,2,36.67832553,-121.60936254,4
2016,2016-06-29,2017,6,2,20,3,Y,A,N,A,H,A,-,,,12,D,,,,,C,Y,F,A,1,0,0,0,21453.0,2,36.67181007,-121.65565992,4
2016,2016-07-01,2123,7,2,21,5,Y,A,N,A,H,C,-,,,12,D,,,,,C,Y,N,A,4,0,0,0,21453.0,2,36.69213004,-121.60134986,4
2016,2016-07-11,1701,7,2,17,1,Y,A,N,A,H,A,-,,,12,D,,,,,C,Y,N,A,1,0,0,0,21453.0,2,36.69607005,-121.66875995,4
2016,2016-07-01,35,7,2,0,5,N,A,Y,A,H,C,-,,W,01,C,,,,,C,Y,N,A,5,0,0,0,23152.0,3,36.7178574,-121.66080946,4
2016,2016-07-16,1316,7,2,13,6,Y,A,Y,A,H,A,D,22,,04,C,,,,,C,N,N,A,1,0,0,0,21703.0,2,36.67852854,-121.65857564,4
2016,2016-07-18,1129,7,2,11,1,N,A,N,A,H,A,-,,S,03,C,,,,,C,Y,N,A,1,0,0,0,22350.0,2,36.68286958,-121.65336041,4
2016,2016-05-17,1906,5,1,19,2,N,A,N,A,H,A,A,01,N,10,H,Y,,,,B,N,N,D,1,1,0,0,21950.0,2,36.21752583,-121.13220735,4
2016,2016-05-14,1910,5,1,19,6,Y,A,N,A,H,A,-,,,03,C,,,,,C,N,F,D,2,0,0,0,22350.0,2,36.70482011,-121.62979998,4
2016,2016-07-20,1813,7,2,18,3,Y,A,N,A,H,A,-,,,09,B,,,,,C,Y,N,D,1,0,0,0,21802.0,2,36.67867012,-121.60613993,4
2016,2016-07-12,1831,7,2,18,2,Y,A,N,A,H,A,-,,,03,C,,,,,C,Y,N,D,1,0,0,0,22350.0,2,36.72107008,-121.64965993,4
2016,2016-07-13,1654,7,2,16,3,Y,A,N,A,H,A,-,,,09,D,,,,,C,Y,N,A,1,0,0,0,21801.0,2,36.67396007,-121.65368991,4
2016,2016-07-12,1710,7,2,17,2,N,A,N,A,H,A,-,,N,09,D,,,,,G,Y,N,D,1,0,0,0,21801.0,2,36.67691075,-121.61183205,3
2016,2016-06-06,1236,6,2,12,1,N,A,N,A,H,A,-,,N,09,D,,,,,C,N,N,D,1,0,0,0,21801.0,2,36.67705211,-121.62672502,4
2016,2016-08-30,1641,8,2,16,2,N,A,N,A,H,A,N,60,W,11,G,Y,,,,B,N,N,D,1,1,0,0,21954.0,2,36.43048265,-121.32565167,4
2016,2016-08-27,2020,8,2,20,6,Y,A,N,A,H,C,A,01,,12,D,,,,,C,Y,N,A,1,0,0,0,21453.0,2,36.4297,-121.33375987,4
2016,2016-08-16,1528,8,2,15,2,N,A,N,A,H,A,A,07,W,03,C,,,,,C,N,N,D,1,0,0,0,22350.0,2,36.60119888,-121.89998949,4
2016,2016-08-19,1759,8,2,17,5,N,A,N,A,H,A,D,22,E,09,D,,,,,C,Y,N,D,1,0,0,0,21801.0,2,36.59775715,-121.85291046,4
2016,2016-07-17,2128,7,2,21,7,Y,A,N,A,H,C,A,01,,09,D,,,,,C,Y,F,A,1,0,0,0,21800.0,2,36.32016011,-121.23662992,4
2016,2016-08-16,1408,8,2,14,2,Y,A,N,A,H,A,A,01,,09,D,,,,,D,N,N,D,1,0,0,0,21802.0,2,36.50520006,-121.44115986,4
2016,2016-08-18,2013,8,2,20,4,Y,A,N,A,H,C,A,01,,03,C,,,,,D,Y,N,D,1,0,0,0,22350.0,4,36.5019701,-121.43977988,4
2016,2016-07-08,1450,7,2,14,5,N,A,Y,A,H,A,N,60,N,11,A,Y,,,,B,N,N,D,1,1,0,0,21954.0,2,36.61401014,-121.93005748,4
2016,2016-06-20,1840,6,2,18,1,Y,A,N,A,H,A,A,01,,12,D,,,,,C,Y,N,A,1,0,0,0,22450.0,2,36.61847006,-121.91753986,4
2016,2016-08-24,1756,8,2,17,3,Y,A,Y,A,H,A,D,22,,03,C,,,,,C,N,N,A,1,0,0,0,22350.0,2,36.59303477,-121.87829444,4
2016,2016-08-23,815,8,2,8,2,N,A,N,A,H,A,A,01,E,03,D,,,,,C,Y,N,D,4,0,0,0,22350.0,3,36.5798995,-121.81545126,4
2016,2016-08-29,115,8,2,1,1,N,A,N,A,H,D,D,22,W,08,H,,,,,-,Y,N,D,1,0,0,0,22107.0,1,36.60087668,-121.90834063,4
2016,2016-05-31,1830,5,1,18,2,N,A,N,A,H,A,A,07,E,08,A,,,,,E,Y,N,D,1,0,0,0,22107.0,1,36.61555679,-121.92210018,3
2016,2016-06-28,529,6,2,5,2,N,A,N,A,H,A,-,,,12,H,,,,,C,N,M,-,1,0,0,0,22450.0,2,36.32412009,-121.23750996,4
2016,2016-08-08,1508,8,2,15,1,N,A,N,A,H,A,-,- ,N,00,G,,Y,,Y,A,N,N,A,1,0,1,0,,2,36.42490812,-121.32619247,2
2016,2016-08-26,2157,8,2,21,5,Y,A,N,A,H,C,A,01,,01,E,,,,,I,Y,N,A,1,0,0,0,23152.0,1,36.66174009,-121.79136991,4
2016,2016-08-16,1435,8,2,14,2,N,A,N,A,H,A,C,06,N,21,G,Y,,Y,,B,N,N,D,1,1,0,0,22106.0,2,36.55391089,-121.92355907,4
2016,2016-08-10,1734,8,2,17,3,Y,B,N,A,H,A,N,60,,11,G,Y,,,,B,N,N,A,1,1,0,0,21950.0,3,36.54884008,-121.9260999,3
2016,2016-09-02,2123,9,3,21,5,Y,A,N,A,H,C,D,22,,09,A,,Y,,,G,N,N,A,1,0,1,0,21804.0,2,36.5887001,-121.89792989,3
2016,2016-09-06,858,9,3,8,2,Y,A,N,A,H,A,D,22,,03,C,,,,,C,N,N,D,1,0,0,0,22350.0,2,36.60482009,-121.86071986,4
2016,2016-08-30,737,8,2,7,2,Y,A,N,A,H,A,D,22,,10,A,,Y,,,G,N,N,A,1,0,1,0,21950.0,2,36.60318007,-121.89536997,4
2016,2016-08-31,1149,8,2,11,3,Y,A,N,A,H,A,A,01,,09,A,,,,,C,Y,N,A,3,0,0,0,21801.0,2,36.60019011,-121.89580997,4
2016,2016-09-06,1734,9,3,17,2,N,A,N,A,H,A,A,07,E,03,C,,,,,C,N,N,D,2,0,0,0,22350.0,2,36.59725892,-121.85594204,4
2016,2016-09-10,1520,9,3,15,6,Y,A,N,A,H,A,A,07,,09,A,,,,,C,Y,N,D,2,0,0,0,21802.0,2,36.61204005,-121.90168996,4
2016,2016-06-24,756,6,2,7,5,N,B,Y,A,H,A,D,22,W,03,C,,,,,C,Y,N,A,1,0,0,0,22350.0,3,36.60756945,-121.8559619,4
2016,2016-06-25,1408,6,2,14,6,N,A,N,A,H,A,-,- ,W,- ,D,,Y,,,G,N,N,D,1,0,1,0,,2,36.61691833,-121.84231427,3