ACCIDENT_YEAR,COLLISION_DATE,COLLISION_TIME,MONTH,SEASON,24HOURS,DAY_OF_WEEK,INTERSECTION,WEATHER_1,STATE_HWY_IND,ROAD_SURFACE,ROAD_COND_1,LIGHTING,STWD_VEHTYPE_AT_FAULT,CHP_VEHTYPE_AT_FAULT,DIRECTION,PCF_VIOL_CATEGORY,TYPE_OF_COLLISION,PEDESTRIAN_ACCIDENT,BICYCLE_ACCIDENT,MOTORCYCLE_ACCIDENT,TRUCK_ACCIDENT,MVIW,TOW_AWAY,HIT_AND_RUN,CONTROL_DEVICE,NUMBER_INJURED,COUNT_PED_INJURED,COUNT_BICYCLIST_INJURED,COUNT_MC_INJURED,PCF_VIOLATION,PARTY_COUNT,POINT_Y,POINT_X,COLLISION_SEVERITY
2017,2017-08-28,1952,8,2,19,1,N,A,N,A,H,C,N,60,W,11,G,Y,,,,B,N,N,D,1,1,0,0,21954.0,2,36.68132427,-121.6165104,4
2017,2017-06-14,1621,6,2,16,3,N,A,N,A,H,A,-,,E,01,B,,,,,C,Y,N,D,1,0,0,0,23152.0,3,36.6796441,-121.66148817,4
2018,2018-01-17,806,1,4,8,3,N,A,N,A,H,A,A,01,N,09,D,,,,,C,N,N,A,1,0,0,0,21803.0,2,36.61690521240234,-121.90611267089844,4
2018,2018-01-25,1520,1,4,15,4,Y,B,N,A,H,A,D,22,,09,D,,,,,C,N,N,A,1,0,0,0,21800.0,2,36.5974006652832,-121.88272094726562,4
2018,2018-01-26,1215,1,4,12,5,N,A,N,A,H,A,-,- ,E,18,E,,,,,I,Y,N,D,1,0,0,0,,1,36.59782409667969,-121.85268402099608,4
2018,2018-01-25,1749,1,4,17,4,N,B,N,A,H,C,A,01,W,07,B,,,,,C,Y,N,D,5,0,0,0,21658.0,4,36.5999412536621,-121.88533782958984,3
2018,2018-02-03,941,2,4,9,6,N,A,N,A,H,A,A,01,N,21,D,,,,,C,N,N,D,1,0,0,0,22106.0,2,36.60056686401367,-121.86046600341795,4
2018,2018-01-17,1119,1,4,11,3,Y,A,N,A,H,A,A,07,,03,C,,,,,C,Y,N,A,2,0,0,0,22350.0,2,36.68059921264648,-121.7848892211914,4
2017,2017-12-04,1646,12,4,16,1,N,A,N,A,H,C,-,,S,21,C,,,,,C,N,N,A,1,0,0,0,22106.0,2,36.60759076,-121.85607709,4
2018,2018-01-31,730,1,4,7,3,N,A,N,A,H,B,A,01,W,03,C,,,,,C,Y,N,A,1,0,0,0,22350.0,3,36.68395614624024,-121.79214477539062,3
2018,2018-02-02,2103,2,4,21,5,N,A,N,A,H,C,A,01,S,01,C,,,,,C,Y,N,A,1,0,0,0,23152.0,2,36.68330764770508,-121.80382537841795,4
2018,2018-01-31,840,1,4,8,3,N,A,N,A,H,A,D,22,W,03,C,,,,,C,Y,N,A,2,0,0,0,22350.0,4,36.66654586791992,-121.79839324951172,3
2018,2018-02-01,1643,2,4,16,4,N,A,N,A,H,A,A,01,E,08,C,,,,,C,Y,M,A,2,0,0,0,22107.0,3,36.667625427246094,-121.80844116210938,3
2017,2017-12-02,908,12,4,9,6,N,A,N,A,H,A,A,01,S,09,A,,,,,I,Y,N,D,1,0,0,0,21801.0,2,36.70235307,-121.66693601,3
2018,2018-01-19,1530,1,4,15,5,Y,A,N,A,H,A,A,07,,03,C,,,,,C,N,M,D,1,0,0,0,22350.0,3,36.68796920776367,-121.65241241455078,4
2018,2018-01-31,1611,1,4,16,3,N,A,Y,A,H,A,-,,S,03,C,,Y,,,G,N,F,A,1,0,1,0,22350.0,2,36.678089141845696,-121.65546417236328,3
2017,2017-12-24,1652,12,4,16,7,Y,B,Y,A,H,B,A,01,,12,D,,,,,C,Y,N,A,3,0,0,0,21453.0,2,36.6704682,-121.65210534,3
2017,2017-12-19,1915,12,4,19,2,Y,B,Y,A,H,C,A,01,,09,D,,,,,C,Y,N,D,1,0,0,0,21801.0,2,36.6833039,-121.67092698,4
2018,2018-01-26,1154,1,4,11,5,N,A,Y,A,H,A,D,22,N,09,D,,,,,C,Y,N,D,2,0,0,0,21801.0,3,36.68293380737305,-121.65342712402344,4
2017,2017-11-14,1014,11,3,10,2,N,A,Y,A,H,A,A,07,,03,C,,,,,C,N,F,A,1,0,0,0,22350.0,2,36.67069924,-121.64268125,3
2018,2018-01-14,2021,1,4,20,7,Y,A,Y,A,H,C,N,60,,11,G,Y,,,,B,N,N,D,1,1,0,0,21954.0,2,36.678672790527344,-121.65897369384766,2
2018,2018-02-20,925,2,4,9,2,N,A,Y,A,H,A,A,01,W,03,C,,,,,C,N,N,A,1,0,0,0,22350.0,2,36.58348846435546,-121.85568237304688,2
2018,2018-01-30,1101,1,4,11,2,N,A,N,A,H,A,A,07,E,08,H,,,,,C,Y,N,D,1,0,0,0,22107.0,2,36.66949844360352,-121.81314849853516,4
2018,2018-02-15,848,2,4,8,4,N,A,Y,A,H,A,A,07,E,08,D,,,,,C,Y,N,D,1,0,0,0,22107.0,2,36.58340072631836,-121.85483551025392,3
2018,2018-01-12,1252,1,4,12,5,N,A,Y,A,H,A,D,22,S,03,C,,,,,C,,N,D,1,0,0,0,22350.0,2,36.65255737304688,-121.6611785888672,4
2018,2018-02-25,1700,2,4,17,7,Y,A,Y,A,H,A,A,01,,08,A,,,,,C,N,N,D,1,0,0,0,22107.0,2,36.604270935058594,-121.92026519775392,4
2018,2018-01-17,1651,1,4,16,3,N,A,N,A,H,A,C,02,S,03,C,,,Y,,C,N,N,D,1,0,0,1,22350.0,2,36.61433792114258,-121.90237426757812,4
2018,2018-02-08,809,2,4,8,4,Y,A,N,A,H,A,A,01,,09,D,,,,,C,Y,N,A,3,0,0,0,21802.0,2,36.5947522,-121.88719196,3
2018,2018-01-18,1718,1,4,17,4,N,A,N,A,H,B,-,,E,03,C,,,,,C,Y,N,A,2,0,0,0,22350.0,3,36.71624374389648,-121.63835144042967,4
2018,2018-01-15,1630,1,4,16,1,Y,A,N,A,H,A,-,,,04,C,,,,,C,N,N,A,1,0,0,0,21703.0,2,36.68133163452149,-121.66580200195312,4
2018,2018-01-17,105,1,4,1,3,N,A,N,A,H,C,A,01,N,01,E,,,,,I,Y,N,D,1,0,0,0,23152.0,1,36.624614715576165,-121.92525482177734,4
2018,2018-02-08,758,2,4,7,4,N,A,Y,A,H,A,A,01,W,03,C,,,,,C,Y,N,D,2,0,0,0,22350.0,2,36.58439636230469,-121.85869598388672,4
2018,2018-01-13,2255,1,4,22,6,Y,A,N,A,H,C,-,- ,,12,D,,,,,C,Y,N,A,1,0,0,0,21453.0,2,36.67760848999024,-121.65593719482422,4
2018,2018-01-02,1406,1,4,14,2,Y,A,N,A,H,A,A,01,,00,D,,,,,C,Y,N,A,1,0,0,0,12500.0,3,36.6980094909668,-121.66246032714844,3
2018,2018-01-03,318,1,4,3,3,Y,A,N,A,H,C,-,,,12,D,,,,,C,Y,N,A,2,0,0,0,21453.0,2,36.681201934814446,-121.60430145263672,4
2018,2018-01-08,1655,1,4,16,1,N,B,N,B,H,C,A,01,W,10,G,,Y,,,G,N,F,D,1,0,1,0,21950.0,2,36.69319534301758,-121.65277099609376,3
2018,2018-01-10,1303,1,4,13,3,Y,A,N,A,H,A,-,,,01,C,,,,,C,Y,M,D,2,0,0,0,23152.0,2,36.67810821533203,-121.64231872558594,4
2018,2018-01-08,1738,1,4,17,1,N,C,N,B,H,C,A,01,N,03,C,,,,,C,Y,N,D,4,0,0,0,22350.0,3,36.68497085571289,-121.65277099609376,2
2018,2018-01-13,757,1,4,7,6,N,A,N,A,H,A,A,01,E,10,A,Y,,,,B,N,F,D,1,1,0,0,21954.0,2,,,2
2018,2018-01-04,2149,1,4,21,4,Y,A,N,A,H,C,-,,,05,-,,,,,C,Y,N,A,1,0,0,0,21650.0,3,36.69374084472656,-121.66840362548828,4
2018,2018-01-22,1641,1,4,16,1,Y,A,N,A,H,B,A,01,,10,G,Y,,,,B,N,F,D,1,1,0,0,21950.0,2,36.70006942749024,-121.62319183349608,2
2018,2018-01-10,1758,1,4,17,3,Y,A,N,A,H,C,-,,,03,D,,,,,-,Y,N,D,3,0,0,0,22350.0,2,36.7056999206543,-121.65325164794922,4
2018,2018-01-24,1112,1,4,11,3,Y,A,N,A,H,A,A,01,,04,C,,,,,C,N,N,A,2,0,0,0,21703.0,2,36.67760848999024,-121.65593719482422,4
2018,2018-01-06,1310,1,4,13,6,Y,A,N,A,H,A,-,,,04,B,,,,,C,N,N,A,2,0,0,0,21703.0,2,36.71552313,-121.62350102,4
2018,2018-01-25,1639,1,4,16,4,Y,A,N,A,H,A,A,01,,10,G,Y,,,,B,N,N,A,1,1,0,0,21950.0,2,36.72161865234375,-121.6562271118164,3
2018,2018-01-15,554,1,4,5,1,N,A,N,A,H,B,-,,N,05,A,,,,,C,Y,N,D,2,0,0,0,21460.0,2,36.65465545654297,-121.62299346923828,3
2018,2018-01-17,1832,1,4,18,3,N,A,N,A,H,A,D,22,W,08,A,,,,,I,N,N,D,1,0,0,0,22107.0,1,36.65774154663086,-121.65322113037108,3
2018,2018-01-02,1543,1,4,15,2,N,A,N,A,H,A,C,02,N,03,C,,,Y,,C,N,N,D,1,0,0,1,22350.0,2,36.65343475341797,-121.62678527832033,3
2018,2018-01-07,553,1,4,5,7,N,E,N,A,H,C,A,01,E,03,A,,,,,I,Y,N,D,1,0,0,0,22350.0,1,36.67154312133789,-121.6700439453125,2
2018,2018-01-10,2012,1,4,20,3,N,A,N,A,H,C,-,,E,08,C,,,,,E,Y,M,D,1,0,0,0,22107.0,3,36.67617034912109,-121.65146636962892,3
2018,2018-01-12,1500,1,4,15,5,Y,A,N,A,H,A,L,04,,09,G,,Y,,,G,N,N,D,1,0,1,0,21802.0,2,36.7056999206543,-121.65325164794922,3
2018,2018-01-17,1009,1,4,10,3,Y,A,Y,A,H,A,-,,,03,A,,,,,I,Y,N,D,1,0,0,0,22350.0,1,36.66480255126953,-121.62537384033205,3
2018,2018-01-27,730,1,4,7,6,Y,A,N,A,H,A,L,04,,05,D,,Y,,,G,N,N,A,1,0,1,0,21650.0,2,36.70013046264648,-121.634521484375,3
2018,2018-01-08,1534,1,4,15,1,N,C,N,B,H,A,-,,W,03,C,,,,,C,Y,N,A,4,0,0,0,22350.0,3,36.70603942871094,-121.60355377197266,3
2018,2018-01-27,1347,1,4,13,6,N,A,N,A,H,A,A,01,E,03,C,,,,,C,N,N,D,1,0,0,0,22350.0,2,36.725051879882805,-121.6563720703125,3
2018,2018-01-27,934,1,4,9,6,N,A,N,A,H,A,A,01,E,10,G,Y,,,,B,N,N,A,1,1,0,0,21950.0,2,36.71345520019531,-121.65275573730467,3
2018,2018-01-27,1513,1,4,15,6,Y,A,N,A,H,A,-,,,09,A,,,,,C,Y,N,D,1,0,0,0,21804.0,2,36.70751190185546,-121.6560287475586,3
2018,2018-01-02,2219,1,4,22,2,Y,A,N,A,H,D,A,01,,01,D,,,,,C,Y,N,A,4,0,0,0,23152.0,2,36.670501708984375,-121.65220642089844,3
2018,2018-01-30,1715,1,4,17,2,Y,A,N,A,H,B,-,,,03,D,,,,,C,N,F,D,1,0,0,0,22350.0,2,36.67805099487305,-121.6378173828125,4
2018,2018-01-04,818,1,4,8,4,Y,B,N,B,H,A,A,01,,03,E,,,,,I,Y,N,A,1,0,0,0,22350.0,1,36.68429183959961,-121.65283203125,4
2018,2018-01-01,49,1,4,0,1,N,A,N,A,H,C,-,,E,21,D,,,,,C,Y,N,D,1,0,0,0,22106.0,4,36.68852996826172,-121.6171417236328,4
2018,2018-01-09,1612,1,4,16,2,N,A,N,A,H,A,D,22,W,03,C,,,,,C,N,F,A,1,0,0,0,22350.0,2,36.721622467041016,-121.65626525878906,4
2018,2018-01-22,1652,1,4,16,1,N,A,N,A,H,A,-,,S,09,D,,,,,C,Y,N,D,2,0,0,0,21801.0,2,36.67348861694336,-121.60247039794922,3
2018,2018-01-25,1848,1,4,18,4,Y,A,N,B,H,C,-,,,03,C,,,,,C,N,M,D,1,0,0,0,22350.0,2,36.68621063232422,-121.61514282226562,3
2018,2018-01-26,1101,1,4,11,5,Y,A,N,A,H,A,-,,,12,B,,,,,C,Y,N,A,2,0,0,0,21453.0,2,36.65898895263672,-121.63884735107422,4
2018,2018-01-18,657,1,4,6,4,N,A,N,A,H,A,-,,S,08,E,,,,,I,Y,N,A,1,0,0,0,22107.0,1,36.66898727416992,-121.64653778076172,3
2018,2018-02-03,1213,2,4,12,6,N,A,N,A,H,A,A,01,W,04,C,,,,,C,Y,N,D,1,0,0,0,21703.0,2,36.68177032470703,-121.65574645996094,3
2018,2018-01-14,1744,1,4,17,7,Y,A,Y,A,H,C,-,,,12,D,,,,,C,,N,A,1,0,0,0,21453.0,2,36.701271057128906,-121.66619110107422,4
2017,2017-12-09,2147,12,4,21,6,N,A,N,A,H,C,N,60,S,11,G,Y,,,,B,N,N,D,1,1,0,0,21955.0,2,36.67232017,-121.62747881,3
2017,2017-12-17,517,12,4,5,7,N,A,N,A,H,C,-,,E,06,B,,,,,C,N,F,D,1,0,0,0,21750.0,2,36.67266239,-121.62511901,4
2017,2017-12-26,2030,12,4,20,2,N,A,N,A,H,C,-,,S,09,D,,,,,C,N,N,A,1,0,0,0,21804.0,2,36.68289437,-121.62096522,4
2017,2017-12-12,2239,12,4,22,2,N,A,N,A,H,C,-,,N,03,D,,,,,C,Y,N,D,1,0,0,0,22350.0,2,36.67343457,-121.61792286,4
2017,2017-12-21,2300,12,4,23,4,N,A,N,A,H,C,-,,S,03,B,,,,,C,Y,F,A,1,0,0,0,22350.0,2,36.68959951,-121.65230091,3
2017,2017-12-29,2238,12,4,22,5,Y,A,N,A,H,C,-,,,09,A,,,,,C,Y,N,D,4,0,0,0,21801.0,2,36.68900001,-121.59071989,3
2017,2017-12-21,46,12,4,0,4,Y,A,N,A,G,C,-,,,09,D,,,,,C,Y,N,A,2,0,0,0,21801.0,2,36.69097,-121.64608989,4
2017,2017-12-13,1038,12,4,10,3,N,A,N,A,H,A,-,,W,03,C,,,,,C,Y,N,D,1,0,0,0,22350.0,2,36.71728673,-121.64513713,4
2017,2017-12-22,1807,12,4,18,5,N,A,N,A,H,C,-,,S,21,D,,,,,C,Y,N,D,1,0,0,0,22106.0,2,36.69414786,-121.5972233,4
2017,2017-12-14,1113,12,4,11,4,Y,A,N,A,H,A,-,,,03,C,,,,,C,N,N,A,1,0,0,0,22350.0,2,36.70482011,-121.62979998,4
2017,2017-12-21,1304,12,4,13,4,N,A,N,A,H,A,-,,S,09,G,Y,,,,B,N,F,D,1,1,0,0,21804.0,2,36.70318617,-121.65275449,4
2017,2017-12-24,210,12,4,2,7,N,A,N,A,H,C,-,,N,05,A,,,,,E,Y,N,D,1,0,0,0,21650.0,4,36.67779416,-121.62361462,4
2017,2017-06-04,1706,6,2,17,7,Y,A,N,A,H,A,-,,,10,B,Y,,,,B,,F,D,1,1,0,0,21950.0,2,36.66938007,-121.62834991,4
2017,2017-11-23,1156,11,3,11,4,Y,A,N,A,H,A,-,,,05,-,,,,,C,N,N,-,1,0,0,0,21651.0,2,36.69237011,-121.59354996,4
2017,2017-11-17,1508,11,3,15,5,Y,A,N,A,A,A,-,,,09,D,,,,,C,Y,N,A,2,0,0,0,21802.0,2,36.66704006,-121.65342991,4
2018,2018-02-05,1250,2,4,12,1,N,A,N,A,H,A,-,- ,E,03,C,,,,,C,N,N,D,1,0,0,0,22350.0,2,36.59724044799805,-121.85606384277344,4
2018,2018-02-09,1713,2,4,17,5,Y,A,N,A,H,A,A,07,,01,C,,,,,C,N,M,D,1,0,0,0,23153.0,2,36.601608276367195,-121.89299011230467,4
2018,2018-02-18,2246,2,4,22,7,N,C,N,B,H,C,A,01,W,01,C,,,,,E,Y,N,D,1,0,0,0,23152.0,2,36.5999412536621,-121.88489532470705,3
2018,2018-02-19,1117,2,4,11,1,N,B,N,A,H,A,-,- ,N,18,H,,,,,A,N,N,D,1,0,0,0,,1,36.58440399169922,-121.90277099609376,3
2017,2017-12-07,939,12,4,9,4,Y,A,N,A,H,A,-,99,,10,G,Y,,,,B,N,F,D,1,1,0,0,21950.0,2,36.70984004,-121.64485997,4
2017,2017-12-20,1853,12,4,18,3,N,A,N,A,H,C,A,01,S,03,C,,,,,D,N,M,D,1,0,0,0,22350.0,2,36.69608718,-121.63851339,4
2018,2018-02-04,1458,2,4,14,7,N,A,N,A,H,A,D,22,W,03,C,,,,,C,N,N,D,1,0,0,0,22350.0,2,36.60029983520508,-121.89028167724608,4
2018,2018-02-14,1646,2,4,16,3,N,A,N,A,H,A,A,01,E,03,C,,,,,C,Y,N,D,1,0,0,0,22350.0,2,36.59732055664063,-121.85553741455078,4
2018,2018-02-20,1736,2,4,17,2,Y,A,N,A,H,B,A,07,,12,D,,,,,C,Y,N,A,2,0,0,0,21453.0,2,36.6114501953125,-121.89994049072266,4
2018,2018-02-05,1530,2,4,15,1,Y,A,N,A,H,A,A,01,,09,A,,Y,,,G,N,N,A,1,0,1,0,21802.0,2,36.60559844970703,-121.92887878417967,3
2018,2018-02-27,845,2,4,8,2,N,A,N,A,H,A,-,- ,W,00,C,,,,,C,N,N,A,2,0,0,0,,2,36.61509704589844,-121.9204559326172,2
2018,2018-01-12,758,1,4,7,5,N,E,N,B,H,B,A,01,W,22,E,,,,,E,Y,N,D,1,0,0,0,,2,,,4
2018,2018-03-08,1310,3,1,13,4,Y,A,N,A,H,A,A,08,,03,C,,,,,C,N,N,D,1,0,0,0,22350.0,2,36.602081298828125,-121.86660003662108,4
2018,2018-01-26,701,1,4,7,5,N,A,N,A,H,A,A,01,S,09,D,,,,,C,Y,N,D,1,0,0,0,21804.0,2,36.688419342041016,-121.61123657226562,3
2018,2018-01-30,1648,1,4,16,2,Y,A,Y,A,H,B,-,- ,,00,G,,Y,,,G,N,N,A,1,0,1,0,,2,36.32516098022461,-121.2392578125,4
2018,2018-02-15,2328,2,4,23,4,N,A,N,A,H,C,A,07,E,09,D,,,,,C,Y,N,D,3,0,0,0,21801.0,2,36.60403060913086,-121.86228942871094,4
2018,2018-02-23,1748,2,4,17,5,Y,A,N,A,H,A,A,01,,09,D,,,,,C,Y,N,A,1,0,0,0,21801.0,2,36.592811584472656,-121.87712860107422,4
2018,2018-03-01,1322,3,1,13,4,N,B,N,B,H,A,A,07,E,03,C,,,,,C,Y,N,A,1,0,0,0,22350.0,3,36.59162521362305,-121.8804168701172,3
2018,2018-03-02,1407,3,1,14,5,N,B,N,B,H,A,A,07,E,08,E,,,,,I,Y,N,D,1,0,0,0,22107.0,1,36.60558319091797,-121.85947418212892,3
2018,2018-03-08,1349,3,1,13,4,Y,A,N,A,H,A,A,01,,21,C,,,,,C,N,N,A,1,0,0,0,22106.0,2,36.602081298828125,-121.86660003662108,4
2018,2018-03-08,1108,3,1,11,4,Y,A,N,A,H,A,A,08,,09,D,,,,,C,N,N,D,1,0,0,0,21801.0,2,36.58887100219727,-121.89774322509766,4
2018,2018-02-14,933,2,4,9,3,N,A,N,A,H,A,L,04,E,05,H,,Y,,,G,N,N,A,1,0,1,0,21650.0,2,36.677783966064446,-121.77936553955078,3
2018,2018-02-23,1633,2,4,16,5,N,A,N,A,H,A,A,08,,13,C,,,,,E,N,N,D,1,0,0,0,22515.0,2,,,4
2018,2018-03-12,1041,3,1,10,1,Y,B,N,A,H,A,D,22,,09,D,,,,,C,Y,N,D,1,0,0,0,21802.0,2,36.5948486328125,-121.88101196289062,4
2018,2018-03-10,1621,3,1,16,6,N,B,N,B,H,A,C,02,N,03,F,,,Y,,C,N,N,A,1,0,0,1,22350.0,2,36.600688934326165,-121.89236450195312,4
2018,2018-02-25,1550,2,4,15,7,N,A,N,A,H,A,A,01,W,21,C,,,,,C,N,N,D,1,0,0,0,22106.0,2,36.60031509399414,-121.89037322998048,4
2018,2018-02-22,758,2,4,7,4,-,B,N,A,H,A,-,- ,N,18,C,,,,,E,N,N,A,1,0,0,0,,3,36.676788330078125,-121.62158203125,4
2018,2018-03-14,1723,3,1,17,3,N,A,N,A,H,A,A,01,S,03,C,,,,,C,Y,N,A,1,0,0,0,22350.0,2,36.6671028137207,-121.77204895019533,4
2017,2017-10-14,1134,10,3,11,6,Y,A,N,A,H,A,-,,,12,-,,,,,C,N,N,A,1,0,0,0,22450.0,2,36.6730901,-121.67591991,3
2017,2017-12-12,1126,12,4,11,2,N,A,N,A,H,C,-,,,04,C,,,,,D,Y,M,A,1,0,0,0,21703.0,2,36.71221782,-121.64404213,4
2018,2018-03-08,842,3,1,8,4,Y,A,N,A,H,A,A,01,,08,D,,,,,C,N,N,D,1,0,0,0,22103.0,2,36.594688415527344,-121.8823013305664,4
2018,2018-02-16,1525,2,4,15,5,N,A,N,A,H,A,-,,S,21,G,Y,,,,B,N,N,D,1,1,0,0,22106.0,2,36.67647171020508,-121.66079711914062,3
2018,2018-02-26,903,2,4,9,1,Y,B,N,A,H,A,A,08,,09,D,,,,,C,N,N,A,2,0,0,0,21802.0,2,36.66204071044922,-121.67198944091795,4
2018,2018-02-19,1601,2,4,16,1,N,-,N,A,H,A,-,,S,09,D,,,,,C,N,N,D,1,0,0,0,21804.0,2,36.676094055175774,-121.61327362060548,3
2018,2018-01-21,1715,1,4,17,7,Y,A,N,A,H,A,-,,,09,D,,,,,C,Y,N,D,1,0,0,0,21802.0,2,36.676921844482415,-121.63549041748048,4
2018,2018-02-06,841,2,4,8,2,Y,A,N,A,H,A,A,01,,09,D,,,,,D,N,N,D,1,0,0,0,21800.0,2,36.68881988525391,-121.61869049072266,4
2018,2018-01-25,914,1,4,9,4,N,A,N,B,H,A,-,,S,03,C,,,,,C,Y,N,D,1,0,0,0,22350.0,3,36.6960334777832,-121.63856506347656,4
2018,2018-02-16,1719,2,4,17,5,N,A,N,A,H,A,-,,E,21,C,,,,,C,N,N,A,1,0,0,0,22106.0,3,36.7134017944336,-121.65317535400392,4
2018,2018-02-14,2012,2,4,20,3,Y,A,N,A,H,C,-,,,03,D,,,,,C,N,N,D,2,0,0,0,22350.0,3,36.67863082885742,-121.6122817993164,4
2018,2018-02-08,1722,2,4,17,4,Y,A,N,A,H,A,-,,,09,D,,,,,C,Y,N,A,3,0,0,0,21802.0,2,36.69610977172852,-121.60411071777344,4
2018,2018-02-22,1639,2,4,16,4,N,A,N,A,H,A,-,,S,10,G,Y,,,,B,N,N,A,1,1,0,0,21950.0,2,36.694454193115234,-121.6405029296875,2
2018,2018-02-15,907,2,4,9,4,Y,A,N,A,H,A,-,,,10,G,Y,,,,B,N,N,A,1,1,0,0,21950.0,2,36.666259765625,-121.66139221191406,4
2018,2018-02-25,1751,2,4,17,7,N,A,N,A,H,B,-,,N,03,C,,,,,C,Y,F,D,1,0,0,0,22350.0,3,36.68270492553711,-121.64971923828124,4
2018,2018-02-06,1345,2,4,13,2,N,A,N,A,H,A,A,07,S,08,C,,,,,E,Y,N,D,2,0,0,0,22107.0,3,36.71073913574219,-121.65610504150392,3
2018,2018-02-12,2208,2,4,22,1,N,A,N,A,H,C,-,,S,03,C,,,,,C,N,N,A,2,0,0,0,22350.0,2,36.69602966308594,-121.66875457763672,4
2018,2018-02-05,924,2,4,9,1,Y,A,N,A,H,A,A,01,,00,G,Y,,,,B,N,N,D,1,1,0,0,21951.0,2,36.7056999206543,-121.65325164794922,4
2018,2018-02-22,1243,2,4,12,4,Y,A,N,A,H,A,-,,,09,D,,,,,C,Y,N,D,1,0,0,0,21802.0,3,36.6815185546875,-121.65508270263672,3
2018,2018-02-09,1838,2,4,18,5,Y,A,N,A,H,C,-,,,03,C,,,,,C,Y,N,D,3,0,0,0,22350.0,2,36.70402908325195,-121.65292358398438,3
2018,2018-02-23,954,2,4,9,5,N,A,N,A,H,A,A,01,E,07,B,,,,,C,N,N,A,1,0,0,0,21658.0,2,36.696773529052734,-121.64028167724608,4
2018,2018-02-15,803,2,4,8,4,N,A,N,A,H,A,-,,N,10,-,Y,,,,B,N,N,A,2,2,0,0,21950.0,3,36.686222076416016,-121.61511993408205,3
2018,2018-02-27,1314,2,4,13,2,Y,A,N,A,H,A,A,01,,08,D,,,,,C,Y,N,A,1,0,0,0,22107.0,2,36.69448852539063,-121.63230895996094,4
2018,2018-02-01,1700,2,4,17,4,N,A,N,A,H,A,-,,W,03,C,,,,,C,N,N,A,1,0,0,0,22350.0,2,36.67663192749024,-121.65760803222656,4
2018,2018-02-15,1624,2,4,16,4,N,A,N,A,H,A,-,,E,12,D,,Y,,,G,N,N,D,1,0,1,0,22450.0,2,36.69877243041992,-121.61258697509766,2
2018,2018-02-02,1824,2,4,18,5,Y,A,N,A,H,D,-,,,01,D,,,,,C,Y,F,D,3,0,0,0,23152.0,2,36.67683029174805,-121.61196899414062,2
2018,2018-02-16,1340,2,4,13,5,N,A,N,A,H,A,-,,W,21,-,Y,,,,C,N,F,D,2,2,0,0,22106.0,4,36.710952758789055,-121.65662384033205,3
2018,2018-02-07,730,2,4,7,3,Y,A,N,A,H,A,-,,,12,D,,,,,C,Y,N,A,1,0,0,0,21453.0,2,36.69837951660156,-121.65943145751952,4
2018,2018-02-13,839,2,4,8,2,Y,A,N,A,H,A,-,,,09,D,,,,,D,N,M,D,1,0,0,0,21800.0,2,36.66987991333008,-121.6328125,4
2018,2018-02-03,1832,2,4,18,6,Y,A,N,A,H,C,N,60,,11,G,Y,,,,B,Y,N,A,1,1,0,0,21955.0,2,36.66263198852539,-121.6577377319336,3
2018,2018-02-20,1649,2,4,16,2,N,A,N,A,H,A,A,01,W,09,B,,,,,C,N,N,D,2,0,0,0,21804.0,2,36.67642974853516,-121.63052368164062,4
2018,2018-02-16,1628,2,4,16,5,N,A,N,A,H,A,-,,S,03,C,,,,,C,N,N,A,1,0,0,0,22350.0,2,36.7076301574707,-121.65341186523438,4
2018,2018-02-27,1749,2,4,17,2,N,A,N,A,H,A,-,,W,03,C,,,,,C,Y,N,D,1,0,0,0,22350.0,2,36.67236328125,-121.66555786132812,4
2018,2018-02-15,1321,2,4,13,4,N,A,N,A,H,A,-,,E,08,E,,,,,I,,N,D,1,0,0,0,22107.0,1,36.68448638916016,-121.66315460205078,3
2018,2018-01-19,1856,1,4,18,5,-,A,N,A,H,C,D,22,,09,D,,,Y,,C,Y,F,D,1,0,0,1,21801.0,2,36.61486167,-121.84460878,2
2017,2017-01-23,1757,1,4,17,1,N,A,N,A,H,C,-,,S,03,C,,,,,C,,N,D,1,0,0,0,22350.0,2,36.60676253,-121.83777075,4
2018,2018-01-19,1221,1,4,12,5,N,-,N,A,H,A,A,01,W,09,D,,,Y,,B,Y,N,D,1,0,0,1,21804.0,2,36.61669921875,-121.8320770263672,2
2018,2018-01-18,2239,1,4,22,4,Y,C,N,B,H,C,A,01,,09,A,,,,,C,Y,N,A,1,0,0,0,21453.0,2,36.60261154174805,-121.84882354736328,4