ACCIDENT_YEAR,COLLISION_DATE,COLLISION_TIME,MONTH,SEASON,24HOURS,DAY_OF_WEEK,INTERSECTION,WEATHER_1,STATE_HWY_IND,ROAD_SURFACE,ROAD_COND_1,LIGHTING,STWD_VEHTYPE_AT_FAULT,CHP_VEHTYPE_AT_FAULT,DIRECTION,PCF_VIOL_CATEGORY,TYPE_OF_COLLISION,PEDESTRIAN_ACCIDENT,BICYCLE_ACCIDENT,MOTORCYCLE_ACCIDENT,TRUCK_ACCIDENT,MVIW,TOW_AWAY,HIT_AND_RUN,CONTROL_DEVICE,NUMBER_INJURED,COUNT_PED_INJURED,COUNT_BICYCLIST_INJURED,COUNT_MC_INJURED,PCF_VIOLATION,PARTY_COUNT,POINT_Y,POINT_X,COLLISION_SEVERITY
2018,2018-05-14,2306,5,1,23,1,N,A,N,A,H,C,A,07,S,01,F,,,,,I,Y,N,D,1,0,0,0,23152.0,1,36.61747360229492,-121.90265655517578,4
2018,2018-05-20,1713,5,1,17,7,N,B,N,A,H,A,N,60,N,11,G,Y,,,,B,N,N,A,1,1,0,0,21953.0,2,36.613887786865234,-121.90199279785156,4
2018,2018-05-11,1230,5,1,12,5,N,A,N,A,H,A,A,01,N,03,C,,,,,C,N,N,A,1,0,0,0,22350.0,2,36.5833854675293,-121.90184020996094,4
2018,2018-04-16,1451,4,1,14,1,Y,A,Y,A,H,A,F,26,,03,C,,,,Y,C,N,N,A,2,0,0,0,22350.0,2,36.6652717590332,-121.6261978149414,4
2018,2018-04-26,817,4,1,8,4,Y,A,Y,A,H,A,A,01,,12,D,,,,,C,Y,F,A,1,0,0,0,21453.0,2,36.66286849975586,-121.65771484375,4
2018,2018-04-21,1347,4,1,13,6,N,A,Y,A,H,A,-,99,N,07,B,,,,,C,Y,F,D,1,0,0,0,21658.0,3,36.68177032470703,-121.65386199951172,3
2018,2018-04-04,1435,4,1,14,3,Y,A,Y,A,H,A,A,07,,09,A,,,,,C,Y,N,D,3,0,0,0,21801.0,2,36.66732025146485,-121.62953186035156,3
2018,2018-04-01,1459,4,1,14,7,Y,A,Y,A,H,A,-,- ,,12,D,,,,,C,,N,A,1,0,0,0,21453.0,2,36.6980094909668,-121.66246032714844,4
2018,2018-04-06,1655,4,1,16,5,Y,C,Y,B,H,A,A,08,,01,B,,,,,C,Y,F,D,1,0,0,0,23152.0,2,36.680191040039055,-121.66300201416016,3
2018,2018-03-16,1651,3,1,16,5,Y,A,Y,A,H,A,A,01,,12,D,,,,,D,Y,N,D,1,0,0,0,22450.0,2,36.67959976196289,-121.64190673828124,4
2017,2017-03-05,1900,3,1,19,7,Y,B,Y,A,H,B,-,,,09,B,,Y,,,G,N,F,A,1,0,1,0,21802.0,2,36.67959866,-121.64190374,3
2018,2018-03-31,810,3,1,8,6,N,A,Y,A,H,A,-,99,N,10,G,Y,,,,B,N,F,A,1,1,0,0,21950.0,2,36.664546966552734,-121.65711212158205,2
2018,2018-03-13,1528,3,1,15,2,Y,C,N,B,H,A,-,,,09,D,,,,,C,Y,N,A,2,0,0,0,21801.0,2,36.663818359375,-121.66275787353516,4
2018,2018-05-27,1147,5,1,11,7,Y,A,N,A,H,A,A,07,,12,D,,,,,C,Y,N,A,1,0,0,0,21453.0,2,36.59680938720703,-121.89710235595705,4
2018,2018-05-26,1613,5,1,16,6,Y,B,N,A,H,A,A,08,,09,D,,,,,C,N,N,A,1,0,0,0,21802.0,2,36.59075164794922,-121.89920043945312,4
2018,2018-05-28,1850,5,1,18,1,N,A,N,A,H,A,A,07,E,05,B,,,,,C,Y,N,D,1,0,0,0,21460.0,4,36.5999412536621,-121.88545989990234,4
2018,2018-05-05,2019,5,1,20,6,Y,A,N,A,H,C,A,07,,09,A,,,,,C,Y,N,A,1,0,0,0,21801.0,2,36.60317993164063,-121.89537048339844,3
2018,2018-06-01,48,6,2,0,5,N,A,N,A,H,C,-,- ,S,01,E,,,,,J,Y,N,D,2,0,0,0,23152.0,1,36.61028671264648,-121.89894104003906,3
2018,2018-06-01,1124,6,2,11,5,Y,A,N,A,H,A,A,01,,07,B,,,Y,,C,N,N,D,1,0,0,1,21658.0,2,36.59577178955078,-121.86551666259766,4
2018,2018-05-23,508,5,1,5,3,N,A,N,A,H,B,A,01,N,- ,B,,,,Y,C,N,N,D,1,0,0,0,,3,36.66487884521485,-121.80016326904295,4
2018,2018-06-04,754,6,2,7,1,N,A,N,A,H,A,A,01,S,08,E,,,,,I,Y,N,D,1,0,0,0,22107.0,1,36.683151245117195,-121.79233551025392,4
2018,2018-05-11,1803,5,1,18,5,N,A,N,A,H,A,A,01,S,21,H,Y,,,,B,N,N,D,1,1,0,0,22106.0,2,36.557613372802734,-121.92092895507812,3
2018,2018-05-30,843,5,1,8,3,Y,B,N,A,H,A,A,07,,12,D,,,,,C,Y,N,A,1,0,0,0,21453.0,3,36.61582946777344,-121.90361785888672,4
2018,2018-06-02,750,6,2,7,6,N,A,N,A,H,A,A,01,S,07,B,,,,,C,Y,N,D,1,0,0,0,21658.0,2,,,2
2018,2018-06-01,1736,6,2,17,5,N,A,N,A,H,A,A,01,W,04,C,,,,,C,N,N,D,1,0,0,0,21703.0,2,36.59647750854492,-121.85990142822266,4
2018,2018-05-28,1212,5,1,12,1,N,A,N,A,H,A,A,08,W,03,C,,,,,C,Y,N,A,2,0,0,0,22350.0,3,36.68477630615234,-121.79383087158205,4
2018,2018-05-23,401,5,1,4,3,N,B,Y,B,H,C,-,- ,S,18,A,,,,,I,Y,N,D,2,0,0,0,,1,36.60668182373047,-121.92204284667967,2
2018,2018-03-18,1208,3,1,12,7,Y,A,Y,A,H,A,A,01,,03,C,,,,,C,Y,N,A,2,0,0,0,22350.0,2,36.197750091552734,-121.14956665039062,4
2018,2018-02-27,1806,2,4,18,2,N,A,N,A,H,B,I,11,N,21,C,,,,,C,N,N,A,1,0,0,0,22106.0,2,36.68265151977539,-121.65343475341795,4
2018,2018-05-15,2202,5,1,22,2,N,A,N,A,H,C,-,,W,00,C,,,,,C,Y,N,D,1,0,0,0,23136.0,2,36.70005035400391,-121.6024932861328,3
2018,2018-05-17,507,5,1,5,4,Y,A,N,A,H,B,A,01,,09,D,,,,,C,N,N,D,1,0,0,0,21802.0,2,36.691551208496094,-121.59706878662108,2
2018,2018-04-27,2000,4,1,20,5,N,A,N,A,H,B,-,,S,03,C,,,,,C,Y,F,D,2,0,0,0,22350.0,2,36.70235443115234,-121.66693878173828,4
2017,2017-04-23,1151,4,1,11,7,N,A,N,A,H,A,N,60,N,11,G,Y,,,,B,N,N,D,1,1,0,0,21954.0,2,36.66242915,-121.65507138,4
2018,2018-04-17,2051,4,1,20,2,Y,B,Y,A,H,C,A,01,,12,B,,,,,C,Y,N,A,1,0,0,0,21453.0,2,36.67776870727539,-121.65650177001952,3
2018,2018-04-16,1500,4,1,15,1,N,A,N,A,H,A,-,,N,03,-,,,,,C,N,F,A,1,0,0,0,22350.0,3,36.68568420410156,-121.59658813476562,4
2017,2017-04-29,2130,4,1,21,6,N,A,N,A,H,C,N,60,N,11,G,Y,,,,B,N,N,D,1,1,0,0,21954.0,2,36.6742009,-121.61400496,3
2018,2018-05-05,2054,5,1,20,6,N,A,N,A,H,C,-,,N,08,E,,,,,A,Y,N,D,1,0,0,0,22107.0,1,36.6782455444336,-121.65528869628906,3
2018,2018-05-27,1627,5,1,16,7,Y,A,N,A,H,A,-,,,01,D,,,,,C,Y,N,D,1,0,0,0,23152.0,2,36.70825958251953,-121.63043212890624,4
2018,2018-05-04,442,5,1,4,5,Y,A,N,A,H,C,-,- ,,00,F,,,,,A,Y,N,A,1,0,0,0,,1,36.69213104248047,-121.60134887695312,4
2018,2018-05-15,1511,5,1,15,2,N,A,N,A,H,A,N,60,N,11,G,Y,,,,B,N,N,D,1,1,0,0,21954.0,2,36.68902969360352,-121.6091766357422,3
2018,2018-05-12,907,5,1,9,6,Y,A,N,A,H,A,-,,,09,D,,,,,C,Y,N,D,2,0,0,0,21801.0,2,36.666118621826165,-121.64438629150392,3
2018,2018-05-13,2150,5,1,21,7,N,A,N,A,H,C,-,,S,09,D,,,,,D,Y,N,D,2,0,0,0,21804.0,2,36.69316864013672,-121.59854888916016,4
2018,2018-05-03,1621,5,1,16,4,N,A,N,A,H,A,-,,E,04,C,,,,,C,Y,N,A,2,0,0,0,21703.0,3,36.67716598510742,-121.6521224975586,4
2018,2018-05-04,1250,5,1,12,5,Y,A,N,A,H,A,L,04,,05,-,,Y,,,G,N,N,A,1,0,1,0,21650.0,2,36.7056999206543,-121.65325164794922,3
2018,2018-05-23,2131,5,1,21,3,Y,A,N,A,H,C,-,,,12,D,,,,,C,Y,N,A,2,0,0,0,21453.0,2,36.67251968383789,-121.66438293457033,3
2018,2018-05-20,1330,5,1,13,7,N,A,N,A,H,A,-,,W,03,C,,,,,C,Y,N,D,1,0,0,0,22350.0,2,36.67310333251953,-121.6601104736328,3
2018,2018-05-23,1625,5,1,16,3,Y,A,N,A,H,A,-,,,03,C,,,,,C,N,N,D,1,0,0,0,22350.0,2,36.6738395690918,-121.63672637939452,4
2018,2018-05-22,1608,5,1,16,2,N,A,N,A,H,A,-,,N,04,C,,,,,C,N,N,A,1,0,0,0,21703.0,3,36.67718505859375,-121.62662506103516,4
2018,2018-05-15,1738,5,1,17,2,N,A,N,A,H,A,A,08,N,09,D,,,,,C,Y,F,D,1,0,0,0,21802.0,2,36.70550537109375,-121.63866424560548,2
2018,2018-05-24,1333,5,1,13,4,Y,A,N,A,H,A,-,,,09,B,,,,,C,Y,N,A,3,0,0,0,21801.0,2,36.68865966796875,-121.6108169555664,2
2018,2018-05-27,1552,5,1,15,7,N,A,N,A,H,A,-,,E,09,-,,,,,C,Y,N,A,2,0,0,0,21804.0,3,36.676464080810554,-121.630859375,3
2018,2018-05-22,1549,5,1,15,2,N,A,N,A,H,A,-,,E,21,C,,,,,C,N,N,A,1,0,0,0,22106.0,2,36.68391418457031,-121.66146087646484,4
2018,2018-05-12,1301,5,1,13,6,N,A,N,A,H,A,-,,W,03,C,,,,,C,N,N,A,1,0,0,0,22350.0,2,36.71355056762695,-121.62436676025392,4
2018,2018-05-27,1207,5,1,12,7,N,A,N,A,H,A,A,01,W,11,G,Y,,,,B,N,N,D,1,1,0,0,21954.0,2,36.660694122314446,-121.61631774902344,3
2017,2017-05-13,1345,5,1,13,6,N,A,N,A,H,A,-,,N,03,A,,,,,I,N,N,D,1,0,0,0,22350.0,1,36.67898574,-121.63515239,2
2018,2018-05-27,1122,5,1,11,7,Y,A,N,A,H,A,-,- ,,09,A,,,,,C,Y,N,A,2,0,0,0,21801.0,2,36.678958892822266,-121.64494323730467,3
2018,2018-05-10,1548,5,1,15,4,N,A,N,A,H,A,-,- ,E,08,A,,,,,C,Y,N,D,1,0,0,0,22107.0,2,36.70168685913086,-121.63746643066406,2
2018,2018-05-01,2008,5,1,20,2,N,A,N,A,H,C,-,,E,08,D,,,,,I,Y,N,D,1,0,0,0,22107.0,1,36.685943603515625,-121.62287139892578,2
2018,2018-05-07,2233,5,1,22,1,Y,A,N,A,H,D,-,,,10,G,Y,,,,B,N,N,D,1,1,0,0,21950.0,2,36.70006942749024,-121.62319183349608,4
2018,2018-05-17,1414,5,1,14,4,N,A,N,A,H,A,-,- ,N,08,G,,Y,,,G,N,N,D,1,0,1,0,22107.0,2,36.7021369934082,-121.65501403808594,4
2018,2018-05-08,824,5,1,8,2,Y,B,N,A,H,A,-,,,09,D,,,,,C,Y,N,A,2,0,0,0,21801.0,2,36.67251968383789,-121.66438293457033,4
2017,2017-05-04,800,5,1,8,4,N,A,N,A,H,A,-,,W,00,G,,Y,,,G,N,N,A,1,0,1,0,22658.0,2,36.70727029,-121.6460131,4
2018,2018-05-10,1441,5,1,14,4,Y,A,N,A,H,A,-,,,09,D,,,,,C,N,N,D,2,0,0,0,21801.0,2,36.65642929077149,-121.6622314453125,4
2018,2018-05-23,955,5,1,9,3,N,B,N,-,H,A,A,01,S,21,D,,,,,C,N,N,D,1,0,0,0,22106.0,2,36.69402694702149,-121.64496612548828,3
2018,2018-05-17,1914,5,1,19,4,N,A,N,A,H,A,-,,W,08,C,,,,,C,Y,N,D,1,0,0,0,22107.0,3,36.679466247558594,-121.61790466308594,3
2018,2018-05-04,2148,5,1,21,5,Y,A,N,A,H,C,A,01,,09,D,,,,,C,N,N,A,1,0,0,0,21801.0,2,36.69213104248047,-121.60134887695312,4
2018,2018-05-28,1232,5,1,12,1,Y,A,N,A,H,A,-,- ,,00,F,,,,,C,Y,N,A,1,0,0,0,,2,36.68059921264648,-121.7848892211914,3
2018,2018-06-08,1033,6,2,10,5,Y,A,N,A,H,A,A,08,,12,D,,,,,C,N,N,A,1,0,0,0,21453.0,2,36.584808349609375,-121.9009017944336,4
2018,2018-06-08,1220,6,2,12,5,N,A,N,A,H,A,A,01,N,05,A,,,,,C,Y,N,D,1,0,0,0,21651.0,2,36.6123161315918,-121.92176055908205,4
2018,2018-06-06,1406,6,2,14,3,N,A,N,A,H,A,A,01,S,04,C,,,,,C,Y,N,D,1,0,0,0,21703.0,2,36.61468124389648,-121.92446136474608,3
2018,2018-06-05,1326,6,2,13,2,N,A,N,A,H,A,A,01,W,21,B,,,,,C,N,N,A,1,0,0,0,22106.0,2,36.597694396972656,-121.89419555664062,4
2018,2018-06-14,1246,6,2,12,4,N,A,N,A,H,A,A,08,S,09,D,,,,,C,Y,N,D,1,0,0,0,21804.0,2,36.59974670410156,-121.88734436035156,4
2018,2018-06-09,28,6,2,0,6,N,A,N,A,H,C,A,01,S,03,E,,,,,I,Y,N,D,1,0,0,0,22350.0,1,36.60831451416016,-121.89689636230467,3
2018,2018-06-06,1318,6,2,13,3,Y,A,N,A,H,A,A,01,,03,C,,,,,C,N,N,A,2,0,0,0,22350.0,2,36.59524917602539,-121.89218139648438,4
2018,2018-06-16,2040,6,2,20,6,N,B,N,A,H,A,A,07,E,03,C,,,,,C,N,F,D,1,0,0,0,22350.0,2,36.59732437133789,-121.85552215576172,4
2018,2018-04-19,1030,4,1,10,4,Y,A,N,A,H,A,D,22,,10,G,Y,,,,B,N,N,A,1,1,0,0,21950.0,2,36.60380172729492,-121.84825134277344,4
2018,2018-04-02,1740,4,1,17,1,N,B,N,A,H,A,C,02,,03,A,,,Y,,E,Y,N,D,1,0,0,1,22350.0,3,36.60554122924805,-121.82729339599608,3
2018,2018-04-17,1243,4,1,12,2,N,A,N,A,H,A,A,07,N,10,G,Y,,,,B,N,N,A,1,1,0,0,21950.0,2,36.61805725097656,-121.84114074707033,4
2018,2018-04-16,1625,4,1,16,1,N,B,N,A,-,A,N,60,S,11,D,Y,,,,B,N,N,D,1,1,0,0,21954.0,2,36.6030158996582,-121.84862518310548,4
2018,2018-04-11,22,4,1,0,3,Y,A,N,A,C,A,A,07,,08,D,,,,,D,Y,N,A,3,0,0,0,22107.0,2,36.64402006,-121.80670995,3
2018,2018-04-18,1244,4,1,12,3,Y,A,N,A,H,A,A,01,,12,D,,,,,C,Y,N,A,1,0,0,0,21453.0,2,36.610870361328125,-121.84462738037108,3
2018,2018-04-08,600,4,1,6,7,Y,A,Y,A,H,C,L,04,,11,D,,Y,,,G,N,N,A,1,0,1,0,21950.0,2,36.598907470703125,-121.85079193115234,4
2018,2018-04-06,1552,4,1,15,5,N,C,N,B,H,A,A,01,N,08,D,,Y,,,G,N,N,A,1,0,1,0,22107.0,2,36.6140251159668,-121.84300994873048,3
2018,2018-04-05,1541,4,1,15,4,Y,A,N,A,H,A,-,,,03,C,,,,,C,N,N,A,1,0,0,0,22350.0,2,36.610870361328125,-121.84462738037108,4
2018,2018-04-03,1100,4,1,11,2,N,A,N,A,H,A,A,01,S,03,C,,,,,C,N,N,A,1,0,0,0,22350.0,3,36.61399841308594,-121.843017578125,4
2018,2018-04-02,1958,4,1,19,1,Y,A,N,A,H,C,L,04,,12,D,,Y,,,G,N,N,A,1,0,1,0,21453.0,2,36.618499755859375,-121.84262084960938,4
2018,2018-04-02,1059,4,1,10,1,N,B,N,A,H,A,N,60,N,11,G,Y,,,,B,Y,N,D,1,1,0,0,21954.0,2,36.611431121826165,-121.84872436523438,2
2018,2018-06-04,2011,6,2,20,1,N,A,N,A,G,A,A,07,E,10,G,Y,,,,B,N,F,D,3,3,0,0,21950.0,4,36.674140930175774,-121.78961181640624,3
2018,2018-06-16,1932,6,2,19,6,N,A,N,A,H,A,N,60,N,11,G,Y,,,,B,N,N,D,1,1,0,0,21954.0,2,36.59711837768555,-121.89437866210938,3
2018,2018-06-18,1351,6,2,13,1,N,A,N,A,H,A,A,01,E,21,C,,,,,C,N,N,A,1,0,0,0,22106.0,2,36.60113525390625,-121.89544677734376,4
2018,2018-06-20,1837,6,2,18,3,N,A,N,A,H,A,A,01,S,03,C,,,,,C,N,F,A,1,0,0,0,22350.0,2,36.610626220703125,-121.89923095703124,4
2018,2018-06-20,1638,6,2,16,3,N,A,N,A,H,A,A,01,E,03,C,,,Y,,C,N,N,D,1,0,0,1,22350.0,2,36.60847091674805,-121.89723205566406,3
2018,2018-03-30,1953,3,1,19,5,N,A,N,A,H,B,-,99,E,08,B,Y,,,,B,N,F,D,1,1,0,0,22107.0,3,36.691219329833984,-121.64552307128906,4
2018,2018-04-22,25,4,1,0,7,Y,A,N,A,H,C,J,48,,12,D,,,,,C,Y,N,A,1,0,0,0,21453.0,2,36.677391052246094,-121.64008331298828,3
2018,2018-05-20,521,5,1,5,7,N,A,N,A,H,C,-,,E,01,A,,,,,E,Y,N,D,2,0,0,0,23152.0,4,36.674781799316406,-121.62128448486328,4
2018,2018-06-14,1925,6,2,19,4,N,A,N,A,H,A,N,60,S,11,G,Y,,,,B,Y,N,D,0,0,0,0,21954.0,2,36.67524337768555,-121.63193511962892,1
2018,2018-07-08,8,7,2,0,7,N,A,N,A,B,D,-,,E,01,H,,,,,J,Y,N,D,0,0,0,0,23152.0,1,,,1
2018,2018-09-14,226,9,3,2,5,N,A,N,A,H,C,N,60,N,11,G,Y,,,,B,N,F,D,0,0,0,0,21954.0,2,36.66184997558594,-121.62178802490234,1
2017,2017-02-04,1828,2,4,18,6,Y,A,N,A,H,C,D,22,,10,G,Y,,,,B,N,N,A,1,1,0,0,21950.0,3,36.6092701,-121.85054988,1
2018,2018-10-10,1944,10,3,19,3,Y,A,N,A,H,C,N,60,,11,A,Y,,,,B,Y,N,A,0,0,0,0,21950.0,2,36.67380142211913,-121.65482330322266,1
2018,2018-01-08,638,1,4,6,1,N,C,N,B,H,D,-,- ,E,00,G,Y,,,,B,N,F,D,0,0,0,0,,2,36.69913482666016,-121.65348052978516,1
2018,2018-05-05,646,5,1,6,6,Y,A,Y,A,H,A,-,,,12,D,,,,,D,Y,F,D,1,0,0,0,21453.0,2,36.68081283569336,-121.65408325195312,3
2018,2018-05-21,1832,5,1,18,1,Y,A,Y,A,H,A,-,,,08,B,,,,,C,N,N,D,1,0,0,0,22107.0,2,36.6815185546875,-121.6663818359375,4
2018,2018-05-11,1729,5,1,17,5,N,A,Y,A,H,A,-,,N,09,D,,,,,C,N,N,D,1,0,0,0,21801.0,2,36.6832275390625,-121.6533203125,4
2018,2018-05-25,1456,5,1,14,5,N,B,Y,A,H,A,-,,S,04,C,,,,,C,N,M,D,3,0,0,0,21703.0,4,36.66749954223633,-121.65605926513672,4
2018,2018-04-17,815,4,1,8,2,Y,A,N,A,H,A,A,01,,09,D,,,,,C,Y,N,D,3,0,0,0,21802.0,2,36.619258880615234,-121.83699035644533,4
2018,2018-05-08,834,5,1,8,2,N,A,Y,A,H,A,-,,N,03,C,,,,,C,N,N,A,1,0,0,0,22350.0,2,36.68440246582031,-121.65289306640624,4
2018,2018-04-25,1108,4,1,11,3,Y,A,N,A,H,A,-,,,12,D,,,,,C,N,M,A,1,0,0,0,21453.0,2,36.67369842529297,-121.63539886474608,4
2018,2018-07-06,2138,7,2,21,5,N,A,N,A,H,C,A,01,S,01,C,,,,,C,Y,N,A,1,0,0,0,23152.0,2,36.59992599487305,-121.89589691162108,3
2018,2018-05-09,1500,5,1,15,3,N,A,N,A,H,A,A,07,N,21,G,Y,,,,B,N,N,D,1,1,0,0,22106.0,2,36.60414123535156,-121.8347396850586,3
2018,2018-05-02,1551,5,1,15,3,N,A,N,A,H,A,A,01,E,04,C,,,,,C,N,N,D,1,0,0,0,21703.0,2,36.609153747558594,-121.84505462646484,4
2018,2018-07-05,622,7,2,6,4,N,B,N,A,G,B,J,48,E,03,D,,,,,C,Y,N,A,3,0,0,0,22350.0,3,36.67290878295898,-121.62742614746094,4
2018,2018-06-23,1621,6,2,16,6,Y,A,N,A,H,A,A,01,,03,C,,,,,C,N,N,A,1,0,0,0,22350.0,2,36.618499755859375,-121.84262084960938,4
2018,2018-08-05,1511,8,2,15,7,Y,A,N,A,H,A,-,,,09,D,,,,,C,Y,N,D,1,0,0,0,21801.0,2,36.594688415527344,-121.8823013305664,4
2018,2018-07-09,1746,7,2,17,1,N,A,N,A,H,A,A,01,N,09,D,,,,,C,Y,N,D,3,0,0,0,21804.0,2,36.68230438232422,-121.64997863769533,2
2018,2018-07-17,1459,7,2,14,2,N,A,N,A,H,A,A,07,S,09,H,,,Y,,A,N,N,D,1,0,0,1,21804.0,2,36.59666442871094,-121.888916015625,3
2018,2018-07-28,512,7,2,5,6,N,A,N,A,H,A,-,,W,12,D,,,,,C,Y,M,A,1,0,0,0,21453.0,2,36.67368316650391,-121.63540649414062,4
2018,2018-08-13,1944,8,2,19,1,Y,B,N,A,H,A,J,48,,09,D,,,,,C,Y,N,A,3,0,0,0,21804.0,2,36.678340911865234,-121.64459228515624,3
2018,2018-07-27,1840,7,2,18,5,N,B,N,A,H,A,A,01,S,09,G,Y,,,,B,N,N,D,1,1,0,0,21804.0,2,36.601173400878906,-121.8494873046875,4
2018,2018-08-31,4,8,2,0,5,N,A,N,A,H,C,C,02,W,01,-,,,Y,,A,Y,N,D,1,0,0,1,23152.0,1,36.6006965637207,-121.8926239013672,2
2018,2018-08-07,719,8,2,7,2,N,-,N,-,-,-,C,03,S,03,E,,,Y,,I,N,N,A,1,0,0,1,22350.0,1,36.58301162719727,-121.90213012695312,3
2018,2018-08-18,1551,8,2,15,6,N,A,N,A,H,A,-,- ,E,18,H,,,Y,,A,N,N,D,1,0,0,1,,1,36.59921646118164,-121.9123077392578,3
2018,2018-08-06,1623,8,2,16,1,Y,A,N,A,H,A,-,- ,,18,D,Y,,,,B,Y,N,A,2,2,0,0,,4,36.68865966796875,-121.6108169555664,3
2018,2018-08-18,1811,8,2,18,6,N,A,N,A,H,A,L,04,E,08,D,,Y,,,G,N,N,D,1,0,1,0,22100.0,2,36.698848724365234,-121.65577697753906,2
2018,2018-06-08,31,6,2,0,5,Y,A,N,A,H,C,-,- ,,00,D,,,,,C,Y,N,A,1,0,0,0,,2,36.66616821289063,-121.7968521118164,4
2018,2018-06-25,1314,6,2,13,1,N,A,N,A,H,A,A,01,E,03,C,,,,,C,N,N,D,1,0,0,0,22350.0,2,36.59771728515625,-121.89398956298828,4
2018,2018-07-08,916,7,2,9,7,Y,A,N,A,H,A,A,01,,12,B,,,,,C,Y,N,A,1,0,0,0,21453.0,2,36.58335876464844,-121.90186309814452,3
2018,2018-07-05,2219,7,2,22,4,N,A,N,A,H,C,N,60,N,11,G,Y,,,,B,N,N,D,1,1,0,0,21955.0,2,36.613895416259766,-121.90199279785156,2
2018,2018-05-16,1330,5,1,13,3,N,A,N,A,H,A,F,25,S,03,C,,,,Y,C,N,N,A,1,0,0,0,22350.0,2,36.59992599487305,-121.8943328857422,4
2018,2018-06-24,1450,6,2,14,7,N,A,N,A,H,A,-,,N,04,C,,,,,C,N,N,A,1,0,0,0,21703.0,2,36.70018768310546,-121.63446044921876,4
2018,2018-06-23,2057,6,2,20,6,Y,A,N,A,H,C,A,07,,12,D,,,,,C,Y,N,A,2,0,0,0,21453.0,2,36.675079345703125,-121.61505889892578,4
2018,2018-06-27,1911,6,2,19,3,Y,A,N,A,H,A,-,,,03,-,,,,,C,N,F,A,1,0,0,0,22350.0,2,36.67338180541992,-121.63224792480467,3
2018,2018-06-30,1223,6,2,12,6,N,A,N,A,H,A,-,,E,10,-,Y,,,,B,N,N,A,2,2,0,0,21950.0,3,36.70758056640625,-121.6555633544922,3
2018,2018-06-29,1803,6,2,18,5,N,A,N,A,H,A,-,,N,08,B,,,,,C,N,N,D,1,0,0,0,22107.0,2,36.6813850402832,-121.65047454833984,4
2016,2016-06-15,2022,6,2,20,3,Y,B,N,A,H,B,-,,,09,D,,,,,C,N,N,D,3,0,0,0,21802.0,2,36.66224004,-121.67322998,4
2018,2018-06-20,1445,6,2,14,3,Y,A,N,A,H,A,-,,,09,D,,,,,C,N,N,A,2,0,0,0,21801.0,2,36.67216110229492,-121.61990356445312,4
2018,2018-06-07,1119,6,2,11,4,Y,A,N,A,H,A,-,,,09,D,,,,,C,Y,N,D,1,0,0,0,21801.0,2,36.69911193847656,-121.6536865234375,3
2018,2018-06-01,1313,6,2,13,5,N,A,N,A,H,A,-,,S,10,G,Y,,,,B,N,N,D,1,1,0,0,21950.0,2,36.67441177368164,-121.6321029663086,2
2018,2018-06-25,527,6,2,5,1,Y,B,N,A,H,B,-,,,03,C,,,,,C,Y,N,D,1,0,0,0,22350.0,2,36.706729888916016,-121.65586853027344,4
2018,2018-06-22,1635,6,2,16,5,Y,A,N,A,H,A,-,,,10,G,Y,,,,B,Y,N,A,1,1,0,0,21950.0,2,36.68621063232422,-121.61514282226562,3
2018,2018-06-02,1334,6,2,13,6,Y,A,N,A,H,-,-,- ,,12,D,,,,,C,Y,N,A,2,0,0,0,21453.0,2,36.674121856689446,-121.65255737304688,3
2018,2018-06-03,30,6,2,0,7,Y,A,N,A,H,C,A,01,,03,C,,,,,C,N,F,-,1,0,0,0,22350.0,2,36.67900848388672,-121.62525939941406,3
2018,2018-06-07,2109,6,2,21,4,N,A,N,A,H,C,-,,W,01,C,,,,,C,Y,N,A,5,0,0,0,23152.0,4,36.71733856201172,-121.6455078125,3
2018,2018-07-27,2308,7,2,23,5,Y,A,N,A,H,C,A,01,,12,D,,,,,C,Y,N,A,1,0,0,0,21453.0,2,36.6114501953125,-121.89994049072266,4
2018,2018-07-18,1752,7,2,17,3,N,A,N,A,H,A,N,60,W,11,G,Y,,,,B,N,N,A,1,1,0,0,21456.0,2,36.5976676940918,-121.85325622558594,2
2018,2018-07-30,1434,7,2,14,1,N,A,N,A,H,C,D,22,N,03,C,,,,,C,N,N,D,1,0,0,0,22350.0,2,36.62664031982422,-121.92832946777344,4