ACCIDENT_YEAR,COLLISION_DATE,COLLISION_TIME,MONTH,SEASON,24HOURS,DAY_OF_WEEK,INTERSECTION,WEATHER_1,STATE_HWY_IND,ROAD_SURFACE,ROAD_COND_1,LIGHTING,STWD_VEHTYPE_AT_FAULT,CHP_VEHTYPE_AT_FAULT,DIRECTION,PCF_VIOL_CATEGORY,TYPE_OF_COLLISION,PEDESTRIAN_ACCIDENT,BICYCLE_ACCIDENT,MOTORCYCLE_ACCIDENT,TRUCK_ACCIDENT,MVIW,TOW_AWAY,HIT_AND_RUN,CONTROL_DEVICE,NUMBER_INJURED,COUNT_PED_INJURED,COUNT_BICYCLIST_INJURED,COUNT_MC_INJURED,PCF_VIOLATION,PARTY_COUNT,POINT_Y,POINT_X,COLLISION_SEVERITY
2018,2018-12-21,1017,12,4,10,5,Y,A,Y,A,H,A,A,01,,01,D,,,,,C,Y,N,A,3,0,0,0,23153.0,2,36.60755920410156,-121.85594940185548,4
2018,2018-07-10,1435,7,2,14,2,Y,A,N,A,H,A,A,01,,05,C,,,,,C,N,N,A,2,0,0,0,21651.0,4,36.62223052978516,-121.84098815917967,4
2018,2018-09-29,902,9,3,9,6,Y,A,N,A,H,A,N,60,,11,A,Y,,,,B,N,N,D,1,1,0,0,21954.0,2,36.60729167,-121.83014274,2
2018,2018-10-11,751,10,3,7,4,Y,A,N,A,H,A,L,04,,12,D,,Y,,,G,N,N,A,1,0,1,0,21453.0,2,36.59997177124024,-121.89431762695312,3
2018,2018-10-25,1442,10,3,14,4,N,A,N,A,H,A,A,01,E,03,C,,,,,C,Y,N,D,4,0,0,0,22350.0,2,36.59983444213867,-121.87802886962892,4
2018,2018-10-26,23,10,3,0,5,N,A,N,A,B,C,A,01,E,03,H,,,,,J,N,N,D,1,0,0,0,22350.0,1,36.689727783203125,-121.80290985107422,3
2018,2018-10-21,1814,10,3,18,7,N,A,N,A,H,A,C,02,S,03,D,,,Y,,C,Y,N,A,1,0,0,1,22350.0,2,36.61320114135742,-121.90140533447266,2
2018,2018-06-26,2253,6,2,22,2,Y,A,N,A,H,C,A,01,,03,E,,,,,I,Y,N,D,2,0,0,0,22350.0,1,36.43648147583008,-121.33081817626952,3
2018,2018-11-01,1410,11,3,14,4,N,A,N,A,H,A,A,01,E,03,C,,,,,C,Y,M,A,1,0,0,0,22350.0,3,36.611942291259766,-121.92440795898438,4
2018,2018-09-01,1757,9,3,17,6,N,A,N,A,H,A,N,60,S,11,G,Y,,,,B,N,N,D,1,1,0,0,21954.0,3,36.43251800537109,-121.3329620361328,3
2018,2018-09-03,540,9,3,5,1,N,A,N,A,H,C,A,01,,- ,G,Y,,,,B,N,N,A,2,1,0,0,,3,36.44136006,-121.33362989,4
2018,2018-10-15,735,10,3,7,1,N,A,N,A,H,A,D,22,N,07,C,,,,,E,Y,N,D,1,0,0,0,21658.0,3,36.423294067382805,-121.32307434082033,3
2018,2018-10-16,1659,10,3,16,2,Y,A,N,A,H,A,A,01,,12,G,Y,,,,G,N,M,A,1,1,0,0,22450.0,2,36.425830841064446,-121.31581115722656,3
2018,2018-09-21,616,9,3,6,5,N,A,N,A,H,A,A,01,W,08,A,,,,,C,Y,N,D,2,0,0,0,22107.0,2,36.6700553894043,-121.63358306884766,4
2018,2018-10-03,1824,10,3,18,3,N,B,N,B,H,A,D,22,E,05,A,,,,,C,Y,N,A,1,0,0,0,21650.0,2,36.6709098815918,-121.62751007080078,4
2018,2018-10-16,1726,10,3,17,2,N,A,N,A,H,A,D,22,S,03,C,,,,,C,N,N,D,1,0,0,0,22350.0,2,36.6959114074707,-121.63656616210938,4
2018,2018-10-03,1102,10,3,11,3,Y,B,N,B,H,A,-,,,03,C,,,,,C,Y,N,D,2,0,0,0,22350.0,2,36.671180725097656,-121.67051696777344,3
2018,2018-10-25,1911,10,3,19,4,N,A,N,A,H,B,F,27,N,08,D,,,Y,Y,C,Y,N,A,1,0,0,1,22102.0,2,36.65570831298828,-121.63216400146484,3
2018,2018-10-30,1335,10,3,13,2,N,A,N,A,H,A,C,02,S,22,H,,,Y,,J,Y,N,A,1,0,0,1,,1,36.54509735107422,-121.91975402832033,4
2018,2018-10-05,900,10,3,9,5,N,A,N,A,H,A,-,- ,S,00,H,Y,,,,B,N,N,D,1,1,0,0,,2,36.55379104614258,-121.92266082763672,4
2018,2018-10-28,1141,10,3,11,7,N,A,Y,A,H,A,-,,W,12,D,,,,,C,Y,N,A,1,0,0,0,21453.0,2,36.701271057128906,-121.66619110107422,3
2018,2018-10-04,2054,10,3,20,4,N,A,N,A,H,B,-,,N,03,C,,,,,C,N,F,A,1,0,0,0,22350.0,2,36.699405670166016,-121.65204620361328,3
2018,2018-10-18,1652,10,3,16,4,N,A,N,-,H,A,A,01,E,09,A,,,,,C,Y,N,A,1,0,0,0,21804.0,2,36.65909194946289,-121.64241027832033,4
2018,2018-10-27,1508,10,3,15,6,N,A,N,A,H,A,-,,N,03,C,,,,,C,N,N,D,1,0,0,0,22350.0,2,36.65889739990234,-121.65900421142578,4
2018,2018-10-03,1821,10,3,18,3,Y,C,N,B,H,A,A,01,,12,D,,,,,C,N,N,A,1,0,0,0,21453.0,2,36.69633102416992,-121.63829040527344,3
2018,2018-10-30,927,10,3,9,2,Y,A,N,A,H,A,-,,,10,H,,Y,,,G,N,N,A,1,0,1,0,21950.0,2,36.6980094909668,-121.66246032714844,4
2018,2018-10-09,900,10,3,9,2,Y,A,N,A,H,A,-,,,09,D,,,,,C,N,N,D,1,0,0,0,21802.0,2,36.67280197143555,-121.6323013305664,4
2018,2018-10-25,1650,10,3,16,4,N,A,N,A,H,A,-,,W,09,A,,,,,C,,N,D,4,0,0,0,21801.0,2,36.66051864624024,-121.6485595703125,3
2018,2018-10-02,1555,10,3,15,2,N,A,N,A,H,A,D,22,E,09,D,,,,,C,N,N,D,1,0,0,0,21801.0,2,36.656375885009766,-121.63373565673828,3
2018,2018-10-30,1754,10,3,17,2,N,A,N,A,H,A,-,,N,08,A,,,,,C,Y,N,D,2,0,0,0,22107.0,2,36.66542053222656,-121.6226806640625,4
2018,2018-10-09,152,10,3,1,2,N,A,N,A,H,C,A,01,W,01,E,,,,,I,Y,N,D,1,0,0,0,23152.0,1,36.70750045776367,-121.65611267089844,4
2018,2018-10-31,737,10,3,7,3,N,A,N,A,H,A,A,01,N,09,D,,Y,,,G,N,N,A,1,0,1,0,21453.0,2,36.7199821472168,-121.65583801269533,3
2018,2018-10-08,410,10,3,4,1,Y,A,N,A,H,C,-,,,12,D,,,,,C,Y,N,A,1,0,0,0,21453.0,2,36.716960906982415,-121.6552505493164,3
2018,2018-10-31,1734,10,3,17,3,N,A,N,A,H,A,-,,E,08,E,,,,,I,Y,N,D,1,0,0,0,22107.0,1,36.710552215576165,-121.61497497558594,3
2018,2018-10-07,2132,10,3,21,7,Y,A,N,A,H,C,-,,,01,D,,,,,C,Y,N,A,1,0,0,0,23153.0,2,36.693580627441406,-121.61029052734376,4
2018,2018-10-29,1053,10,3,10,1,N,A,N,A,H,A,-,,N,09,D,,,,,C,Y,N,D,1,0,0,0,21804.0,3,36.68288803100586,-121.65335083007812,2
2018,2018-10-25,1726,10,3,17,4,N,A,N,A,H,A,-,- ,S,18,E,Y,,,,I,N,F,D,1,1,0,0,,5,36.678470611572266,-121.66676330566406,3
2018,2018-10-18,1746,10,3,17,4,N,A,N,A,H,A,-,,S,09,A,,,,,C,Y,N,D,1,0,0,0,21801.0,2,36.6767692565918,-121.60948944091795,4
2018,2018-10-03,1503,10,3,15,3,N,B,N,A,H,A,A,01,,04,C,,,,,C,N,N,D,3,0,0,0,21703.0,3,36.699321746826165,-121.65203094482422,3
2018,2018-10-07,1411,10,3,14,7,Y,A,N,A,H,A,A,01,,12,D,,,,,C,Y,F,A,4,0,0,0,21453.0,3,36.71979141235352,-121.65117645263672,2
2018,2018-10-20,1739,10,3,17,6,N,A,N,A,H,A,A,01,E,01,A,,,,,D,Y,F,A,1,0,0,0,23152.0,2,36.67716979980469,-121.6378936767578,4
2018,2018-10-21,1328,10,3,13,7,N,A,N,A,H,A,-,,N,03,C,,,,,C,N,N,D,3,0,0,0,22350.0,2,36.68108749389648,-121.61436462402344,3
2018,2018-10-07,1921,10,3,19,7,N,A,N,A,H,D,A,01,W,03,E,,,,,I,Y,N,D,1,0,0,0,22350.0,1,36.65255737304688,-121.63890075683594,4
2018,2018-10-19,2320,10,3,23,5,N,A,N,A,H,C,-,,S,01,F,,,,,I,Y,N,A,1,0,0,0,23152.0,1,36.71930694580078,-121.6683349609375,3
2018,2018-10-28,14,10,3,0,7,N,A,N,A,H,C,-,,W,01,A,,,,,C,Y,N,D,7,0,0,0,23152.0,2,36.705764770507805,-121.60352325439452,2
2018,2018-10-24,1551,10,3,15,3,N,A,N,A,H,A,-,,N,06,D,,,,,C,N,N,A,2,0,0,0,21755.0,2,36.70832824707031,-121.64541625976562,3
2018,2018-10-26,1002,10,3,10,5,Y,A,N,A,H,A,-,- ,,12,D,,,,,C,N,N,A,1,0,0,0,21453.0,2,36.66946029663086,-121.67269897460938,3
2018,2018-10-26,1629,10,3,16,5,N,A,N,A,H,A,A,01,S,03,C,,,,,C,Y,N,D,1,0,0,0,22350.0,2,36.69353485107422,-121.64170837402344,3
2018,2018-10-14,2027,10,3,20,7,Y,A,N,A,H,C,A,01,,12,D,,,,,C,N,N,A,1,0,0,0,21453.0,2,36.67361831665039,-121.6560287475586,4
2018,2018-10-17,1456,10,3,14,3,N,A,N,A,H,A,-,,S,05,A,,,,,C,Y,N,A,4,0,0,0,21650.0,2,36.68626022338867,-121.62328338623048,4
2018,2018-10-02,809,10,3,8,2,Y,A,N,A,H,A,-,,,09,D,,,,,C,N,N,D,1,0,0,0,21802.0,3,36.67676162719727,-121.61554718017578,4
2018,2018-10-10,1104,10,3,11,3,Y,A,N,A,H,A,D,22,,04,C,,,,,C,N,N,A,1,0,0,0,21703.0,2,36.68294143676758,-121.62088012695312,4
2018,2018-11-09,1657,11,3,16,5,N,A,N,A,H,A,D,22,N,01,C,,,,,C,N,N,D,1,0,0,0,23152.0,3,36.66399765014648,-121.77875518798828,4
2018,2018-05-12,148,5,1,1,6,N,A,Y,A,H,C,A,01,S,08,A,,,,,E,Y,N,D,1,0,0,0,22107.0,4,36.42568588256836,-121.31020355224608,2
2018,2018-09-18,1856,9,3,18,2,N,A,N,A,H,A,-,,E,03,C,,,,,C,Y,N,D,1,0,0,0,22350.0,3,36.71200180053711,-121.60924530029295,3
2018,2018-09-27,646,9,3,6,4,N,A,N,A,H,B,-,,S,04,C,,,,,C,Y,N,A,1,0,0,0,21703.0,2,36.68472671508789,-121.67455291748048,3
2018,2018-09-23,1501,9,3,15,7,N,A,N,-,H,A,-,,N,03,C,,,,,C,N,F,A,1,0,0,0,22350.0,3,36.69829559326172,-121.66804504394533,3
2018,2018-09-28,623,9,3,6,5,N,A,N,A,H,B,-,,N,09,A,,,,,C,Y,N,D,1,0,0,0,21801.0,2,36.72247695922852,-121.65634918212892,3
2018,2018-10-20,1735,10,3,17,6,Y,A,N,A,D,A,-,,,12,D,,,,,C,N,N,A,1,0,0,0,22450.0,2,36.60227966308594,-121.83045196533205,4
2018,2018-09-30,213,9,3,2,7,N,A,N,A,H,C,A,01,S,03,C,,,,,C,N,F,A,1,0,0,0,22350.0,2,36.696285247802734,-121.63832855224608,4
2018,2018-09-21,1615,9,3,16,5,Y,A,N,A,H,A,-,,,09,D,,,,,C,Y,N,D,1,0,0,0,21802.0,2,36.699031829833984,-121.6543197631836,4
2018,2018-09-27,1259,9,3,12,4,N,B,N,A,H,A,-,,N,08,B,,,,,C,Y,N,D,1,0,0,0,22107.0,2,36.728660583496094,-121.6562957763672,4
2018,2018-09-22,1846,9,3,18,6,Y,A,N,A,H,A,-,,,12,D,,,,,C,N,F,A,1,0,0,0,22450.0,2,36.702091217041016,-121.64636993408205,4
2018,2018-11-05,1911,11,3,19,1,N,A,N,A,H,C,A,01,E,10,G,Y,,,,B,N,N,A,1,1,0,0,21950.0,2,36.59524917602539,-121.89215087890624,3
2018,2018-11-03,1300,11,3,13,6,Y,A,N,A,-,A,L,04,,03,B,,Y,,,C,N,N,D,1,0,1,0,22350.0,2,36.61051940917969,-121.8967514038086,3
2018,2018-04-12,1725,4,1,17,4,Y,A,N,A,H,A,A,01,,09,B,,,,,C,Y,N,A,1,0,0,0,21804.0,2,36.427490234375,-121.3302764892578,4
2018,2018-04-08,1436,4,1,14,7,N,A,N,A,H,A,A,07,,22,D,,,,,C,N,N,A,1,0,0,0,,2,36.42480850219727,-121.32341003417967,4
2018,2018-11-09,652,11,3,6,5,Y,A,N,A,H,A,A,01,,21,C,,,,,E,N,N,D,1,0,0,0,22106.0,2,36.52486038208008,-121.44541168212892,3
2018,2018-11-16,914,11,3,9,5,Y,A,N,A,H,A,A,01,,21,G,Y,,,,B,N,N,D,1,1,0,0,22106.0,2,36.61980819702149,-121.91838836669922,4
2018,2018-08-10,1652,8,2,16,5,N,A,N,A,H,A,N,60,W,11,G,Y,,,,B,N,N,D,1,1,0,0,21950.0,2,36.432708740234375,-121.32366943359376,3
2018,2018-08-28,1919,8,2,19,2,N,A,N,A,H,A,-,,E,03,C,,,,,C,N,N,D,1,0,0,0,22350.0,2,36.71674728393555,-121.64161682128906,4
2018,2018-08-15,1840,8,2,18,3,Y,A,N,A,H,A,L,04,,00,D,,Y,,,G,N,N,A,1,0,1,0,12650.0,2,36.70040893554688,-121.62148284912108,4
2018,2018-09-23,1617,9,3,16,7,Y,A,N,A,H,A,A,01,,12,D,,,,,C,Y,N,A,1,0,0,0,22450.0,3,36.61188888549805,-121.83387756347656,4
2018,2018-10-16,1626,10,3,16,2,Y,A,Y,A,H,A,-,,,04,C,,,,,C,Y,N,D,1,0,0,0,21703.0,2,36.6637077331543,-121.65741729736328,4
2018,2018-10-30,706,10,3,7,2,-,A,Y,A,H,A,N,60,N,11,G,Y,,,,B,N,N,D,1,1,0,0,21954.0,2,36.66876602172852,-121.65562438964844,4
2018,2018-10-27,1634,10,3,16,6,Y,A,Y,A,H,A,A,01,,01,A,Y,,,,B,Y,F,A,3,1,0,0,23152.0,4,36.67781066894531,-121.65662384033205,3
2018,2018-10-03,2029,10,3,20,3,N,C,Y,B,H,C,A,01,N,10,G,Y,,,,B,N,F,D,1,1,0,0,21950.0,2,36.67059326171875,-121.6549835205078,3
2018,2018-10-18,1810,10,3,18,4,N,A,Y,A,H,A,A,01,N,21,C,,,,,C,N,N,A,3,0,0,0,22106.0,3,36.66594314575195,-121.65660095214844,4
2018,2018-10-19,1340,10,3,13,5,Y,A,Y,A,H,A,-,,,09,D,,,,,C,Y,N,D,1,0,0,0,21801.0,2,36.675743103027344,-121.64110565185548,4
2018,2018-10-28,803,10,3,8,7,Y,A,Y,A,H,A,-,- ,,- ,D,,,,,C,Y,N,A,1,0,0,0,,2,36.68416213989258,-121.67317199707033,4
2018,2018-10-21,1930,10,3,19,7,N,A,Y,A,H,C,N,60,N,11,-,Y,,,,B,Y,N,D,1,1,0,0,21954.0,2,36.68205642700195,-121.65374755859376,2
2018,2018-10-23,806,10,3,8,2,Y,A,Y,A,H,A,D,22,,10,G,Y,,,,B,N,M,D,2,2,0,0,21950.0,4,36.515602111816406,-121.43875885009766,4
2018,2018-09-28,1820,9,3,18,5,N,A,Y,A,H,A,L,04,W,05,D,,Y,,,G,N,N,A,1,0,1,0,21650.0,2,36.70018768310546,-121.66547393798828,2
2018,2018-09-23,2002,9,3,20,7,N,A,Y,A,H,C,L,04,E,05,D,,Y,,,G,N,N,D,1,0,1,0,21650.0,2,36.68324279785156,-121.6707763671875,4
2018,2018-11-07,2042,11,3,20,3,N,A,N,A,H,C,D,22,W,03,D,,,,,C,Y,N,A,1,0,0,0,22350.0,2,36.59383773803711,-121.88287353515624,4
2018,2018-11-13,1748,11,3,17,2,Y,A,N,A,H,C,L,04,,22,D,,Y,,,C,N,N,A,1,0,1,0,,2,36.60065841674805,-121.89234161376952,4
2018,2018-11-06,1015,11,3,10,2,N,A,N,A,H,A,A,07,E,07,B,,Y,,,C,N,N,A,1,0,0,0,21658.0,2,36.59780502319336,-121.85274505615234,4
2018,2018-11-08,1745,11,3,17,4,N,A,N,A,H,C,A,01,E,03,C,,,,,C,N,N,D,1,0,0,0,22350.0,2,36.59993743896485,-121.88323974609376,4
2018,2018-11-05,1835,11,3,18,1,Y,A,N,A,D,C,L,04,,12,D,,Y,,,G,N,F,A,1,0,1,0,21453.0,2,36.59621047973633,-121.86268615722656,4
2018,2018-10-31,1305,10,3,13,3,Y,A,N,A,H,A,D,23,,09,D,,,,,C,Y,N,D,1,0,0,0,21804.0,2,36.60765052,-121.84629679,4
2018,2018-11-18,2054,11,3,20,7,Y,A,N,A,H,C,D,22,,12,D,,,,,C,Y,N,A,1,0,0,0,21453.0,2,36.687698364257805,-121.79972839355467,4
2018,2018-07-15,1608,7,2,16,7,N,A,N,A,H,A,N,60,S,11,G,Y,,,,B,N,N,D,1,1,0,0,21954.0,2,36.431941986083984,-121.32923126220705,2
2018,2018-07-16,804,7,2,8,1,Y,B,N,A,H,A,A,01,,09,D,,,,,D,N,N,A,1,0,0,0,21800.0,2,35.862651824951165,-120.8031768798828,4
2018,2018-10-20,1235,10,3,12,6,N,A,N,A,H,A,-,,S,03,C,,,,,C,N,M,D,1,0,0,0,22350.0,3,,,4
2018,2018-11-19,1913,11,3,19,1,Y,A,N,A,H,C,-,,,09,D,,,,,C,Y,F,A,2,0,0,0,21801.0,2,36.69213104248047,-121.60134887695312,3
2018,2018-03-26,2000,3,1,20,1,Y,A,N,A,H,C,A,01,,09,D,,,,,C,N,N,A,1,0,0,0,21802.0,2,36.42594146728516,-121.3251495361328,4
2018,2018-10-19,805,10,3,8,5,N,A,N,A,H,A,A,01,N,05,A,,,,,C,Y,N,D,1,0,0,0,21660.0,2,36.61063766479492,-121.82358551025392,4
2018,2018-10-19,756,10,3,7,5,Y,A,N,A,H,A,A,01,,10,G,Y,,,,B,N,N,D,1,1,0,0,21950.0,2,36.619178771972656,-121.83463287353516,2
2018,2018-10-03,1648,10,3,16,3,-,C,N,B,-,A,-,99,,08,G,Y,,,,B,N,F,D,1,1,0,0,22107.0,2,36.61520326,-121.84238076,4
2018,2018-11-13,1537,11,3,15,2,Y,A,N,A,-,A,A,07,,03,C,,,,,C,Y,N,A,2,0,0,0,22350.0,3,36.61066055297852,-121.89926147460938,3
2018,2018-11-22,1239,11,3,12,4,N,B,N,A,D,A,N,60,E,11,D,Y,,,,B,N,F,D,1,1,0,0,21955.0,2,36.596355438232415,-121.86174774169922,4
2018,2018-12-08,1306,12,4,13,6,N,-,N,A,H,A,A,01,S,03,C,,,,,C,Y,N,A,1,0,0,0,22350.0,3,36.58332824707031,-121.90188598632812,3
2018,2018-10-24,1951,10,3,19,3,N,A,N,A,H,C,C,02,S,03,E,,,Y,,J,N,N,D,1,0,0,1,22350.0,1,,,2
2018,2018-10-19,216,10,3,2,5,N,A,Y,A,H,C,A,01,N,01,E,,,,,I,Y,N,A,1,0,0,0,23152.0,1,36.60641479492188,-121.85556030273438,3
2018,2018-12-06,1223,12,4,12,4,N,A,Y,A,H,A,A,07,E,03,C,,,,,C,Y,N,A,2,0,0,0,22350.0,2,36.582786560058594,-121.84498596191406,4
2018,2018-11-07,337,11,3,3,3,Y,A,N,A,H,C,D,22,,03,D,,,,,E,Y,N,D,1,0,0,0,22350.0,3,36.70560554,-121.64245376,3
2018,2018-11-16,1946,11,3,19,5,N,A,N,A,-,C,-,,W,09,B,,,,,C,N,N,D,1,0,0,0,21804.0,2,36.71310806274414,-121.656005859375,2
2018,2018-11-16,812,11,3,8,5,Y,A,N,A,H,A,-,- ,,12,D,,,,,C,Y,N,A,1,0,0,0,21453.0,2,36.67000198364258,-121.6499481201172,3
2018,2018-11-01,1229,11,3,12,4,Y,A,N,A,H,A,L,04,,09,D,,Y,,,G,N,N,A,1,0,1,0,21804.0,2,36.66424179077149,-121.65715789794922,3
2018,2018-11-03,1250,11,3,12,6,N,A,N,A,H,A,-,,S,03,C,,,,,C,N,N,D,2,0,0,0,22350.0,2,36.68272399902344,-121.59588623046876,4
2018,2018-11-02,1457,11,3,14,5,Y,A,N,A,H,A,-,,,08,-,,,,,J,Y,N,D,1,0,0,0,22107.0,2,36.673049926757805,-121.62899780273438,4
2018,2018-11-25,2000,11,3,20,7,N,A,N,A,H,C,-,,E,03,C,,,,,C,N,N,D,2,0,0,0,22350.0,2,36.71916961669922,-121.65050506591795,4
2018,2018-11-02,1215,11,3,12,5,N,A,N,A,H,A,-,,N,03,A,,,,,C,Y,N,A,3,0,0,0,22350.0,2,36.70769500732422,-121.66016387939452,4
2018,2018-11-05,2016,11,3,20,1,N,A,N,A,H,A,-,,E,08,B,,,,,E,Y,N,D,1,0,0,0,22107.0,2,36.70180130004882,-121.64141082763672,4
2018,2018-11-13,1521,11,3,15,2,N,A,N,A,H,A,-,,W,03,C,,,,,C,N,N,A,1,0,0,0,22350.0,2,36.657611846923835,-121.63662719726562,4
2018,2018-11-20,1550,11,3,15,2,Y,A,N,A,H,A,-,,,09,D,,,,,C,Y,N,D,1,0,0,0,21801.0,2,36.657329559326165,-121.65956115722656,4
2018,2018-11-16,635,11,3,6,5,N,A,N,A,H,A,A,01,N,09,B,,,,,C,Y,N,D,1,0,0,0,21804.0,2,36.67751693725586,-121.61078643798828,4
2018,2018-11-19,1525,11,3,15,1,N,A,N,A,H,A,-,,W,01,A,,,,,C,Y,F,A,6,0,0,0,23153.0,4,36.67868041992188,-121.64772033691406,2
2018,2018-11-16,1609,11,3,16,5,Y,A,N,A,H,A,-,,,09,D,,,,,C,N,N,A,1,0,0,0,21804.0,2,36.71109008789063,-121.6563720703125,4
2018,2018-11-14,758,11,3,7,3,N,A,N,A,H,A,-,,W,03,C,,,,,C,N,N,A,2,0,0,0,22350.0,3,36.676788330078125,-121.62194061279295,3
2018,2018-11-07,2025,11,3,20,3,N,A,N,A,H,C,-,,S,03,C,,,,,C,Y,N,D,1,0,0,0,22350.0,2,36.688289642333984,-121.61145782470705,4
2018,2018-11-15,816,11,3,8,4,Y,A,N,A,H,A,-,,,09,D,,,,,C,Y,N,A,2,0,0,0,21801.0,2,36.694068908691406,-121.60250854492188,4
2018,2018-11-15,636,11,3,6,4,Y,A,N,A,H,A,-,,,09,D,,,,,C,Y,N,D,2,0,0,0,21802.0,2,36.68899917602539,-121.59072113037108,3
2018,2018-11-13,1706,11,3,17,2,N,A,N,A,H,C,A,01,N,09,D,,,,,C,Y,N,D,1,0,0,0,21804.0,2,36.70534133911133,-121.66656494140624,4
2018,2018-11-19,1938,11,3,19,1,N,A,N,A,H,C,-,,E,04,C,,,,,C,N,N,A,1,0,0,0,21703.0,2,36.669300079345696,-121.6277313232422,4
2018,2018-11-07,947,11,3,9,3,N,A,N,A,H,A,-,,N,09,G,Y,,,,B,N,N,D,1,1,0,0,21804.0,2,36.70479583740234,-121.65177154541016,3
2018,2018-11-21,1700,11,3,17,3,N,C,N,B,H,B,A,01,S,04,C,,,,,C,N,N,D,1,0,0,0,21703.0,2,36.70280838012695,-121.6318359375,4
2018,2018-11-03,1801,11,3,18,6,N,A,N,A,H,A,-,,S,10,G,Y,,,,B,N,N,A,1,1,0,0,21950.0,2,36.65884017944336,-121.65901947021484,3
2018,2018-11-05,921,11,3,9,1,Y,A,N,A,H,A,-,,,09,D,,,,,C,Y,N,D,2,0,0,0,21802.0,2,36.66865921020508,-121.67053985595705,4
2018,2018-11-10,2230,11,3,22,6,N,A,N,A,H,C,-,,E,01,B,,,,,E,N,N,D,1,0,0,0,23152.0,2,36.70779037475586,-121.62872314453124,2
2018,2018-11-01,1802,11,3,18,4,Y,A,N,A,H,B,-,,,09,D,,,,,C,Y,N,A,4,0,0,0,21801.0,2,36.67251968383789,-121.66438293457033,3
2018,2018-11-06,1300,11,3,13,2,N,A,N,A,H,A,A,07,W,10,G,Y,,,,B,N,N,A,1,1,0,0,21950.0,2,36.721622467041016,-121.65625,3
2018,2018-11-09,2119,11,3,21,5,Y,A,N,A,H,C,-,,,01,D,,,,,C,Y,N,D,1,0,0,0,23153.0,2,36.717071533203125,-121.64366149902344,3
2018,2018-11-09,2118,11,3,21,5,N,A,N,A,H,C,-,,W,01,C,,,,,C,Y,F,D,3,0,0,0,23152.0,2,36.71805953979492,-121.64906311035156,4
2018,2018-11-03,2124,11,3,21,6,N,A,N,A,H,A,A,01,E,07,B,,,,,D,N,N,A,1,0,0,0,21658.0,2,36.7222785949707,-121.6633758544922,4
2018,2018-11-30,705,11,3,7,5,Y,A,N,A,H,B,-,,,09,D,,,,,C,N,N,D,1,0,0,0,21802.0,2,36.69868087768555,-121.63764190673828,4
2018,2018-11-30,858,11,3,8,5,N,A,N,A,H,A,-,,W,03,C,,,,,C,N,N,A,1,0,0,0,22350.0,2,36.71554565429688,-121.62357330322266,4
2018,2018-11-26,1638,11,3,16,1,Y,A,N,A,H,A,-,,,12,D,,,,,C,Y,N,A,1,0,0,0,21453.0,2,36.69374084472656,-121.66840362548828,4
2018,2018-11-19,1938,11,3,19,1,Y,A,N,A,H,C,-,,,09,A,,,,,C,,N,A,1,0,0,0,21453.0,2,36.72161865234375,-121.6562271118164,3
2018,2018-11-03,2306,11,3,23,6,N,A,N,A,H,D,-,,N,01,F,,,,,C,Y,N,D,1,0,0,0,23152.0,2,36.680000305175774,-121.6064224243164,3
2018,2018-11-15,155,11,3,1,4,N,A,N,A,H,C,A,01,S,03,C,,,,,C,Y,N,A,1,0,0,0,22350.0,3,36.6788330078125,-121.62538909912108,4
2018,2018-11-01,1841,11,3,18,4,N,A,N,A,H,D,L,04,E,05,D,,Y,,,G,N,N,D,1,0,1,0,21650.0,2,36.68088912963867,-121.65409088134766,2
2018,2018-11-06,949,11,3,9,2,N,A,N,A,H,A,-,,E,03,C,,,,,C,Y,N,A,1,0,0,0,22350.0,2,36.683906555175774,-121.66144561767578,3
2018,2018-11-02,1158,11,3,11,5,Y,A,N,A,H,A,-,,,09,D,,,,,-,N,N,A,1,0,0,0,21801.0,2,36.67718124389648,-121.63797760009766,4
2018,2018-11-01,523,11,3,5,4,Y,A,N,A,H,C,-,,,01,-,,,,,C,Y,N,A,1,0,0,0,23152.0,2,36.65607833862305,-121.62413024902344,3