ACCIDENT_YEAR,COLLISION_DATE,COLLISION_TIME,MONTH,SEASON,24HOURS,DAY_OF_WEEK,INTERSECTION,WEATHER_1,STATE_HWY_IND,ROAD_SURFACE,ROAD_COND_1,LIGHTING,STWD_VEHTYPE_AT_FAULT,CHP_VEHTYPE_AT_FAULT,DIRECTION,PCF_VIOL_CATEGORY,TYPE_OF_COLLISION,PEDESTRIAN_ACCIDENT,BICYCLE_ACCIDENT,MOTORCYCLE_ACCIDENT,TRUCK_ACCIDENT,MVIW,TOW_AWAY,HIT_AND_RUN,CONTROL_DEVICE,NUMBER_INJURED,COUNT_PED_INJURED,COUNT_BICYCLIST_INJURED,COUNT_MC_INJURED,PCF_VIOLATION,PARTY_COUNT,POINT_Y,POINT_X,COLLISION_SEVERITY
2019,2019-03-01,1719,3,1,17,5,N,A,N,A,-,A,-,,N,09,D,,,,,C,Y,N,D,1,0,0,0,21801.0,2,,,4
2019,2019-04-12,1835,4,1,18,5,N,A,N,A,H,A,A,01,E,10,G,Y,,,,B,N,N,D,2,2,0,0,21950.0,3,36.6174201965332,-121.90506744384766,3
2019,2019-04-23,1241,4,1,12,2,N,A,N,A,H,A,A,01,N,05,B,,,,,C,Y,N,D,1,0,0,0,21460.0,2,36.58587646484375,-121.90785980224608,4
2019,2019-05-02,1506,5,1,15,4,Y,A,N,A,H,A,A,08,,09,D,,,,,C,Y,N,D,1,0,0,0,21801.0,2,36.603981018066406,-121.86239624023438,4
2019,2019-04-07,1300,4,1,13,7,Y,A,N,A,H,A,A,01,,03,E,,,,Y,J,Y,N,A,1,0,0,0,22350.0,2,36.663688,-121.789957,3
2019,2019-04-09,1342,4,1,13,2,N,A,N,A,H,A,A,07,W,03,C,,,,,C,Y,N,A,1,0,0,0,22350.0,3,36.66828536987305,-121.81002807617188,3
2019,2019-04-30,956,4,1,9,2,N,A,N,A,H,A,A,01,E,03,C,,,,,C,N,N,D,2,0,0,0,22350.0,2,36.58318328857422,-121.91542816162108,4
2019,2019-04-21,1453,4,1,14,7,N,A,N,A,H,A,A,08,S,01,D,,,,,C,Y,N,D,1,0,0,0,23152.0,2,36.6707420349121,-121.76718139648438,4
2019,2019-04-18,1256,4,1,12,4,N,A,N,A,H,A,C,06,N,08,B,,,Y,Y,E,N,N,D,2,0,0,2,22107.0,2,36.615989685058594,-121.90138244628906,2
2019,2019-04-28,1639,4,1,16,7,Y,A,N,A,H,A,A,01,,09,D,,,,,C,Y,F,A,1,0,0,0,21802.0,2,36.611549377441406,-121.90837860107422,4
2019,2019-04-19,803,4,1,8,5,Y,A,N,A,H,A,A,01,,12,D,,,,,C,N,N,A,1,0,0,0,22450.0,2,36.60919189453125,-121.89923858642578,4
2019,2019-04-17,1106,4,1,11,3,N,A,N,B,H,A,D,22,N,08,E,,,,,J,Y,N,D,1,0,0,0,22107.0,1,36.51051712036133,-121.43126678466795,4
2019,2019-05-01,1513,5,1,15,3,Y,A,N,A,H,A,A,08,,03,C,,,,,C,N,N,A,1,0,0,0,22350.0,2,36.5988883972168,-121.8874969482422,4
2019,2019-04-30,824,4,1,8,2,Y,A,N,A,D,A,A,08,,03,C,,,,,C,Y,N,D,1,0,0,0,22350.0,4,36.597671508789055,-121.85323333740234,4
2019,2019-04-04,1533,4,1,15,4,N,B,N,A,H,A,L,04,E,08,H,,Y,,,A,N,M,D,1,0,1,0,22107.0,1,36.55509185791016,-121.92405700683594,4
2019,2019-05-06,2009,5,1,20,1,Y,A,N,B,H,C,-,,,01,C,,,,,C,Y,N,A,1,0,0,0,23152.0,2,36.71353912353516,-121.62432098388672,3
2019,2019-04-14,1524,4,1,15,7,N,A,N,A,H,A,A,01,E,09,-,,,,,D,Y,N,D,2,0,0,0,21804.0,2,36.691230773925774,-121.64549255371094,4
2019,2019-04-13,1235,4,1,12,6,Y,A,N,A,H,A,-,,,09,D,,,,,C,Y,N,D,2,0,0,0,21802.0,2,36.68249130249024,-121.6118621826172,3
2019,2019-04-26,720,4,1,7,5,N,A,N,A,H,A,-,,E,03,C,,,,,C,,N,A,1,0,0,0,22350.0,2,36.698028564453125,-121.66232299804688,4
2019,2019-04-12,1023,4,1,10,5,Y,A,N,A,H,A,A,01,,10,G,Y,,,,B,N,F,A,1,1,0,0,21950.0,2,36.678958892822266,-121.64494323730467,3
2019,2019-04-28,1958,4,1,19,7,Y,A,N,A,H,C,-,,,12,D,,,,,C,N,N,A,1,0,0,0,21453.0,2,36.67251968383789,-121.66438293457033,3
2019,2019-04-28,2026,4,1,20,7,N,A,N,A,H,C,-,,W,03,C,,,,,C,N,F,A,1,0,0,0,22350.0,2,36.67350006103516,-121.65702056884766,4
2019,2019-04-09,908,4,1,9,2,Y,A,N,A,H,A,-,,,03,D,,,,,-,Y,N,D,1,0,0,0,22350.0,2,36.701709747314446,-121.62979125976562,3
2019,2019-04-22,1747,4,1,17,1,Y,A,N,A,H,A,-,,,03,C,,,,,C,N,N,A,2,0,0,0,22350.0,2,36.71208953857422,-121.64408111572266,3
2019,2019-04-16,1524,4,1,15,2,Y,A,N,A,H,A,-,- ,,12,D,,,,,C,Y,N,A,2,0,0,0,21453.0,2,36.67351913452149,-121.65685272216795,4
2019,2019-04-22,1759,4,1,17,1,Y,A,N,A,H,A,A,01,,09,-,,,,,C,Y,N,A,1,0,0,0,21801.0,2,36.6982307434082,-121.64688110351562,3
2019,2019-04-12,1350,4,1,13,5,N,A,N,A,H,A,-,,E,06,B,,,,,C,N,N,D,1,0,0,0,21755.0,3,36.69633102416992,-121.63829040527344,4
2019,2019-04-24,738,4,1,7,3,N,A,N,A,H,A,A,07,E,03,C,,,,,C,Y,N,A,2,0,0,0,22350.0,4,36.715370178222656,-121.6211395263672,3
2019,2019-04-02,1221,4,1,12,2,Y,A,N,A,H,A,-,,,12,D,,,,,C,Y,N,A,1,0,0,0,21453.0,2,36.674121856689446,-121.65255737304688,3
2019,2019-04-11,742,4,1,7,4,Y,A,N,A,H,A,-,,,09,D,,,,,C,Y,F,D,2,0,0,0,21800.0,2,36.67298889160156,-121.63687133789062,3
2019,2019-04-11,635,4,1,6,4,Y,A,N,A,H,A,-,,,09,A,,,,,C,N,N,A,1,0,0,0,21801.0,2,36.67919921875,-121.61766815185548,3
2019,2019-04-07,1645,4,1,16,7,N,A,N,A,H,A,D,22,E,21,D,,,,,C,N,N,D,1,0,0,0,22106.0,2,36.67431640625,-121.65119934082033,3
2019,2019-04-02,2350,4,1,23,2,Y,A,N,A,H,C,-,,,01,D,,,,,C,Y,N,A,1,0,0,0,23152.0,2,36.68429183959961,-121.65283203125,4
2019,2019-04-05,1649,4,1,16,5,Y,A,N,A,H,A,-,,,03,C,,,,,C,N,F,A,1,0,0,0,22350.0,2,36.717071533203125,-121.64366149902344,4
2019,2019-04-01,1656,4,1,16,1,N,A,N,A,H,A,-,,S,09,D,,,,,C,Y,N,D,2,0,0,0,21804.0,3,36.67723846435546,-121.66316223144533,3
2019,2019-04-16,1236,4,1,12,2,N,A,N,A,H,A,-,,S,03,H,,,,,J,Y,N,A,2,0,0,0,22350.0,1,36.69353485107422,-121.66842651367188,3
2019,2019-04-11,122,4,1,1,4,N,A,N,A,H,D,-,,W,01,D,,,,,C,Y,F,D,2,0,0,0,23153.0,2,36.683609008789055,-121.67160034179688,2
2019,2019-04-14,640,4,1,6,7,Y,A,N,A,H,A,L,04,,09,A,,Y,,,G,N,N,A,1,0,1,0,21802.0,2,36.69718170166016,-121.59761810302734,4
2019,2019-04-02,730,4,1,7,2,N,A,N,A,H,A,A,01,W,12,G,Y,,,,B,Y,N,A,1,1,0,0,21453.0,2,36.67338180541992,-121.6322784423828,2
2019,2019-04-13,808,4,1,8,6,Y,B,N,A,H,A,A,01,,12,A,,,,,C,N,N,A,1,0,0,0,21453.0,2,36.71554183959961,-121.62351989746094,3
2019,2019-04-15,1113,4,1,11,1,Y,A,N,A,H,A,A,01,,08,B,,,,,C,N,N,D,1,0,0,0,22100.0,2,36.68405151367188,-121.6189422607422,4
2019,2019-04-16,1352,4,1,13,2,Y,A,N,A,H,A,-,,,09,D,,,,,C,Y,N,A,2,0,0,0,21802.0,2,36.67512893676758,-121.66822814941406,3
2019,2019-04-30,1730,4,1,17,2,N,A,N,A,H,A,-,,S,03,C,,,,,C,N,F,A,1,0,0,0,22350.0,3,36.67439270019531,-121.6162567138672,3
2019,2019-04-08,1749,4,1,17,1,Y,A,N,A,H,A,-,,,09,D,,,,,C,N,N,D,1,0,0,0,21802.0,2,36.69319915771485,-121.5985107421875,4
2019,2019-04-25,1415,4,1,14,4,N,A,N,A,H,A,A,01,S,09,D,,,,,C,N,F,D,4,0,0,0,21804.0,2,36.67454147338867,-121.64981842041016,3
2019,2019-04-20,1219,4,1,12,6,N,B,N,A,H,A,-,,E,03,C,,,,,C,N,N,A,1,0,0,0,22350.0,2,36.67368316650391,-121.63526153564452,4
2019,2019-04-21,1300,4,1,13,7,N,A,N,A,-,A,-,,W,03,C,,,,,C,N,N,D,2,0,0,0,22350.0,3,36.71574401855469,-121.62520599365234,4
2019,2019-04-12,1517,4,1,15,5,N,A,N,A,H,A,A,01,N,03,C,,,,,C,Y,N,D,2,0,0,0,22350.0,2,36.723968505859375,-121.64647674560548,4
2019,2019-04-29,1257,4,1,12,1,N,B,N,A,H,A,-,,S,09,D,,,,,C,Y,N,D,2,0,0,0,21801.0,2,36.67749786376953,-121.64046478271484,3
2019,2019-04-01,1720,4,1,17,1,N,B,N,A,H,B,A,01,W,21,C,,,,,C,N,N,D,1,0,0,0,22106.0,2,36.67663192749024,-121.61305236816406,3
2019,2019-05-14,2316,5,1,23,2,N,B,N,A,H,D,A,01,S,01,F,,,,,I,N,N,A,1,0,0,0,23152.0,1,36.585498809814446,-121.891845703125,3
2019,2019-05-15,902,5,1,9,3,N,B,N,A,H,A,A,01,E,03,C,,,,,C,N,N,A,1,0,0,0,22350.0,2,36.595245361328125,-121.8921127319336,4
2019,2019-05-13,1458,5,1,14,1,N,A,N,A,H,A,A,07,W,03,C,,,,,C,N,N,D,1,0,0,0,22350.0,2,36.5938606262207,-121.88298797607422,4
2019,2019-05-08,1225,5,1,12,3,N,A,N,A,H,A,A,01,W,03,G,Y,,,,B,Y,N,D,1,1,0,0,22350.0,2,36.621726989746094,-121.91932678222656,4
2019,2019-04-01,1751,4,1,17,1,Y,A,N,A,H,A,L,04,,05,D,,Y,,,C,N,N,A,1,0,1,0,21202.0,2,36.598968505859375,-121.85088348388672,4
2019,2019-04-01,747,4,1,7,1,Y,A,N,A,H,A,-,,,09,D,,,,,C,N,N,-,2,0,0,0,21802.0,2,36.61664962768555,-121.82810974121094,4
2019,2019-05-01,1152,5,1,11,3,N,A,N,A,H,A,A,01,W,03,C,,,,Y,C,Y,N,A,1,0,0,0,22350.0,2,36.666542053222656,-121.80486297607422,2
2019,2019-05-12,50,5,1,0,7,N,A,N,A,H,C,A,01,N,08,E,,,,,I,Y,N,D,1,0,0,0,22107.0,1,36.60128021240234,-121.89260864257812,4
2019,2019-05-09,1740,5,1,17,4,N,A,N,A,H,A,A,07,W,03,C,,,,,C,Y,N,D,1,0,0,0,22350.0,2,36.601863861083984,-121.86708831787108,4
2019,2019-05-03,1136,5,1,11,5,N,A,N,A,H,A,A,01,S,03,C,,,,,C,N,N,D,1,0,0,0,22350.0,2,36.60046005249024,-121.86590576171876,4
2019,2019-03-31,1417,3,1,14,7,N,A,N,A,H,A,A,01,W,07,-,,,,,C,N,F,-,1,0,0,0,21658.0,2,36.721050262451165,-121.6496810913086,4
2019,2019-04-08,1122,4,1,11,1,Y,A,N,A,H,A,-,,,12,D,,,,,C,Y,N,D,1,0,0,0,22450.0,2,36.71213912963867,-121.64167022705078,3
2019,2019-03-28,1207,3,1,12,4,Y,A,N,A,H,A,A,01,,21,D,,,,,C,,N,D,2,0,0,0,22106.0,2,36.69654083251953,-121.59882354736328,3
2019,2019-03-29,2227,3,1,22,5,Y,A,N,A,H,C,-,,,09,D,,,,,C,Y,N,A,2,0,0,0,21801.0,2,36.676551818847656,-121.63172149658205,3
2019,2019-03-29,701,3,1,7,5,Y,A,N,A,H,A,A,01,,10,G,Y,,,,B,N,N,A,1,1,0,0,21950.0,2,36.67232131958008,-121.61762237548828,3
2019,2019-03-04,1259,3,1,12,1,N,A,N,A,H,A,A,07,N,21,G,Y,,,,B,N,N,D,1,1,0,0,22106.0,2,36.55575180053711,-121.92092895507812,3
2019,2019-02-28,834,2,4,8,4,N,A,N,A,H,A,A,01,N,06,B,,Y,,,G,N,F,D,1,0,1,0,21760.0,2,36.675899505615234,-121.79814910888672,4
2019,2019-03-18,1538,3,1,15,1,Y,B,N,A,H,A,-,,,03,C,,,,,C,N,N,A,1,0,0,0,22350.0,2,36.689971923828125,-121.65245819091795,4
2019,2019-05-01,1408,5,1,14,3,Y,A,N,A,H,A,A,01,,10,G,Y,,,,B,N,N,A,1,1,0,0,21950.0,2,36.31573867797852,-121.23847198486328,3
2019,2019-04-23,1250,4,1,12,2,-,A,N,A,H,A,-,- ,,- ,G,Y,,,,B,N,N,D,1,1,0,0,,2,,,3
2019,2019-05-22,2200,5,1,22,3,N,B,N,A,H,C,C,02,S,03,E,,,Y,,I,N,N,A,1,0,0,1,22350.0,1,36.600601196289055,-121.89234924316406,4
2019,2019-05-25,1717,5,1,17,6,N,A,N,A,H,A,A,01,S,10,G,Y,,,,B,N,N,A,1,1,0,0,21950.0,2,36.61251068115234,-121.90081787109376,3
2019,2019-04-23,1212,4,1,12,2,-,A,N,A,H,A,A,07,,04,C,,,,,C,N,N,D,1,0,0,0,21706.0,2,,,4
2019,2019-05-23,928,5,1,9,4,N,C,Y,B,H,A,A,01,E,03,C,,,,,C,N,N,D,1,0,0,0,22350.0,2,36.583980560302734,-121.84921264648438,4
2019,2019-06-03,1159,6,2,11,1,N,A,N,A,H,A,A,07,E,03,C,,Y,,,G,N,N,A,1,0,1,0,22350.0,3,36.66865921020508,-121.76021575927734,3
2019,2019-04-21,2046,4,1,20,7,N,A,N,A,H,C,-,,N,07,B,,,,,C,N,F,D,1,0,0,0,21658.0,2,36.68058395385742,-121.62411499023438,3
2019,2019-05-26,1228,5,1,12,7,Y,-,Y,A,H,-,D,22,,12,D,,,,,C,Y,N,A,1,0,0,0,21453.0,2,36.67046737670898,-121.65210723876952,3
2019,2019-05-31,2138,5,1,21,5,N,A,Y,A,H,C,D,22,N,10,G,Y,,,,B,N,F,D,1,1,0,0,21950.0,2,36.66862487792969,-121.65567016601562,3
2019,2019-05-06,1858,5,1,18,1,N,A,Y,A,H,B,A,01,S,01,B,,,,,C,Y,F,D,1,0,0,0,23153.0,2,36.68025970458984,-121.65430450439452,4
2019,2019-04-27,1219,4,1,12,6,N,A,Y,A,H,A,A,01,N,03,C,,,,,C,Y,N,D,1,0,0,0,22350.0,4,36.67059326171875,-121.6549835205078,3
2019,2019-04-27,1311,4,1,13,6,N,A,Y,A,H,A,L,04,W,09,D,,Y,,,G,N,N,D,1,0,1,0,21804.0,2,36.67079925537109,-121.65357971191406,3
2019,2019-04-29,1228,4,1,12,1,Y,A,N,A,H,A,A,01,,12,D,,,,,C,Y,N,A,1,0,0,0,21453.0,2,36.71979141235352,-121.65117645263672,4
2019,2019-05-29,2004,5,1,20,3,Y,A,N,A,H,B,-,- ,,12,A,,,Y,,-,Y,N,A,2,0,0,1,21453.0,2,36.678348541259766,-121.65001678466795,2
2019,2019-05-07,837,5,1,8,2,N,B,N,B,H,A,A,01,S,03,C,,,,,C,N,N,D,3,0,0,0,22350.0,3,36.6790771484375,-121.61788177490234,3
2019,2019-05-15,607,5,1,6,3,Y,A,N,A,H,A,A,01,,12,D,,,,,C,Y,N,A,2,0,0,0,21453.0,2,36.69633102416992,-121.63829040527344,4
2019,2019-05-14,507,5,1,5,2,Y,A,N,A,H,A,D,22,,12,A,,,,,C,Y,N,-,2,0,0,0,21453.0,2,36.67644882202149,-121.62708282470705,4
2019,2019-05-07,1610,5,1,16,2,N,A,N,A,H,A,-,,N,03,C,,,,,C,N,N,A,3,0,0,0,22350.0,3,36.67311477661133,-121.62744140625,3
2019,2019-05-11,2356,5,1,23,6,N,A,N,A,H,C,A,01,E,01,E,,,,,I,Y,N,A,1,0,0,0,23152.0,1,36.6828727722168,-121.6208267211914,2
2019,2019-05-10,1837,5,1,18,5,N,A,N,A,H,A,A,01,E,09,D,,,,,C,Y,N,D,1,0,0,0,21804.0,2,36.68762969970703,-121.61634063720705,3
2019,2019-05-19,2206,5,1,22,7,N,B,N,B,H,C,A,01,W,01,C,,,,,C,Y,F,A,1,0,0,0,23153.0,2,36.69797134399414,-121.66280364990234,4
2019,2019-05-04,945,5,1,9,6,N,A,N,A,H,A,L,04,S,00,B,,Y,,,B,N,N,D,1,0,1,0,21650.0,2,36.67290878295898,-121.62744140625,3
2019,2019-05-02,1753,5,1,17,4,N,A,N,A,H,A,-,,S,09,D,,,,,C,Y,N,D,2,0,0,0,21801.0,2,36.674514770507805,-121.66480255126952,4
2019,2019-05-11,1551,5,1,15,6,Y,A,N,A,H,A,-,,,12,D,,,,,C,Y,N,A,2,0,0,0,21453.0,3,36.669300079345696,-121.6277313232422,4
2019,2019-05-13,1736,5,1,17,1,N,A,N,A,H,A,D,22,N,07,B,,,,,C,Y,N,D,3,0,0,0,21658.0,3,36.69498062133789,-121.63980102539062,4
2019,2019-05-05,2356,5,1,23,7,N,A,N,A,H,C,A,01,W,01,B,,,,,C,Y,N,D,1,0,0,0,23152.0,2,36.71805953979492,-121.64906311035156,3
2019,2019-05-02,600,5,1,6,4,Y,A,N,A,H,A,L,04,,08,B,,Y,,,G,N,N,A,1,0,1,0,22107.0,2,36.688419342041016,-121.67192840576172,3
2019,2019-05-12,1901,5,1,19,7,N,A,N,A,H,A,A,07,N,09,D,,,,,C,Y,F,D,2,0,0,0,21802.0,2,36.69229888916016,-121.61254119873048,3
2019,2019-05-15,1002,5,1,10,3,N,C,N,B,H,A,A,01,N,03,C,,,,,C,N,N,D,2,0,0,0,22350.0,2,36.66012573242188,-121.63377380371094,3
2019,2019-05-27,1209,5,1,12,1,N,A,N,A,H,A,-,,S,08,B,,,,,C,N,N,D,1,0,0,0,22107.0,2,36.6788444519043,-121.62538146972656,3
2019,2019-05-22,633,5,1,6,3,N,B,N,A,H,A,A,01,W,01,F,,,,,I,Y,N,D,1,0,0,0,23152.0,1,36.705764770507805,-121.60352325439452,4
2019,2019-05-26,1644,5,1,16,7,N,A,N,A,H,A,-,,S,04,C,,,,,C,Y,N,D,1,0,0,0,21703.0,2,36.69272613525391,-121.65227508544922,3
2019,2019-05-16,1634,5,1,16,4,Y,A,N,A,H,A,C,02,,09,D,,,Y,,C,N,N,A,1,0,0,1,21802.0,2,36.66014862060546,-121.6290283203125,4
2019,2019-05-16,1603,5,1,16,4,N,A,N,A,H,A,A,01,E,03,C,,,,,C,Y,N,A,2,0,0,0,22350.0,4,36.69804000854492,-121.6622314453125,3
2019,2019-05-24,2157,5,1,21,5,N,A,N,A,H,C,A,01,E,08,D,,,,,C,Y,N,D,1,0,0,0,22103.0,2,36.69651412963867,-121.6391143798828,3
2019,2019-05-28,1200,5,1,12,2,N,A,N,A,B,A,C,02,S,03,E,,,Y,,I,Y,N,A,1,0,0,1,22350.0,1,36.719486236572266,-121.66807556152344,3
2019,2019-05-26,1000,5,1,10,7,N,B,N,B,H,A,A,01,N,09,D,,,,,C,Y,N,D,1,0,0,0,21801.0,2,36.69554138183594,-121.63108825683594,4
2019,2019-05-01,1314,5,1,13,3,Y,A,N,A,H,A,-,,,12,E,,,,,I,Y,N,A,1,0,0,0,21453.0,1,36.70703125,-121.6275634765625,3
2019,2019-06-07,1712,6,2,17,5,Y,A,N,A,H,A,D,22,,08,A,,,,,C,Y,N,D,2,0,0,0,22107.0,2,36.62308120727539,-121.91490173339844,3
2019,2019-05-27,1642,5,1,16,1,Y,B,N,A,H,A,A,07,,08,B,,,,,C,Y,N,A,2,0,0,0,22100.0,2,36.61009979248047,-121.89752197265624,4
2019,2019-06-08,1130,6,2,11,6,Y,A,N,A,H,A,A,07,,12,D,,,,,C,Y,N,D,1,0,0,0,22450.0,2,36.61423110961913,-121.90354919433594,4
2019,2019-06-14,1311,6,2,13,5,Y,A,N,A,H,A,A,07,,08,D,,,,,C,Y,N,A,1,0,0,0,22100.0,2,36.61191177368164,-121.89910888671876,3
2019,2019-06-10,1755,6,2,17,1,Y,A,N,A,H,A,A,01,,09,D,,,,,C,Y,N,D,4,0,0,0,21801.0,2,36.603981018066406,-121.86239624023438,4
2019,2019-06-09,1134,6,2,11,7,N,A,N,A,H,A,-,- ,S,18,-,,,,,E,N,N,D,1,0,0,0,,2,36.607131958007805,-121.91400909423828,3
2019,2019-04-07,1058,4,1,10,7,N,A,N,A,H,A,-,,N,17,A,,,,,-,N,N,D,1,0,0,0,21657.0,2,36.69807052612305,-121.61685943603516,4
2019,2019-04-26,1609,4,1,16,5,N,A,N,A,H,A,-,,W,04,C,,,,,C,N,N,A,2,0,0,0,21703.0,2,36.673370361328125,-121.65801239013672,4
2019,2019-05-31,1732,5,1,17,5,N,B,N,A,H,A,A,01,N,22,G,Y,,,,B,Y,N,D,2,2,0,0,,3,36.68344879150391,-121.80368041992188,2
2019,2019-06-18,1659,6,2,16,2,N,A,N,A,H,A,A,07,,03,C,,,,,C,N,N,D,1,0,0,0,22350.0,2,36.601608276367195,-121.89299011230467,4
2019,2019-05-25,2307,5,1,23,6,N,C,N,B,H,C,A,01,W,03,C,,,,,C,,N,D,1,0,0,0,22350.0,2,36.68974304199219,-121.61172485351562,3
2019,2019-05-05,1429,5,1,14,7,N,B,N,A,H,A,-,,S,03,C,,,,,C,N,N,A,1,0,0,0,22350.0,2,36.71323394775391,-121.6545181274414,4
2019,2019-05-13,1201,5,1,12,1,Y,A,N,A,H,A,D,22,,09,-,,,,,C,Y,N,D,2,0,0,0,21801.0,2,36.69281005859375,-121.66613006591795,4
2019,2019-06-17,2104,6,2,21,1,N,A,N,A,H,C,A,07,N,08,A,,,,,I,Y,N,D,1,0,0,0,22107.0,1,36.69043731689453,-121.80274200439452,4
2019,2019-06-14,1901,6,2,19,5,N,B,N,A,H,B,A,01,N,03,E,,,,,I,N,N,D,1,0,0,0,22350.0,1,36.69214630126953,-121.80254364013672,3
2019,2019-04-19,1719,4,1,17,5,N,A,N,A,H,A,L,04,N,12,B,,Y,,,G,N,N,A,1,0,1,0,21453.0,2,36.680267333984375,-121.65037536621094,4
2019,2019-05-17,2132,5,1,21,5,Y,A,N,A,H,C,-,- ,,- ,D,,Y,,,G,N,N,A,1,0,1,0,,2,36.607620239257805,-121.8560028076172,3
2019,2019-05-15,1308,5,1,13,3,Y,A,N,A,H,A,-,,,12,D,,,,,C,N,N,A,3,0,0,0,21453.0,2,36.609161376953125,-121.84564971923828,4
2019,2019-05-24,2140,5,1,21,5,N,A,Y,A,H,C,N,60,W,11,G,Y,,,,B,N,N,D,1,1,0,0,21956.0,2,36.600128173828125,-121.85189056396484,2
2019,2019-04-30,1502,4,1,15,2,N,B,N,A,H,A,-,,N,08,D,,,,,C,Y,N,D,1,0,0,0,22100.0,3,36.678569793701165,-121.64350128173828,2
2019,2019-04-11,2044,4,1,20,4,N,A,N,A,H,C,-,,S,03,C,,,,,C,,N,D,1,0,0,0,22350.0,3,36.695899963378906,-121.66873931884766,3
2019,2019-05-29,1610,5,1,16,3,Y,A,N,A,H,A,A,01,,12,D,,,,,C,N,N,A,1,0,0,0,21453.0,2,36.610870361328125,-121.84462738037108,4
2019,2019-06-18,1613,6,2,16,2,N,A,Y,A,H,A,A,01,E,03,C,,,,,C,Y,N,D,2,0,0,0,22350.0,3,36.581764221191406,-121.841796875,4
2019,2019-05-14,1322,5,1,13,2,N,A,Y,A,H,A,A,01,W,03,C,,,,,-,Y,N,D,1,0,0,0,22350.0,2,36.59546661376953,-121.84166717529295,4
2019,2019-07-11,1831,7,2,18,4,Y,A,N,A,H,A,A,07,,09,D,,,,,C,N,N,A,2,0,0,0,21453.0,2,36.66616821289063,-121.7968521118164,4
2019,2019-06-26,1716,6,2,17,3,N,A,N,A,H,A,A,07,S,03,C,,,,,C,N,N,A,1,0,0,0,22350.0,3,36.59962844848633,-121.87881469726562,4
2019,2019-06-28,2318,6,2,23,5,N,A,N,A,H,C,A,01,W,08,-,,,,,I,Y,N,D,1,0,0,0,22107.0,1,36.61710357666016,-121.90381622314452,4
2019,2019-06-29,1226,6,2,12,6,N,A,N,A,H,C,A,01,N,03,C,,,,,C,N,N,D,3,0,0,0,22350.0,2,36.60248947143555,-121.89347076416016,4
2019,2019-07-01,1652,7,2,16,1,N,A,N,A,H,A,C,02,S,22,H,,,Y,,A,N,N,D,1,0,0,1,,1,36.61547470092773,-121.90095520019533,4
2019,2019-07-06,1226,7,2,12,6,N,A,N,A,H,A,A,07,W,05,A,,,,,C,Y,N,D,1,0,0,0,21650.0,2,36.58789825439453,-121.9035873413086,4
2019,2019-05-16,1714,5,1,17,4,Y,A,N,A,H,A,-,,,09,A,,,,,C,N,N,D,2,0,0,0,21801.0,4,,,4
2019,2019-07-11,1124,7,2,11,4,N,A,N,A,H,A,D,22,W,07,C,,,,,C,N,F,D,2,0,0,0,21658.0,2,36.603309631347656,-121.86387634277344,3
2019,2019-07-05,858,7,2,8,5,Y,A,N,A,C,A,A,01,,10,A,Y,,,,B,N,N,B,1,1,0,0,21950.0,2,36.59621047973633,-121.86268615722656,3
2019,2019-06-19,2312,6,2,23,3,N,B,N,B,H,C,-,- ,S,00,G,Y,,,,B,N,N,A,1,1,0,0,,2,36.696319580078125,-121.63829803466795,2
2019,2019-06-21,1356,6,2,13,5,N,A,N,A,H,A,-,,S,03,C,,,,,C,Y,N,A,1,0,0,0,22350.0,3,36.69262313842773,-121.65228271484376,4
2019,2019-06-23,1933,6,2,19,7,Y,A,N,A,H,A,A,01,,09,D,,,,,C,Y,N,D,2,0,0,0,21802.0,2,36.6726188659668,-121.6135482788086,2
2019,2019-06-23,1257,6,2,12,7,Y,A,N,A,H,A,-,,,09,A,,Y,,,G,N,F,A,1,0,1,0,21801.0,3,36.67718124389648,-121.63797760009766,3
2019,2019-06-01,1121,6,2,11,6,Y,A,N,A,H,A,-,,,01,B,,,,,E,Y,N,D,1,0,0,0,23152.0,5,36.67375183105469,-121.62274169921876,4