ACCIDENT_YEAR,COLLISION_DATE,COLLISION_TIME,MONTH,SEASON,24HOURS,DAY_OF_WEEK,INTERSECTION,WEATHER_1,STATE_HWY_IND,ROAD_SURFACE,ROAD_COND_1,LIGHTING,STWD_VEHTYPE_AT_FAULT,CHP_VEHTYPE_AT_FAULT,DIRECTION,PCF_VIOL_CATEGORY,TYPE_OF_COLLISION,PEDESTRIAN_ACCIDENT,BICYCLE_ACCIDENT,MOTORCYCLE_ACCIDENT,TRUCK_ACCIDENT,MVIW,TOW_AWAY,HIT_AND_RUN,CONTROL_DEVICE,NUMBER_INJURED,COUNT_PED_INJURED,COUNT_BICYCLIST_INJURED,COUNT_MC_INJURED,PCF_VIOLATION,PARTY_COUNT,POINT_Y,POINT_X,COLLISION_SEVERITY
2015,2015-09-20,1730,9,3,17,7,N,A,Y,A,H,A,C,02,N,05,D,,,Y,,C,Y,N,D,1,0,0,1,21460.0,2,,,4
2015,2015-09-19,1717,9,3,17,6,Y,A,Y,A,H,A,D,22,,09,D,,,,,C,Y,N,D,1,0,0,0,21801.0,2,36.76097663,-121.75160947,4
2015,2015-10-03,1500,10,3,15,6,N,B,Y,A,H,A,A,01,S,03,C,,,,,C,Y,N,D,3,0,0,0,22350.0,2,36.61715453,-121.84945836,4
2015,2015-10-05,725,10,3,7,1,Y,A,N,A,H,A,A,01,,03,C,,,,,C,Y,M,D,1,0,0,0,22350.0,3,36.90452007,-121.7504,4
2015,2015-10-12,1522,10,3,15,1,N,A,Y,A,H,A,-,- ,S,18,F,,,,,I,Y,N,D,1,0,0,0,,1,36.55927433,-121.50785506,3
2015,2015-10-12,1247,10,3,12,1,N,A,Y,A,H,A,A,01,E,09,D,,,,,C,N,N,A,1,0,0,0,21804.0,2,36.76847659,-121.74243298,3
2015,2015-10-12,540,10,3,5,1,N,A,N,A,H,D,A,01,E,08,A,,,,,C,Y,N,D,1,0,0,0,22107.0,2,36.52838249,-121.81857939,4
2015,2015-10-10,1630,10,3,16,6,N,A,Y,A,H,A,A,01,S,08,E,,,,,I,Y,N,D,3,0,0,0,22107.0,1,36.65000034,-121.61648941,3
2015,2015-10-11,450,10,3,4,7,N,A,Y,A,H,D,D,22,S,01,E,,,,,I,Y,N,D,1,0,0,0,23152.0,1,36.50653008,-121.43431071,2
2015,2015-10-10,435,10,3,4,6,N,A,Y,A,H,D,A,01,N,01,A,,,,,C,Y,N,D,3,0,0,0,23152.0,2,36.75514412,-121.74387148,3
2015,2015-10-14,2220,10,3,22,3,N,B,N,A,H,D,A,01,S,01,C,,,,,C,Y,N,D,1,0,0,0,23152.0,2,36.74154659,-121.65681213,3
2015,2015-10-02,1835,10,3,18,5,N,A,N,A,H,A,C,02,E,05,A,,,Y,,C,Y,N,D,1,0,0,1,21460.0,2,36.77015251,-121.72206675,3
2015,2015-10-10,940,10,3,9,6,Y,A,Y,A,H,A,A,01,,03,C,,,,,C,Y,N,D,3,0,0,0,22350.0,5,36.5484219,-121.90997866,3
2015,2015-10-13,1640,10,3,16,2,N,A,Y,A,H,A,E,22,W,03,C,,,,,C,N,N,D,2,0,0,0,22350.0,3,36.57599427,-121.91357705,4
2015,2015-10-15,1120,10,3,11,4,N,B,Y,A,H,A,L,04,S,03,F,,Y,,,A,N,N,D,1,0,1,0,22350.0,1,35.8127338,-121.36629758,3
2015,2015-10-15,815,10,3,8,4,N,B,Y,A,H,A,D,22,,03,C,,,,,C,Y,N,D,1,0,0,0,22350.0,2,,,4
2015,2015-10-15,1930,10,3,19,4,N,A,Y,A,H,C,A,01,N,03,C,,,,,C,N,N,D,2,0,0,0,22350.0,3,36.75826453,-121.74793451,4
2015,2015-10-16,1810,10,3,18,5,N,A,Y,A,H,A,A,01,N,03,C,,,,Y,C,N,N,D,2,0,0,0,22350.0,3,36.72459051,-121.65931154,3
2015,2015-10-20,950,10,3,9,2,N,A,Y,A,H,A,D,22,E,03,C,,,,,C,Y,N,D,1,0,0,0,22350.0,3,,,4
2015,2015-10-16,730,10,3,7,5,N,A,Y,A,H,A,D,22,W,03,C,,,,,C,Y,N,D,1,0,0,0,22350.0,2,,,3
2015,2015-10-18,1600,10,3,16,7,N,A,Y,A,H,A,A,01,E,03,C,,,,,C,Y,N,D,1,0,0,0,22350.0,2,36.76864821,-121.74188599,4
2015,2015-10-19,715,10,3,7,1,N,B,Y,B,H,A,A,01,W,09,B,,,,,C,Y,N,D,2,0,0,0,21801.0,2,,,4
2015,2015-10-17,1940,10,3,19,6,N,B,N,A,H,D,A,01,N,09,D,,,,,C,Y,N,D,6,0,0,0,21802.0,2,36.63226399,-121.54668313,3
2015,2015-10-16,535,10,3,5,5,Y,A,Y,A,H,D,A,01,,09,D,,,,,C,Y,N,D,5,0,0,0,21801.0,2,,,3
2015,2015-10-21,750,10,3,7,3,N,A,Y,A,H,A,D,22,N,03,C,,,,,C,Y,N,D,1,0,0,0,22350.0,3,,,4
2015,2015-10-17,2305,10,3,23,6,Y,A,N,A,H,D,A,01,,01,E,,,,,I,Y,N,A,1,0,0,0,23152.0,1,36.77349001,-121.60336997,3
2015,2015-10-21,814,10,3,8,3,N,A,N,A,H,A,A,01,E,03,G,Y,,,,B,N,N,D,1,1,0,0,22350.0,2,36.72906696,-121.63257856,2
2015,2015-10-22,1630,10,3,16,4,N,A,Y,A,H,A,A,01,S,07,B,,,,,C,Y,N,D,1,0,0,0,21658.0,2,36.64548081,-121.81765301,4
2015,2015-10-17,1556,10,3,15,6,N,A,N,A,H,A,A,07,W,08,E,,,,,I,Y,N,D,1,0,0,0,22107.0,1,36.49136593,-121.74441037,4
2015,2015-10-18,155,10,3,1,7,N,A,Y,A,H,D,A,07,S,01,F,,,,,A,Y,N,D,1,0,0,0,23152.0,1,36.74544,-121.77248,4
2015,2015-10-22,1435,10,3,14,4,N,A,N,A,H,A,A,01,E,09,D,,,,,C,Y,N,D,3,0,0,0,21804.0,2,36.77532147,-121.67313064,3
2015,2015-10-24,1900,10,3,19,6,N,A,Y,A,H,D,D,22,E,03,C,,,,,C,Y,N,D,1,0,0,0,22350.0,3,36.77842911,-121.70866699,4
2015,2015-10-26,1850,10,3,18,1,N,A,Y,A,H,D,A,07,S,08,B,,,,,C,Y,N,D,1,0,0,0,22107.0,2,36.64654317,-121.81595737,4
2015,2015-10-26,2004,10,3,20,1,N,A,Y,A,H,C,A,01,E,03,C,,,,,C,N,N,A,1,0,0,0,22350.0,2,,,4
2015,2015-10-26,745,10,3,7,1,N,A,Y,A,H,A,A,07,S,08,E,,,,,I,Y,N,D,1,0,0,0,22107.0,1,36.10361434,-121.02448191,2
2015,2015-10-25,323,10,3,3,7,N,A,Y,A,H,D,A,01,E,01,F,,,,,A,Y,N,D,1,0,0,0,23152.0,1,36.59464036,-121.70289527,3
2015,2015-10-21,1440,10,3,14,3,N,A,Y,A,H,A,A,01,S,03,C,,,,,C,Y,N,D,2,0,0,0,22350.0,3,,,3
2015,2015-10-27,845,10,3,8,2,N,B,Y,A,H,A,A,01,N,03,C,,,,,C,Y,N,D,1,0,0,0,22350.0,2,,,4
2015,2015-10-26,801,10,3,8,1,N,A,N,A,H,A,A,01,S,08,E,,,,,J,Y,N,D,1,0,0,0,22107.0,1,36.86510284,-121.68032801,3
2015,2015-09-26,1418,9,3,14,6,Y,A,N,A,H,A,-,98,,22,D,,,,,C,Y,N,A,2,0,0,0,,2,36.33196011,-121.23926992,4
2015,2015-10-26,403,10,3,4,1,N,A,N,A,H,D,A,01,W,01,E,,,,,I,Y,N,D,1,0,0,0,23152.0,1,36.80513859,-121.66814052,3
2015,2015-10-12,2014,10,3,20,1,N,A,N,A,H,C,A,01,W,01,C,,,,,C,Y,M,A,2,0,0,0,23152.0,2,36.86527634,-121.73372708,4
2015,2015-10-23,1600,10,3,16,5,N,A,N,A,H,A,A,07,W,08,D,,,,,C,Y,N,D,1,0,0,0,22107.0,3,36.6233504,-121.64975424,4
2015,2015-10-23,1515,10,3,15,5,N,A,N,A,H,A,C,02,W,03,F,,,Y,,A,N,N,D,1,0,0,1,22350.0,1,36.50178491,-121.93713,2
2015,2015-10-24,720,10,3,7,6,N,A,Y,A,H,A,A,01,S,08,E,,,,,I,Y,N,D,2,0,0,0,22107.0,1,36.68308538,-121.64530239,4
2015,2015-10-25,1035,10,3,10,7,N,A,N,A,H,A,-,- ,S,18,A,,,,,H,Y,N,D,1,0,0,0,,1,36.53797814,-121.75263573,4
2015,2015-10-30,1708,10,3,17,5,N,A,Y,A,H,A,D,22,N,03,C,,,,,C,Y,N,D,2,0,0,0,22350.0,3,36.7580784,-121.74768338,4
2015,2015-10-25,1520,10,3,15,7,N,A,N,A,B,A,C,02,S,08,E,,,Y,,I,N,N,D,1,0,0,1,22107.0,1,36.55776239,-121.56454286,3
2015,2015-10-24,2048,10,3,20,6,Y,A,N,A,H,D,A,01,,12,D,,,,,C,Y,N,A,3,0,0,0,22450.0,2,36.5009201,-121.75655988,3
2015,2015-11-01,645,11,3,6,7,N,E,Y,A,H,A,A,01,S,08,F,,,,,A,Y,N,D,4,0,0,0,22107.0,1,36.25321091,-121.1767041,2
2015,2015-11-02,1945,11,3,19,1,N,B,N,A,H,D,A,01,S,03,C,,,,,C,Y,N,D,1,0,0,0,22350.0,2,,,4
2015,2015-11-02,1940,11,3,19,1,N,B,N,A,H,D,A,01,S,08,E,,,,,I,Y,N,D,1,0,0,0,22107.0,1,,,2
2015,2015-11-02,340,11,3,3,1,N,C,Y,B,H,D,A,01,S,08,E,,,,,I,Y,N,D,1,0,0,0,22107.0,1,36.65428036,-121.61899643,4
2015,2015-09-02,1705,9,3,17,3,N,A,N,A,H,A,A,01,N,08,D,,,,,C,Y,N,D,2,0,0,0,22107.0,2,36.56720139,-121.56779176,1
2015,2015-09-15,2305,9,3,23,2,N,A,Y,A,H,D,N,60,S,11,G,Y,,,,B,Y,N,D,0,0,0,0,21954.0,2,36.74155814,-121.7391883,1
2015,2015-11-05,1845,11,3,18,4,Y,A,Y,A,H,C,A,01,,03,C,,,,,C,N,N,A,1,0,0,0,22350.0,2,36.20288,-121.12945,4
2015,2015-10-31,1057,10,3,10,6,N,A,Y,A,H,A,A,01,S,01,E,,,,,J,Y,N,D,2,0,0,0,23152.0,1,36.0686321,-120.98754964,2
2015,2015-10-23,1129,10,3,11,5,N,A,Y,A,H,A,A,01,S,05,A,,,,,C,Y,N,D,3,0,0,0,21460.0,3,36.5671452,-121.91291498,3
2015,2015-10-26,1913,10,3,19,1,N,A,N,A,H,C,G,25,E,03,C,,,,Y,C,Y,N,D,1,0,0,0,22350.0,3,36.899981,-121.69034677,4
2015,2015-11-02,700,11,3,7,1,N,C,Y,B,H,A,D,22,N,08,E,,,,,I,Y,N,D,1,0,0,0,22107.0,1,36.80623823,-121.64907231,4
2015,2015-11-04,1230,11,3,12,3,N,A,Y,A,H,A,A,07,W,01,D,,,,Y,C,Y,N,D,1,0,0,0,23152.0,2,36.78878921,-121.67005396,3
2015,2015-10-25,1050,10,3,10,7,N,A,N,A,H,A,A,08,E,08,E,,,,,I,Y,N,A,1,0,0,0,22107.0,3,36.7678753,-121.76096268,3
2015,2015-11-02,1550,11,3,15,1,N,B,N,A,H,A,A,01,S,09,D,,,,,C,Y,N,D,2,0,0,0,21804.0,2,36.52321827,-121.46545039,4
2015,2015-09-14,825,9,3,8,1,Y,A,N,A,H,A,G,25,,03,C,,,,Y,C,Y,N,A,1,0,0,0,22350.0,2,36.90449006,-121.74844997,4
2015,2015-10-28,950,10,3,9,3,N,A,N,A,H,A,A,01,S,03,A,,,,Y,C,N,N,D,1,0,0,0,22350.0,2,36.63828,-121.70768,3
2019,2019-12-15,1210,12,4,12,7,N,A,N,A,H,A,A,01,W,03,C,,,,,C,Y,N,D,1,0,0,0,22350.0,2,36.600296020507805,-121.89026641845705,4
2015,2015-11-03,1357,11,3,13,2,N,A,N,A,H,A,A,07,E,03,C,,,,,C,Y,N,D,1,0,0,0,22350.0,4,36.8611833,-121.68526369,4
2015,2015-11-07,1210,11,3,12,6,N,A,Y,A,H,A,L,04,S,09,H,,Y,,,G,N,N,D,1,0,1,0,21804.0,2,36.47685771,-121.93608101,2
2015,2015-11-02,748,11,3,7,1,N,C,Y,B,H,A,A,07,S,03,C,Y,,,,C,Y,N,D,1,1,0,0,22350.0,4,36.7664697,-121.66822707,4
2015,2015-10-25,1605,10,3,16,7,N,A,Y,A,H,A,A,07,S,08,F,,,,,A,Y,N,A,1,0,0,0,22107.0,1,36.22547184,-121.17114825,3
2015,2015-10-27,1515,10,3,15,2,N,A,Y,A,H,A,A,01,S,03,C,,,,,C,Y,N,D,1,0,0,0,22350.0,2,36.56687166,-121.91293433,4
2015,2015-10-14,1410,10,3,14,3,N,A,Y,A,D,A,A,01,S,03,C,,,,,C,Y,N,D,1,0,0,0,22350.0,2,36.62505292,-121.58405426,3
2015,2015-11-04,810,11,3,8,3,N,A,Y,A,H,A,A,01,W,03,C,,,,,C,Y,N,D,1,0,0,0,22350.0,2,,,3
2015,2015-11-04,1029,11,3,10,3,N,A,Y,A,H,A,D,22,W,08,F,,,,,A,Y,N,D,1,0,0,0,22107.0,1,,,3
2015,2015-11-05,1415,11,3,14,4,N,A,Y,A,H,A,A,01,S,08,E,,,,,I,Y,N,D,1,0,0,0,22107.0,2,36.66653276,-121.81491843,4
2015,2015-11-05,1429,11,3,14,4,N,A,N,A,H,A,A,08,W,03,C,,,,,C,N,N,D,1,0,0,0,22350.0,2,36.86411913,-121.7170819,4
2015,2015-11-05,1753,11,3,17,4,Y,A,N,A,H,D,D,22,,08,D,,,,,C,N,F,D,1,0,0,0,22107.0,2,36.86856009,-121.74368986,4
2015,2015-11-05,2043,11,3,20,4,Y,A,N,A,H,D,A,01,,12,D,,,,,C,Y,N,D,2,0,0,0,22450.0,2,36.80840007,-121.67190992,4
2015,2015-11-08,3,11,3,0,7,N,A,Y,A,H,D,D,22,S,08,E,,,,,I,Y,N,D,1,0,0,0,22107.0,1,36.56622687,-121.91289141,3
2015,2015-11-02,1025,11,3,10,1,N,C,Y,B,H,A,D,22,S,03,A,,,,,C,Y,N,D,2,0,0,0,22350.0,2,36.78949613,-121.66767347,3
2015,2015-11-02,1700,11,3,17,1,N,B,Y,A,H,B,A,07,N,01,E,,,,,I,Y,N,D,1,0,0,0,23152.0,1,,,3
2015,2015-11-07,1639,11,3,16,6,N,A,Y,A,H,A,D,22,N,09,F,,,,,A,Y,N,A,1,0,0,0,21804.0,2,36.36725295,-121.28149794,4
2015,2015-11-10,855,11,3,8,2,N,A,N,A,H,A,C,02,N,03,F,,,Y,,A,Y,N,D,1,0,0,1,22350.0,1,35.87037411,-120.70268396,4
2015,2015-11-10,847,11,3,8,2,N,A,Y,A,H,A,A,01,S,03,C,,,,,D,Y,N,D,3,0,0,0,22350.0,3,,,4
2015,2015-11-09,810,11,3,8,1,N,A,Y,A,H,A,D,22,E,03,C,,,,,C,Y,N,D,1,0,0,0,22350.0,3,36.5786894,-121.72546178,4
2015,2015-11-10,950,11,3,9,2,N,A,N,A,H,A,A,01,S,03,C,,,,,C,Y,N,D,1,0,0,0,22350.0,2,36.550792,-121.498724,4
2015,2015-11-10,715,11,3,7,2,N,A,Y,A,H,A,A,01,S,03,C,,,,,C,Y,N,D,1,0,0,0,22350.0,4,,,4
2015,2015-11-13,830,11,3,8,5,N,A,N,A,H,A,D,22,S,08,F,,,,,A,Y,N,D,1,0,0,0,22107.0,1,36.5538228,-121.75775465,4
2015,2015-11-08,1850,11,3,18,7,N,C,Y,B,H,D,A,01,S,08,E,,,,,I,N,N,D,1,0,0,0,22107.0,1,36.85409222,-121.63388744,4
2015,2015-11-09,805,11,3,8,1,N,C,N,B,H,A,A,08,W,03,C,,,,,C,Y,N,A,1,0,0,0,22350.0,2,36.8641081,-121.72287189,4
2015,2015-10-26,1215,10,3,12,1,N,A,N,A,H,A,I,12,S,03,C,,,,,C,N,N,D,1,0,0,0,22350.0,2,36.67128886,-121.59969243,2
2015,2015-11-04,1007,11,3,10,3,N,A,N,A,H,A,A,01,S,03,C,,,,,C,Y,N,A,1,0,0,0,22350.0,2,36.66675531,-121.68514967,4
2015,2015-11-11,1145,11,3,11,3,Y,A,N,A,H,A,A,01,,09,D,,,Y,,C,Y,N,D,1,0,0,1,21801.0,2,36.54411011,-121.89989992,2
2015,2015-11-06,1835,11,3,18,5,N,A,Y,A,H,B,A,01,S,03,C,,,,,C,N,N,D,1,0,0,0,22350.0,2,36.60433359,-121.86100361,4
2015,2015-11-07,2207,11,3,22,6,N,A,N,A,H,C,A,01,W,03,G,Y,,,,B,N,N,D,1,1,0,0,22350.0,2,36.53095737,-121.83450356,3
2015,2015-11-10,1555,11,3,15,2,N,A,N,A,H,A,A,01,S,03,C,,,,,C,N,N,D,2,0,0,0,22350.0,2,36.60611402,-121.64121164,4
2015,2015-11-08,930,11,3,9,7,N,A,N,A,H,A,A,01,S,03,C,,,,,C,Y,N,D,1,0,0,0,22350.0,2,36.56190844,-121.91563,4
2015,2015-09-10,2152,9,3,21,4,N,A,Y,A,H,D,A,01,W,01,F,,,,,A,Y,N,D,0,0,0,0,23152.0,1,36.75921108,-121.75568752,1
2015,2015-11-10,1748,11,3,17,2,N,A,Y,A,H,D,D,22,N,01,E,,,,,I,Y,N,D,1,0,0,0,23152.0,1,35.84192633,-120.75871117,3
2015,2015-11-10,2124,11,3,21,2,N,A,N,A,H,C,D,22,S,09,D,,,,,C,Y,F,A,1,0,0,0,21804.0,2,36.79095756,-121.66854653,3
2015,2015-11-11,1140,11,3,11,3,N,A,Y,A,H,A,-,- ,N,18,E,,,,Y,I,N,N,D,1,0,0,0,,2,36.74573491,-121.66120279,4
2019,2019-12-20,1119,12,4,11,5,Y,A,N,A,H,A,A,01,,09,D,,,,,C,Y,N,A,2,0,0,0,21802.0,2,36.59558868408203,-121.89520263671876,4
2015,2015-11-11,105,11,3,1,3,N,A,Y,A,H,C,A,01,E,08,E,,,,,I,Y,N,D,1,0,0,0,22107.0,1,36.57018268,-121.80152141,4
2015,2015-11-12,1820,11,3,18,4,N,B,N,A,H,C,A,07,S,01,F,,,,,A,Y,N,D,1,0,0,0,23152.0,1,36.68754947,-121.67286716,3
2015,2015-11-13,735,11,3,7,5,N,A,Y,A,H,A,A,08,S,08,E,,,,,J,N,N,D,1,0,0,0,22107.0,1,36.55891126,-121.50747723,4
2015,2015-11-14,1800,11,3,18,6,N,A,N,A,H,D,A,07,E,03,C,,,,,C,Y,F,D,2,0,0,0,22350.0,3,36.86090285,-121.70629628,4
2015,2015-11-13,1432,11,3,14,5,N,A,Y,A,H,A,D,22,E,03,C,,,,,C,Y,N,D,1,0,0,0,22350.0,3,36.5787999,-121.72453712,4
2015,2015-11-14,1536,11,3,15,6,N,A,N,A,H,A,C,02,W,03,F,,,Y,,A,N,N,D,1,0,0,1,22350.0,1,35.97160896,-121.44157054,2
2019,2019-12-13,1759,12,4,17,5,N,B,N,B,H,C,A,01,S,01,B,,,,,E,Y,N,D,1,0,0,0,23152.0,3,36.59874725341797,-121.8582000732422,4
2019,2019-12-14,1402,12,4,14,6,N,A,N,A,H,A,C,02,E,03,C,,,Y,,C,Y,N,A,1,0,0,1,22350.0,2,36.60231399536133,-121.86608123779295,2
2019,2019-12-22,1729,12,4,17,7,N,B,N,A,H,B,N,60,S,11,G,Y,,,,B,N,N,D,1,1,0,0,21954.0,2,36.58797073364258,-121.86515808105467,4
2019,2019-12-20,908,12,4,9,5,N,B,N,A,H,A,A,01,S,01,E,,,,,I,Y,N,D,1,0,0,0,23152.0,1,36.59112548828125,-121.91646575927734,3
2019,2019-12-20,1840,12,4,18,5,N,A,N,A,H,C,D,22,N,04,C,,,,,C,N,N,A,1,0,0,0,21703.0,2,36.67852783203125,-121.8008270263672,4
2015,2015-11-12,830,11,3,8,4,N,A,Y,A,H,A,C,02,N,03,F,,,Y,,A,Y,N,D,1,0,0,1,22350.0,1,36.63000655,-121.83681958,2
2015,2015-11-13,1543,11,3,15,5,N,A,Y,A,H,A,E,22,W,03,C,,,,,C,Y,N,D,1,0,0,0,22350.0,3,36.57500922,-121.7344602,4
2015,2015-11-16,1145,11,3,11,1,N,A,Y,A,H,A,A,07,W,08,D,,,,,D,Y,N,D,1,0,0,0,22107.0,2,36.78952,-121.66774,4
2015,2015-11-17,1800,11,3,18,2,Y,A,N,A,H,C,A,01,,09,D,,,,,C,Y,N,A,1,0,0,0,21802.0,2,36.86555009,-121.73355987,4
2015,2015-11-14,217,11,3,2,6,N,A,Y,A,H,D,D,22,S,01,E,,,,,J,Y,N,D,1,0,0,0,23152.0,1,36.69034245,-121.68842052,4
2015,2015-11-15,1121,11,3,11,7,N,B,N,B,H,A,C,02,W,03,F,,,Y,,A,Y,N,D,1,0,0,1,22350.0,1,36.86410872,-121.72545659,3
2019,2019-12-20,532,12,4,5,5,N,A,N,A,H,C,A,01,W,09,D,,,,,C,Y,N,A,2,0,0,0,21453.0,2,36.67149353027344,-121.76671600341795,3
2019,2019-12-28,1939,12,4,19,6,N,A,N,A,H,C,A,01,E,09,D,,,,,C,Y,N,D,1,0,0,0,21804.0,2,36.68328094482422,-121.79069519042967,4
2015,2015-10-31,133,10,3,1,6,N,A,N,A,H,D,A,01,N,03,F,,,,,A,Y,N,D,1,0,0,0,22350.0,1,36.59105423,-121.50308698,3
2015,2015-11-11,2353,11,3,23,3,N,A,N,A,H,C,A,01,N,08,E,,,,,I,Y,F,D,2,0,0,0,22107.0,1,36.76823136,-121.76144897,4
2015,2015-11-13,1145,11,3,11,5,N,A,N,A,H,A,A,07,N,09,D,,,,,C,Y,N,D,1,0,0,0,21804.0,2,36.89611307,-121.74779101,4
2015,2015-11-14,150,11,3,1,6,N,A,N,A,H,C,A,01,N,01,E,,,,,I,N,N,D,1,0,0,0,23152.0,1,36.8729759,-121.73571283,3
2015,2015-11-15,2020,11,3,20,7,N,A,N,A,H,C,D,22,W,01,C,,,,,E,Y,N,D,1,0,0,0,23152.0,3,36.7705413,-121.76153607,3
2015,2015-11-16,1638,11,3,16,1,Y,A,N,A,H,A,A,01,,09,D,,,,,C,N,N,D,1,0,0,0,21801.0,2,36.64538009,-121.57676995,4
2015,2015-11-17,820,11,3,8,2,N,A,Y,A,H,A,F,25,S,03,C,,,,Y,C,Y,N,D,1,0,0,0,22350.0,2,36.64574167,-121.8172572,4
2015,2015-11-17,1744,11,3,17,2,N,A,N,A,H,D,N,60,S,11,G,Y,,,,B,N,N,D,1,1,0,0,21954.0,2,36.6711554,-121.68138918,4
2015,2015-11-18,750,11,3,7,3,N,A,Y,A,H,A,D,22,N,03,C,,,,,C,N,N,D,1,0,0,0,22350.0,2,36.61807648,-121.84871707,4
2015,2015-11-19,1028,11,3,10,4,N,A,Y,A,H,A,A,08,E,03,C,,,,,C,N,N,D,1,0,0,0,22350.0,3,36.57104254,-121.80599991,4
2015,2015-09-03,540,9,3,5,4,N,A,Y,B,H,D,N,60,N,11,G,Y,,,Y,B,N,F,D,0,0,0,0,21954.0,6,36.80018934,-121.66339083,1
2015,2015-11-10,1540,11,3,15,2,Y,A,N,A,H,A,A,01,,05,B,,,,Y,C,Y,N,D,2,0,0,0,21460.0,5,36.64538009,-121.57676995,3
2015,2015-09-06,210,9,3,2,7,N,A,Y,A,H,D,A,01,S,01,E,,,,,I,Y,N,D,1,0,0,0,23152.0,1,36.72876091,-121.73194822,1
2015,2015-11-15,1256,11,3,12,7,Y,B,Y,B,H,A,A,07,,09,D,,,,,C,Y,N,A,2,0,0,0,21801.0,2,36.58588677,-121.91863318,3
2015,2015-11-17,1300,11,3,13,2,N,A,Y,A,H,A,D,22,N,03,C,,,,,C,Y,N,D,5,0,0,0,22350.0,2,,,3
2015,2015-11-15,800,11,3,8,7,N,B,Y,B,H,A,A,07,W,08,E,,,,,I,Y,N,D,1,0,0,0,22107.0,1,36.58943135,-121.92276671,3
2015,2015-11-18,1710,11,3,17,3,Y,A,N,A,H,C,A,07,,09,D,,,,,C,Y,N,A,1,0,0,0,21802.0,2,36.87801004,-121.75255997,4
2015,2015-11-19,2005,11,3,20,4,N,A,Y,A,H,D,A,01,S,09,D,,,,,C,Y,N,A,1,0,0,0,21802.0,2,36.81693117,-121.78590455,4
2015,2015-11-20,46,11,3,0,5,N,A,N,A,H,D,-,- ,S,18,E,,,,,H,Y,N,D,1,0,0,0,,1,36.78039242,-121.73544613,4
2015,2015-11-22,1055,11,3,10,7,Y,A,Y,A,H,A,A,07,,07,C,,,,,C,Y,N,D,1,0,0,0,21658.0,2,36.7910401,-121.7836099,3
2015,2015-11-22,1545,11,3,15,7,N,A,N,A,H,A,A,07,N,03,C,,,,,C,N,N,D,2,0,0,0,22350.0,2,36.86377561,-121.73519951,3
2015,2015-11-22,1515,11,3,15,7,N,A,Y,A,H,A,-,99,E,03,C,,,,,C,N,M,A,2,0,0,0,22350.0,4,36.62374,-121.8415,4
2015,2015-11-23,1400,11,3,14,1,N,A,Y,A,H,A,A,01,S,08,F,,,,,A,Y,N,D,1,0,0,0,22107.0,1,,,4
2015,2015-11-21,755,11,3,7,6,N,A,Y,A,H,A,A,01,S,01,E,,,,,J,Y,N,D,1,0,0,0,23152.0,1,36.5507515,-121.90447255,3
2015,2015-11-22,405,11,3,4,7,N,A,Y,A,H,D,A,01,S,08,F,,,,,I,Y,N,D,1,0,0,0,22107.0,1,36.77014154,-121.76520064,3
2015,2015-11-16,2006,11,3,20,1,N,A,N,A,H,D,A,01,W,08,E,,,,,I,Y,N,D,1,0,0,0,22107.0,1,36.52673373,-121.81657933,3
2015,2015-11-25,635,11,3,6,3,N,A,Y,B,H,B,A,07,N,08,E,,,,,J,Y,N,D,1,0,0,0,22107.0,1,,,3
2015,2015-11-20,1000,11,3,10,5,N,A,N,A,H,A,J,49,W,06,D,,,,,C,Y,N,D,1,0,0,0,21750.0,2,36.90119274,-121.69390543,3
2015,2015-11-26,1230,11,3,12,4,Y,A,Y,A,H,A,A,01,,21,D,,,,,C,N,N,D,1,0,0,0,22106.0,2,36.76470094,-121.75666107,4
2015,2015-11-26,1030,11,3,10,4,N,A,Y,A,H,A,A,01,N,01,E,,,,,I,Y,N,D,1,0,0,0,23152.0,1,36.56746786,-121.91288654,2
2015,2015-11-27,1452,11,3,14,5,N,A,N,A,H,A,A,01,S,05,B,,,,,C,Y,N,D,1,0,0,0,21460.0,2,36.60458522,-121.51347259,2
2015,2015-11-27,1245,11,3,12,5,N,A,Y,A,H,A,A,01,W,03,C,,,,,C,Y,N,D,1,0,0,0,22350.0,2,36.78600761,-121.68549942,4
2015,2015-11-28,808,11,3,8,6,N,A,Y,A,H,A,A,01,E,08,E,,,,,I,Y,N,D,1,0,0,0,22107.0,1,36.59091881,-121.92246401,4
2015,2015-11-29,1355,11,3,13,7,N,A,Y,A,H,A,A,01,S,08,C,,,,,C,Y,N,D,2,0,0,0,22107.0,2,36.76648009,-121.6682485,4
2015,2015-11-29,1715,11,3,17,7,N,A,N,A,H,D,A,01,E,03,C,,,,,C,Y,N,D,1,0,0,0,22350.0,3,36.86578968,-121.73579229,3
2015,2015-11-19,1610,11,3,16,4,N,A,Y,A,H,B,D,22,S,03,C,,,,,C,Y,N,D,2,0,0,0,22350.0,3,36.75753884,-121.74689083,4
2015,2015-12-01,1145,12,4,11,2,N,A,Y,A,H,A,A,01,W,03,C,,,,,C,N,N,A,1,0,0,0,22350.0,2,,,4
2015,2015-11-13,1821,11,3,18,5,Y,A,Y,A,H,C,A,01,,12,D,,Y,,,G,N,N,A,1,0,1,0,22450.0,2,,,3
2015,2015-11-20,1535,11,3,15,5,N,A,Y,A,H,A,A,01,N,08,F,,,,,D,Y,N,A,1,0,0,0,22107.0,2,36.18801569,-121.07274676,4
2015,2015-12-01,2155,12,4,21,2,N,A,Y,A,H,C,A,07,W,21,C,,,,,C,N,N,A,1,0,0,0,22106.0,2,36.58372142,-121.85703796,4
2015,2015-11-29,1748,11,3,17,7,N,A,Y,A,H,D,A,01,S,09,D,,,,,C,Y,N,D,2,0,0,0,21801.0,3,36.59584272,-121.54597665,3