ACCIDENT_YEAR,COLLISION_DATE,COLLISION_TIME,MONTH,SEASON,24HOURS,DAY_OF_WEEK,INTERSECTION,WEATHER_1,STATE_HWY_IND,ROAD_SURFACE,ROAD_COND_1,LIGHTING,STWD_VEHTYPE_AT_FAULT,CHP_VEHTYPE_AT_FAULT,DIRECTION,PCF_VIOL_CATEGORY,TYPE_OF_COLLISION,PEDESTRIAN_ACCIDENT,BICYCLE_ACCIDENT,MOTORCYCLE_ACCIDENT,TRUCK_ACCIDENT,MVIW,TOW_AWAY,HIT_AND_RUN,CONTROL_DEVICE,NUMBER_INJURED,COUNT_PED_INJURED,COUNT_BICYCLIST_INJURED,COUNT_MC_INJURED,PCF_VIOLATION,PARTY_COUNT,POINT_Y,POINT_X,COLLISION_SEVERITY
2015,2015-11-30,808,11,3,8,1,N,B,Y,A,H,A,A,01,S,03,C,,,,,C,N,N,D,1,0,0,0,22350.0,2,36.7594708,-121.7495881,4
2015,2015-12-02,1620,12,4,16,3,Y,A,N,A,H,A,A,01,,09,A,,,,,C,Y,N,A,1,0,0,0,21802.0,2,36.74115011,-121.76628986,4
2015,2015-12-01,720,12,4,7,2,Y,B,N,A,H,A,A,01,,09,D,,,,,C,N,N,D,1,0,0,0,21801.0,2,36.67436009,-121.67862987,4
2015,2015-12-06,1320,12,4,13,7,N,A,Y,A,H,A,A,01,N,08,E,,,,,I,Y,N,D,1,0,0,0,22107.0,1,36.256292,-121.13833307,4
2015,2015-12-01,950,12,4,9,2,N,A,Y,A,H,A,A,01,E,08,E,,,,,I,Y,N,D,1,0,0,0,22107.0,1,36.59664712,-121.70021575,3
2015,2015-12-03,1624,12,4,16,4,Y,B,N,A,H,B,A,07,,03,C,,,,,C,Y,N,D,2,0,0,0,22350.0,2,36.60016007,-121.63092996,4
2015,2015-12-06,1205,12,4,12,7,Y,A,N,A,H,A,A,01,,09,D,,,,,C,Y,N,D,4,0,0,0,21802.0,2,36.54273005,-121.89181996,3
2015,2015-12-07,1825,12,4,18,1,N,A,N,A,H,C,A,07,S,21,D,,,,,C,Y,N,D,2,0,0,0,22106.0,2,36.73177342,-121.63164665,4
2015,2015-12-05,715,12,4,7,6,N,A,Y,A,H,A,D,22,N,21,C,,,,,C,Y,N,D,1,0,0,0,22106.0,3,36.62282468,-121.58069403,4
2015,2015-12-10,720,12,4,7,4,N,C,Y,B,H,A,A,07,W,03,C,,,,,C,Y,N,D,1,0,0,0,22350.0,2,36.77535544,-121.71933403,4
2015,2015-12-08,313,12,4,3,2,N,A,Y,A,H,D,A,07,S,08,F,,,,,A,Y,N,D,4,0,0,0,22107.0,1,36.84643874,-121.63531145,4
2015,2015-12-08,1740,12,4,17,2,Y,A,N,A,H,D,A,01,,09,D,,Y,,,G,N,N,D,1,0,1,0,21801.0,2,,,4
2015,2015-12-09,2242,12,4,22,3,N,A,Y,A,D,C,D,22,N,07,B,,,,,C,Y,N,D,1,0,0,0,21658.0,2,36.60452,-121.86127,4
2015,2015-12-12,1615,12,4,16,6,N,A,N,A,H,B,A,01,N,09,D,,,,,C,Y,N,D,1,0,0,0,21801.0,2,36.55836059,-121.55222126,4
2015,2015-12-11,1705,12,4,17,5,N,A,Y,A,H,A,-,- ,S,18,C,,,,,C,Y,N,D,1,0,0,0,,2,36.5938265,-121.87390267,4
2015,2015-12-10,1020,12,4,10,4,N,B,Y,B,H,A,D,22,E,03,E,,,,,I,Y,N,D,1,0,0,0,22350.0,1,36.5979726,-121.92455654,4
2015,2015-12-11,1530,12,4,15,5,Y,A,Y,A,H,A,A,07,,12,D,,,,,C,Y,N,A,2,0,0,0,21453.0,3,,,4
2015,2015-11-17,2016,11,3,20,2,N,A,Y,A,H,D,N,60,S,11,G,Y,,,,B,Y,N,D,0,0,0,0,21954.0,2,36.77235654,-121.66929235,1
2015,2015-12-11,2136,12,4,21,5,N,A,N,A,H,C,A,01,N,08,B,,,,,C,Y,F,D,1,0,0,0,22107.0,2,36.72190056,-121.64852259,4
2015,2015-12-09,749,12,4,7,3,N,A,Y,A,H,A,A,07,S,03,C,,,,,C,N,N,D,1,0,0,0,22350.0,2,36.72060299,-121.66035475,4
2015,2015-12-10,1315,12,4,13,4,N,B,Y,B,H,A,A,08,N,21,D,,,,,C,Y,N,D,3,0,0,0,22106.0,2,,,4
2015,2015-10-28,1328,10,3,13,3,N,A,Y,A,H,A,A,01,N,01,F,,,,,A,Y,N,D,1,0,0,0,23152.0,1,35.94848156,-120.87678941,1
2019,2019-12-09,1800,12,4,18,1,N,A,N,A,H,C,A,07,E,03,C,,,,,C,Y,N,A,1,0,0,0,22350.0,2,36.66610336303711,-121.79670715332033,4
2015,2015-12-12,1705,12,4,17,6,N,A,Y,A,H,B,A,01,E,01,A,,,,,C,Y,N,D,3,0,0,0,23152.0,3,36.57850946,-121.72700761,3
2015,2015-12-14,200,12,4,2,1,N,A,Y,A,H,C,A,01,N,01,E,,,,,I,Y,N,D,1,0,0,0,23152.0,1,36.78134267,-121.77883557,3
2015,2015-12-15,1718,12,4,17,2,N,A,Y,A,H,D,D,22,N,03,C,,,,,C,Y,N,D,1,0,0,0,22350.0,2,36.68929527,-121.656133,4
2015,2015-12-15,850,12,4,8,2,N,A,Y,A,H,A,A,01,N,08,E,,,,,I,Y,N,D,2,0,0,0,22107.0,1,36.60466,-121.86101,3
2015,2015-12-16,1705,12,4,17,3,N,A,N,A,H,B,A,01,N,08,E,,,,,I,Y,N,A,2,0,0,0,22107.0,1,36.7881018,-121.67894721,4
2015,2015-12-15,2240,12,4,22,2,N,A,N,A,H,D,D,22,W,01,E,,,,,I,Y,N,D,1,0,0,0,23152.0,1,36.45530118,-121.70459487,3
2015,2015-12-16,756,12,4,7,3,N,A,Y,A,H,A,A,01,N,03,C,,,,,C,Y,N,D,1,0,0,0,22350.0,2,36.68473724,-121.64846449,4
2015,2015-12-14,1940,12,4,19,1,N,A,N,A,H,D,A,01,S,08,F,,,,,I,Y,N,D,1,0,0,0,22107.0,1,35.87141,-120.83083,2
2015,2015-12-16,1824,12,4,18,3,N,A,N,A,H,D,A,01,W,03,E,,,,,I,Y,N,D,1,0,0,0,22350.0,1,36.52351118,-121.46606982,4
2015,2015-12-16,810,12,4,8,3,N,A,Y,A,H,A,A,01,S,03,C,,,,,C,N,N,D,1,0,0,0,22350.0,2,36.68666527,-121.6528591,3
2015,2015-12-17,620,12,4,6,4,N,A,N,A,H,D,D,22,W,03,C,,,,,C,Y,N,D,3,0,0,0,22350.0,2,36.73885199,-121.67189886,4
2019,2019-11-08,637,11,3,6,5,-,A,N,A,H,A,A,07,,03,A,Y,,,,B,N,N,D,1,1,0,0,22350.0,2,36.685228,-121.794823,3
2015,2015-12-14,2130,12,4,21,1,N,A,N,A,H,D,A,01,S,01,E,,,,,I,Y,N,D,1,0,0,0,23152.0,1,36.5701529,-121.89168806,3
2015,2015-12-15,2140,12,4,21,2,N,B,Y,A,H,D,A,01,E,01,E,,,,,I,Y,N,D,1,0,0,0,23152.0,1,36.5912567,-121.92258279,2
2015,2015-12-15,2200,12,4,22,2,N,A,Y,A,H,D,A,08,N,08,E,,,,,I,Y,N,D,1,0,0,0,22107.0,1,,,3
2015,2015-12-15,1738,12,4,17,2,N,A,N,A,H,D,A,01,W,08,E,,,,,I,Y,N,D,2,0,0,0,22107.0,1,36.47604094,-121.72357078,3
2015,2015-12-18,1830,12,4,18,5,Y,A,Y,A,H,D,A,01,,09,D,,,,,C,Y,N,D,3,0,0,0,21802.0,2,36.75511007,-121.74386993,3
2015,2015-12-21,1224,12,4,12,1,N,B,Y,B,H,A,A,01,S,03,C,,,,,C,N,N,D,1,0,0,0,22350.0,2,36.71918504,-121.66073456,4
2015,2015-12-21,1058,12,4,10,1,Y,B,N,B,H,A,A,01,,12,A,,,,,C,Y,N,A,1,0,0,0,21453.0,2,36.62239003,-121.66917999,3
2015,2015-12-21,1630,12,4,16,1,Y,C,Y,B,H,A,A,01,,03,D,,,,Y,C,Y,N,D,1,0,0,0,22350.0,2,36.61272198,-121.56716855,3
2015,2015-12-20,1610,12,4,16,7,N,A,N,A,H,A,C,02,N,21,F,,,Y,,A,N,N,D,1,0,0,1,22106.0,1,36.75220743,-121.66295671,3
2015,2015-12-15,1720,12,4,17,2,N,A,Y,A,H,B,A,01,W,01,C,,,,,C,N,N,D,1,0,0,0,23152.0,2,36.59043902,-121.92256584,4
2015,2015-12-21,2205,12,4,22,1,N,C,Y,B,H,D,A,07,W,03,E,,,,,I,Y,N,D,1,0,0,0,22350.0,1,36.78791398,-121.67982612,3
2015,2015-12-22,1240,12,4,12,2,N,C,Y,B,H,A,A,01,N,03,C,,,,,C,Y,N,D,1,0,0,0,22350.0,2,36.58233983,-121.89785471,4
2015,2015-12-23,1855,12,4,18,3,N,A,N,A,H,D,A,01,W,03,C,,,,,C,Y,N,D,2,0,0,0,22350.0,2,36.74188801,-121.68277309,4
2015,2015-12-10,2223,12,4,22,4,N,A,Y,B,H,D,-,99,S,08,E,,,,,I,Y,F,D,1,0,0,0,22107.0,2,36.67609697,-121.80856334,4
2015,2015-12-13,2005,12,4,20,7,N,C,Y,B,H,D,D,22,S,01,D,,,,,C,Y,N,D,1,0,0,0,23152.0,2,36.32765915,-121.89394051,3
2015,2015-12-13,1532,12,4,15,7,N,C,Y,B,H,A,A,01,E,03,C,,,,,C,Y,N,D,3,0,0,0,22350.0,2,,,2
2015,2015-12-24,1200,12,4,12,4,N,B,N,B,H,A,D,22,E,03,C,,,,,C,Y,N,D,2,0,0,0,22350.0,2,36.86069256,-121.70556279,3
2015,2015-12-24,1835,12,4,18,4,N,A,N,B,H,D,A,01,N,03,F,,,,,C,Y,N,D,2,0,0,0,22350.0,2,36.86924876,-121.73533473,4
2015,2015-12-26,1320,12,4,13,6,N,A,N,A,H,A,A,01,N,08,F,,,,,A,Y,N,D,1,0,0,0,22107.0,1,35.83609731,-120.75123915,3
2015,2015-12-21,2155,12,4,21,1,N,C,N,B,H,D,A,01,W,08,E,,,,,I,Y,N,D,1,0,0,0,22107.0,1,36.67864609,-121.74042179,4
2015,2015-12-26,1445,12,4,14,6,Y,A,N,A,H,A,D,22,,09,A,,Y,,,G,N,N,A,1,0,1,0,21453.0,2,36.90452007,-121.7504,3
2015,2015-12-26,1755,12,4,17,6,N,A,N,A,H,D,A,01,E,05,A,,,,,C,Y,N,D,3,0,0,0,21650.0,2,36.65388117,-121.68247706,2
2015,2015-12-28,1714,12,4,17,1,N,A,Y,A,H,B,A,07,N,03,C,,,,,C,Y,N,D,2,0,0,0,22350.0,2,36.57929079,-121.9054493,4
2015,2015-12-22,2232,12,4,22,2,Y,A,Y,A,H,D,-,- ,,18,H,,,,,J,Y,N,D,1,0,0,0,,1,36.78874364,-121.6747406,4
2015,2015-12-28,945,12,4,9,1,N,B,N,B,H,A,A,01,W,05,A,,,,,C,Y,N,D,1,0,0,0,21460.0,2,36.85514639,-121.64017914,3
2015,2015-12-21,2344,12,4,23,1,N,B,Y,A,H,C,A,01,S,05,A,,,,,C,Y,N,D,1,0,0,0,21651.0,2,36.20451,-121.13774,1
2015,2015-12-31,750,12,4,7,4,N,A,N,A,H,A,A,07,E,08,F,,,,,A,Y,N,D,1,0,0,0,22107.0,1,35.90153219,-120.93408533,4
2015,2015-12-19,1220,12,4,12,6,Y,A,Y,A,H,A,A,01,,01,C,,,,,C,Y,M,A,1,0,0,0,23152.0,2,36.75735005,-121.74671992,4
2015,2015-12-24,1430,12,4,14,4,N,A,N,B,H,A,D,22,S,08,E,,,,,I,Y,N,D,1,0,0,0,22107.0,1,36.78628378,-121.61131487,4
2015,2015-12-24,1743,12,4,17,4,N,B,N,B,H,C,-,99,E,08,E,,,,,C,Y,F,D,1,0,0,0,22107.0,2,36.65587661,-121.73242899,3
2015,2015-12-28,1315,12,4,13,1,N,A,Y,A,H,A,A,07,N,03,C,,,,,C,N,N,D,1,0,0,0,22350.0,3,36.85394731,-121.77182542,4
2015,2015-12-21,1540,12,4,15,1,N,C,Y,B,H,A,A,01,S,05,A,,,,,C,Y,N,D,2,0,0,0,21460.0,3,36.46772563,-121.93005281,3
2015,2015-12-29,453,12,4,4,2,N,A,Y,A,H,D,D,22,S,08,E,,,,,I,Y,N,D,1,0,0,0,22107.0,1,36.854053,-121.63377288,4
2016,2016-01-02,1102,1,4,11,6,N,B,N,A,H,A,A,01,S,08,F,,,,,J,Y,N,D,1,0,0,0,22107.0,1,36.64393304,-121.65065935,4
2015,2015-12-30,1520,12,4,15,3,N,A,Y,A,H,A,A,01,N,03,C,,,,,C,N,N,D,1,0,0,0,22350.0,4,36.52916058,-121.91897962,4
2016,2016-01-04,1512,1,4,15,1,N,A,Y,A,H,A,A,07,E,08,E,,,,,I,Y,N,D,1,0,0,0,22107.0,1,,,3
2016,2016-01-03,1215,1,4,12,7,Y,A,Y,A,H,A,A,07,,12,D,,,,,C,Y,N,D,2,0,0,0,21453.0,2,36.53936784,-121.91027918,3
2015,2015-12-29,1820,12,4,18,2,N,A,Y,A,H,C,A,01,N,03,C,,,,,C,Y,N,D,1,0,0,0,22350.0,3,36.57461387,-121.91227745,4
2015,2015-12-31,1215,12,4,12,4,N,A,N,A,H,A,A,01,N,08,F,,,,,J,Y,N,D,1,0,0,0,22107.0,1,36.7801203,-121.67014151,3
2016,2016-01-05,833,1,4,8,2,N,C,Y,B,H,A,A,01,S,08,E,,,,,J,Y,N,D,1,0,0,0,22107.0,1,36.74232803,-121.6597259,4
2015,2015-09-26,2330,9,3,23,6,N,A,Y,A,H,D,A,01,S,01,C,,,,Y,E,Y,N,D,0,0,0,0,23152.0,2,36.7121488,-121.66297739,1
2016,2016-01-06,1405,1,4,14,3,Y,C,N,B,H,A,A,01,,12,D,,,,,C,Y,N,A,1,0,0,0,21453.0,2,36.33196011,-121.23926992,4
2015,2015-12-07,1945,12,4,19,1,N,A,Y,A,H,D,-,- ,N,00,G,Y,,,,B,N,F,D,0,0,0,0,,2,36.17480289,-121.06185502,1
2016,2016-01-01,105,1,4,1,5,N,A,Y,A,H,D,A,07,S,08,F,,,,,A,Y,N,D,1,0,0,0,22107.0,1,36.2309316,-121.17395271,4
2016,2016-01-01,2332,1,4,23,5,N,A,Y,A,H,D,A,01,E,05,A,,,,,C,Y,N,D,1,0,0,0,21460.0,2,36.86810614,-121.74330582,4
2016,2016-01-02,1755,1,4,17,6,N,B,Y,A,H,D,A,01,S,03,C,,,,,C,Y,N,D,2,0,0,0,22350.0,3,36.81493524,-121.78575859,4
2016,2016-01-01,245,1,4,2,5,N,A,N,A,H,D,A,08,E,01,E,,,,,I,Y,N,D,3,0,0,0,23152.0,1,36.39797,-121.88466,2
2016,2016-01-03,610,1,4,6,7,N,B,Y,A,H,C,A,07,S,08,F,,,,,A,Y,N,D,2,0,0,0,22107.0,1,36.69422431,-121.66244486,3
2015,2015-12-31,119,12,4,1,4,N,A,N,A,H,D,A,07,E,01,E,,,,,I,Y,N,D,1,0,0,0,23152.0,1,36.73954284,-121.67437401,4
2016,2016-01-05,20,1,4,0,2,Y,B,N,A,H,C,A,01,,09,D,,,,,C,Y,N,A,1,0,0,0,21453.0,2,36.80267006,-121.66671997,3
2016,2016-01-06,1245,1,4,12,3,N,B,Y,B,H,A,A,01,S,08,D,,,,,I,Y,N,D,1,0,0,0,22107.0,3,,,4
2016,2016-01-12,815,1,4,8,2,N,A,N,A,H,A,A,07,S,09,D,,,,,C,Y,N,D,1,0,0,0,21804.0,2,36.54250401,-121.72618935,4
2016,2016-01-06,1215,1,4,12,3,N,B,N,B,H,A,A,01,E,08,E,,,,,I,N,N,D,1,0,0,0,22107.0,1,35.89882965,-120.73513245,4
2016,2016-01-10,430,1,4,4,7,N,C,Y,B,H,D,A,07,S,01,E,,,,,I,Y,N,A,1,0,0,0,23152.0,1,35.92380177,-120.86681385,4
2015,2015-12-27,1715,12,4,17,7,N,A,Y,A,H,B,A,01,S,03,C,,,,,C,Y,N,D,1,0,0,0,22350.0,2,36.46424659,-121.92724402,4
2016,2016-01-09,25,1,4,0,6,N,A,Y,A,H,D,A,01,S,01,D,,,,,C,Y,N,D,1,0,0,0,23152.0,2,36.59396689,-121.54372677,3
2016,2016-01-12,854,1,4,8,2,N,A,Y,A,H,A,D,22,N,03,C,,,,,C,Y,N,A,1,0,0,0,22350.0,3,36.57681439,-121.90985291,4
2016,2016-01-06,1924,1,4,19,3,N,C,Y,B,H,C,A,01,E,03,E,,,,,I,Y,N,D,2,0,0,0,22350.0,1,36.58029,-121.90357,3
2016,2016-01-08,410,1,4,4,5,N,A,Y,A,H,D,A,01,N,01,E,,,,,I,Y,N,D,1,0,0,0,23152.0,1,36.6892603,-121.68615802,3
2016,2016-01-11,720,1,4,7,1,N,B,Y,A,H,A,A,01,E,03,C,,,,,C,N,N,D,1,0,0,0,22350.0,2,36.56976076,-121.79154278,4
2016,2016-01-12,840,1,4,8,2,Y,A,Y,A,H,A,A,01,,03,E,,,,,I,Y,N,A,1,0,0,0,22350.0,1,36.57849899,-121.72709756,4
2016,2016-01-17,17,1,4,0,7,Y,E,Y,B,H,C,-,- ,,12,D,,,,,C,Y,N,A,1,0,0,0,21453.0,2,36.56641472,-121.91298147,3
2016,2016-01-13,2035,1,4,20,3,N,A,N,A,H,D,A,01,S,00,C,,,,,C,Y,N,D,2,0,0,0,24804.0,2,36.77904718,-121.73608426,3
2016,2016-01-13,2010,1,4,20,3,N,A,N,A,H,C,A,01,E,03,C,,,,,C,N,N,A,1,0,0,0,22350.0,2,36.73209487,-121.64792064,4
2016,2016-01-15,1627,1,4,16,5,N,A,Y,A,H,A,A,01,N,03,C,,,,,C,Y,N,D,1,0,0,0,22350.0,2,,,4
2016,2016-01-16,1715,1,4,17,6,N,B,N,A,H,B,D,22,E,08,E,,,,,I,Y,N,D,1,0,0,0,22107.0,1,36.73045719,-121.62918743,4
2016,2016-01-18,1225,1,4,12,1,N,A,Y,A,H,A,L,04,E,03,F,,Y,,,A,N,N,D,1,0,1,0,22350.0,1,36.41592712,-121.27722972,3
2016,2016-01-13,2008,1,4,20,3,N,B,Y,A,D,D,A,01,S,07,C,,,,,C,Y,N,D,1,0,0,0,21658.0,2,36.6030763,-121.86127123,4
2016,2016-01-14,910,1,4,9,4,Y,A,Y,A,H,A,A,01,,09,D,,,,,C,Y,N,A,1,0,0,0,21802.0,2,36.80406178,-121.78379957,4
2016,2016-01-16,150,1,4,1,6,N,C,Y,B,H,C,A,01,E,01,A,,,,Y,C,Y,N,D,1,0,0,0,23152.0,2,36.66114,-121.62367,3
2015,2015-11-11,1530,11,3,15,3,Y,A,Y,A,H,A,A,01,,09,D,,,Y,,C,Y,N,D,1,0,0,1,21804.0,2,36.23768324,-121.77101337,2
2016,2016-01-01,1230,1,4,12,5,N,A,Y,A,H,A,A,07,E,21,C,,,,,C,N,N,A,1,0,0,0,22106.0,2,36.80408221,-121.78377724,4
2016,2016-01-15,1558,1,4,15,5,N,A,Y,A,H,A,D,22,N,03,C,,,,,C,Y,N,D,1,0,0,0,22350.0,2,36.57591223,-121.91125895,4
2016,2016-01-15,1649,1,4,16,5,N,A,Y,A,H,A,A,01,N,03,C,,,,,C,N,N,D,1,0,0,0,22350.0,2,36.57525608,-121.91202234,4
2016,2016-01-15,910,1,4,9,5,N,A,Y,A,H,A,D,22,E,03,C,,,,,C,Y,N,D,1,0,0,0,22350.0,2,,,4
2016,2016-01-15,1000,1,4,10,5,N,A,Y,A,H,A,A,01,W,03,C,,,,,C,Y,N,D,1,0,0,0,22350.0,2,,,4
2016,2016-01-15,1800,1,4,18,5,N,A,Y,A,H,D,-,99,S,07,F,,,Y,,I,Y,F,D,1,0,0,1,21658.0,2,36.48977739,-121.42458337,3
2016,2016-01-20,735,1,4,7,3,N,B,N,A,H,A,D,22,W,08,E,,,,,J,Y,N,D,1,0,0,0,22107.0,1,36.80336179,-121.6810242,3
2016,2016-01-18,2047,1,4,20,1,N,B,Y,A,D,D,F,25,N,07,C,,,,Y,C,Y,N,A,1,0,0,0,21658.0,3,,,4
2016,2016-01-19,850,1,4,8,2,N,C,Y,B,H,A,A,01,S,03,F,,,,,A,Y,N,D,1,0,0,0,22350.0,1,36.65356143,-121.61854964,4
2016,2016-01-19,1130,1,4,11,2,N,C,Y,B,H,A,A,01,S,03,C,,,,,C,Y,N,D,3,0,0,0,22350.0,2,36.56381691,-121.91149732,4
2016,2016-01-19,545,1,4,5,2,N,C,Y,B,H,D,A,01,N,08,E,,,,,I,Y,N,D,1,0,0,0,22107.0,1,36.87129977,-121.76992349,3
2016,2016-01-19,1608,1,4,16,2,N,B,N,B,H,A,A,07,E,05,B,,,,,C,Y,F,D,1,0,0,0,21460.0,2,36.78792,-121.61107,4
2016,2016-01-21,2235,1,4,22,4,Y,A,N,A,H,D,D,22,,08,E,,,,,J,Y,N,D,1,0,0,0,22107.0,1,36.28057011,-121.30298996,3
2016,2016-01-06,1840,1,4,18,3,Y,B,Y,B,D,D,A,01,,09,A,,,,,C,Y,N,D,4,0,0,0,21801.0,3,36.64462406,-121.66423025,1
2016,2016-01-19,2000,1,4,20,2,Y,B,N,A,H,D,A,01,,09,D,,,,,C,N,N,D,2,0,0,0,21802.0,2,36.87827003,-121.75139999,4
2016,2016-01-19,2020,1,4,20,2,N,B,Y,B,H,D,A,01,N,07,E,,,,,I,N,M,D,2,0,0,0,21658.0,2,36.66674089,-121.62811483,4
2016,2016-01-19,2234,1,4,22,2,N,B,Y,A,D,D,A,01,N,03,C,,,,,C,Y,N,D,2,0,0,0,22350.0,3,36.62824595,-121.8380136,4
2016,2016-01-25,800,1,4,8,1,N,A,N,A,H,A,A,01,S,03,C,,,,,C,Y,N,A,1,0,0,0,22350.0,2,36.60693171,-121.64439487,4
2016,2016-01-20,1559,1,4,15,3,N,A,N,A,H,A,A,07,E,01,E,,,,,I,Y,N,D,1,0,0,0,23152.0,1,36.81843,-121.63296,3
2016,2016-01-19,2235,1,4,22,2,N,B,Y,A,D,D,A,07,N,03,C,,,,,C,Y,N,A,1,0,0,0,22350.0,3,36.63471245,-121.83202053,4
2016,2016-01-16,2325,1,4,23,6,Y,E,Y,B,H,D,G,25,,09,D,,,,Y,C,Y,N,A,1,0,0,0,21804.0,2,36.61283813,-121.56696137,3
2016,2016-01-22,1557,1,4,15,5,N,C,Y,B,H,A,A,01,E,03,C,,,,,C,Y,N,D,1,0,0,0,22350.0,3,,,4
2016,2016-01-22,1200,1,4,12,5,N,A,Y,A,H,A,C,02,N,08,F,,,Y,,A,Y,N,D,1,0,0,1,22107.0,1,,,3
2016,2016-01-27,640,1,4,6,3,N,B,N,A,C,D,A,01,N,03,E,,,,,I,Y,N,D,1,0,0,0,22350.0,1,36.78846315,-121.61117264,3
2015,2015-10-01,630,10,3,6,4,N,B,N,B,H,B,G,27,S,05,B,,,,Y,C,Y,N,D,0,0,0,0,21460.0,2,36.6525285,-121.72531118,1
2015,2015-12-02,1820,12,4,18,3,N,A,N,A,H,D,N,60,S,11,G,Y,,,,B,Y,N,D,1,0,0,0,21954.0,2,36.64416269,-121.57521343,1
2016,2016-01-24,905,1,4,9,7,N,A,Y,A,H,A,A,07,N,08,F,,,,,A,Y,N,D,1,0,0,0,22107.0,1,,,4
2016,2016-01-30,755,1,4,7,6,Y,B,Y,A,H,A,D,22,,01,D,,,,,C,Y,N,A,1,0,0,0,23152.0,2,36.76525007,-121.75739991,4
2016,2016-01-28,630,1,4,6,4,N,A,N,A,H,D,A,08,E,03,C,,,,,C,Y,N,D,3,0,0,0,22350.0,2,36.748077,-121.71798,3
2016,2016-01-29,1220,1,4,12,5,N,A,Y,A,H,A,A,01,N,08,E,,,,,I,Y,N,D,1,0,0,0,22107.0,1,36.63383449,-121.59568108,3
2016,2016-01-29,1720,1,4,17,5,N,A,N,A,H,B,A,01,S,08,E,,,,,I,Y,N,D,1,0,0,0,22107.0,1,36.28617981,-121.2456712,4
2016,2016-01-31,945,1,4,9,7,N,C,Y,B,H,A,A,01,N,03,E,,,,,I,Y,N,D,1,0,0,0,22350.0,1,36.19775438,-121.14613686,3
2016,2016-01-31,1600,1,4,16,7,N,A,N,A,H,A,A,01,E,03,C,,,,,C,N,N,D,1,0,0,0,22350.0,3,36.86498726,-121.73308638,4
2016,2016-01-26,2257,1,4,22,2,Y,B,N,A,B,D,A,01,,03,E,,,,,I,Y,F,D,1,0,0,0,22350.0,1,36.6415901,-121.57146995,4
2016,2016-02-01,1604,2,4,16,1,N,A,Y,A,H,A,A,01,S,03,C,,,,,C,Y,N,D,1,0,0,0,22350.0,3,36.83385835,-121.77099,4
2016,2016-02-02,1620,2,4,16,2,N,A,Y,A,H,A,A,07,S,01,E,,,,,I,Y,N,D,1,0,0,0,23152.0,1,,,4
2016,2016-02-03,550,2,4,5,3,N,A,N,A,H,D,A,07,E,08,F,,,,,A,Y,N,D,1,0,0,0,22107.0,1,36.67871636,-121.72961738,3
2015,2015-09-24,1925,9,3,19,4,N,A,N,A,H,D,A,01,N,08,E,,,,,I,Y,N,D,1,0,0,0,22107.0,1,36.82537281,-121.65412814,3
2016,2016-02-04,800,2,4,8,4,N,A,Y,A,H,A,A,01,N,03,C,,,,,C,N,N,A,1,0,0,0,22350.0,2,,,4
2019,2019-11-30,1242,11,3,12,6,Y,C,N,B,H,A,A,01,,09,D,,,,,C,Y,N,A,2,0,0,0,21800.0,2,36.61669158935546,-121.8311767578125,3
2019,2019-11-25,1808,11,3,18,1,N,A,N,A,H,C,-,- ,W,18,C,,,,,E,Y,N,D,1,0,0,0,,3,36.609241485595696,-121.84902954101562,4
2019,2019-11-16,1049,11,3,10,6,N,A,N,A,H,A,L,04,W,22,D,,Y,,,G,N,N,D,1,0,1,0,,2,36.60077667236328,-121.84986114501952,4
2019,2019-11-04,1951,11,3,19,1,Y,A,N,A,H,C,N,60,,11,G,Y,,,,B,N,N,A,1,1,0,0,21954.0,2,36.61399841308594,-121.843017578125,3
2016,2016-02-01,738,2,4,7,1,N,A,N,A,H,A,A,01,E,06,B,,,,Y,C,Y,N,D,1,0,0,0,21750.0,2,36.8937485,-121.67301856,3
2016,2016-02-02,1056,2,4,10,2,N,B,Y,B,H,A,A,01,S,06,B,,,,,C,Y,N,D,1,0,0,0,21750.0,2,36.44843311,-121.92618206,3
2016,2016-02-02,2202,2,4,22,2,N,A,Y,A,H,D,-,99,W,08,G,Y,,,,B,N,F,D,1,1,0,0,22107.0,2,36.78875086,-121.67143989,3
2016,2016-02-05,2312,2,4,23,5,N,A,Y,A,H,D,A,01,N,03,C,,,,,C,Y,N,D,1,0,0,0,22350.0,2,36.46757817,-121.39285495,4
2016,2016-02-06,450,2,4,4,6,N,A,Y,A,H,C,D,22,N,01,E,,,,,I,Y,N,D,1,0,0,0,23152.0,1,36.61905421,-121.84790675,3
2016,2016-02-06,1650,2,4,16,6,N,A,Y,A,H,A,D,22,N,03,C,,,,,C,Y,N,D,1,0,0,0,22350.0,3,36.59335118,-121.87624076,4
2016,2016-02-07,1938,2,4,19,7,Y,A,Y,A,H,C,A,01,,07,B,,,,,C,Y,N,D,1,0,0,0,21658.0,3,36.77591557,-121.66938331,4
2016,2016-02-09,1440,2,4,14,2,N,A,Y,A,H,A,A,08,S,03,C,,,,,C,N,N,D,1,0,0,0,22350.0,2,36.54639725,-121.90964593,4
2016,2016-02-09,950,2,4,9,2,N,A,Y,A,H,A,A,01,N,03,C,,,,,C,Y,N,D,2,0,0,0,22350.0,2,,,4
2016,2016-01-30,2030,1,4,20,6,N,A,Y,A,H,D,A,08,N,01,F,,,,,A,Y,N,D,1,0,0,0,23152.0,1,36.35721506,-121.27178355,4
2016,2016-02-06,1150,2,4,11,6,N,A,Y,A,H,A,A,01,E,05,A,,,,,C,Y,N,D,2,0,0,0,21460.0,2,,,4
2016,2016-01-22,1654,1,4,16,5,N,C,Y,B,H,A,A,01,S,03,C,,,,,C,Y,N,D,1,0,0,0,22350.0,2,36.61728703,-121.84910586,2
2016,2016-02-05,1620,2,4,16,5,N,A,N,A,H,A,A,01,W,08,E,,,,,I,Y,N,D,2,0,0,0,22107.0,1,36.73090428,-121.60185248,4
2016,2016-02-06,1500,2,4,15,6,N,A,Y,A,H,A,C,02,S,08,F,,,Y,,A,Y,N,D,1,0,0,1,22107.0,1,,,4