ACCIDENT_YEAR,COLLISION_DATE,COLLISION_TIME,MONTH,SEASON,24HOURS,DAY_OF_WEEK,INTERSECTION,WEATHER_1,STATE_HWY_IND,ROAD_SURFACE,ROAD_COND_1,LIGHTING,STWD_VEHTYPE_AT_FAULT,CHP_VEHTYPE_AT_FAULT,DIRECTION,PCF_VIOL_CATEGORY,TYPE_OF_COLLISION,PEDESTRIAN_ACCIDENT,BICYCLE_ACCIDENT,MOTORCYCLE_ACCIDENT,TRUCK_ACCIDENT,MVIW,TOW_AWAY,HIT_AND_RUN,CONTROL_DEVICE,NUMBER_INJURED,COUNT_PED_INJURED,COUNT_BICYCLIST_INJURED,COUNT_MC_INJURED,PCF_VIOLATION,PARTY_COUNT,POINT_Y,POINT_X,COLLISION_SEVERITY
2016,2016-05-24,920,5,1,9,2,N,A,Y,A,H,A,A,07,N,08,E,,,,,I,Y,N,D,1,0,0,0,22107.0,1,36.57167911,-121.52020657,4
2016,2016-05-24,1130,5,1,11,2,N,A,Y,A,H,A,A,01,N,07,B,,,,,C,N,N,D,2,0,0,0,21658.0,2,36.64771051,-121.81545001,4
2016,2016-05-25,1020,5,1,10,3,N,B,Y,A,H,A,A,01,E,03,C,,,,,C,Y,N,D,1,0,0,0,22350.0,3,36.78015454,-121.70261456,4
2016,2016-05-26,30,5,1,0,4,N,A,N,A,H,C,-,99,S,08,G,Y,,,,B,N,F,D,1,1,0,0,22107.0,2,36.90432525,-121.74844366,3
2016,2016-05-26,1625,5,1,16,4,N,B,Y,A,H,A,D,22,S,07,B,,,,,C,N,N,D,1,0,0,0,21658.0,2,36.59288806,-121.87809944,4
2016,2016-05-19,2135,5,1,21,4,N,A,Y,A,H,D,G,25,S,01,E,,,,Y,I,Y,N,D,3,0,0,0,23152.0,1,36.44236288,-121.92273497,2
2019,2019-11-22,1424,11,3,14,5,Y,A,N,A,H,A,A,01,,10,G,Y,,,,B,N,N,A,1,1,0,0,21950.0,2,36.55379104614258,-121.9235610961914,4
2016,2016-05-21,930,5,1,9,6,Y,A,N,A,H,A,A,07,,09,D,,,,,C,Y,N,D,2,0,0,0,21801.0,2,36.53810004,-121.90599997,4
2016,2016-05-22,1734,5,1,17,7,N,A,Y,A,H,A,A,01,S,03,E,,,,,I,Y,N,D,1,0,0,0,22350.0,1,,,4
2016,2016-05-24,1814,5,1,18,2,N,A,N,A,H,A,A,07,E,03,B,,,,,C,N,M,D,1,0,0,0,22350.0,2,36.81833,-121.63283,4
2016,2016-05-22,814,5,1,8,7,N,A,Y,A,H,A,-,- ,N,18,E,,,,,I,Y,N,D,1,0,0,0,,1,36.6779459,-121.64124765,4
2016,2016-05-28,950,5,1,9,6,N,A,Y,A,H,A,A,01,S,03,C,,,,,C,Y,N,D,2,0,0,0,22350.0,5,,,3
2016,2016-05-28,1320,5,1,13,6,N,A,Y,A,H,A,A,01,S,03,C,,,,,C,Y,N,D,1,0,0,0,22350.0,3,36.62457705,-121.84134537,4
2016,2016-05-29,1250,5,1,12,7,N,B,Y,A,H,A,A,07,N,03,C,,,,,C,N,N,D,1,0,0,0,22350.0,3,36.84374014,-121.7711131,4
2016,2016-05-29,1328,5,1,13,7,N,B,Y,A,H,A,D,22,N,03,C,,,,,C,Y,N,D,4,0,0,0,22350.0,3,36.84280412,-121.77109348,3
2016,2016-05-22,1155,5,1,11,7,N,A,Y,A,H,A,A,01,N,03,C,,,,,C,Y,N,D,3,0,0,0,22350.0,6,36.75918884,-121.66595109,3
2016,2016-05-29,2045,5,1,20,7,N,A,Y,A,H,D,A,07,N,03,C,,,,,C,Y,F,D,1,0,0,0,22350.0,3,36.82788872,-121.62822047,4
2016,2016-05-30,1630,5,1,16,1,N,A,N,A,H,A,A,07,S,03,C,,,,,C,N,N,D,1,0,0,0,22350.0,2,36.79629401,-121.6671983,3
2016,2016-05-30,2055,5,1,20,1,N,A,Y,A,H,C,-,31,N,03,C,,,,,C,Y,M,D,3,0,0,0,22350.0,7,36.83844294,-121.63142355,3
2016,2016-05-31,740,5,1,7,2,N,B,Y,A,H,A,G,27,E,03,C,,,,Y,C,Y,N,A,1,0,0,0,22350.0,2,36.76869632,-121.74241499,4
2016,2016-06-01,1725,6,2,17,3,N,A,N,A,H,A,D,22,S,03,C,,,,,C,N,N,D,1,0,0,0,22350.0,3,36.80397409,-121.66751345,4
2016,2016-05-27,220,5,1,2,5,N,A,N,A,H,D,A,01,N,01,E,,,,,I,Y,N,D,3,0,0,0,23152.0,1,36.63380092,-121.54267974,3
2016,2016-05-31,1700,5,1,17,2,N,A,Y,A,H,A,A,01,S,03,C,,,,,C,Y,N,D,2,0,0,0,22350.0,2,36.58414362,-121.88611959,4
2016,2016-05-29,1950,5,1,19,7,N,A,Y,A,H,A,A,01,S,07,F,,,Y,,I,N,F,D,2,0,0,2,21658.0,2,36.59871919,-121.86457498,3
2016,2016-06-02,1500,6,2,15,4,N,A,N,A,H,A,A,01,E,21,D,,Y,,,G,N,N,D,1,0,1,0,22106.0,2,36.76686205,-121.75722692,4
2016,2016-05-29,1150,5,1,11,7,N,A,N,A,H,A,L,04,E,03,F,,Y,,,A,N,N,D,1,0,1,0,22350.0,1,36.26708373,-121.07752364,2
2016,2016-05-31,910,5,1,9,2,N,A,Y,A,H,A,A,01,N,08,B,,,,,C,Y,N,D,2,0,0,0,22107.0,2,36.60452,-121.86127,3
2016,2016-06-02,1530,6,2,15,4,N,A,Y,A,H,A,A,07,E,03,C,,,,,C,Y,N,D,1,0,0,0,22350.0,3,36.57861398,-121.72610977,4
2020,2020-01-10,2103,1,4,21,5,N,A,N,A,H,C,-,- ,S,18,H,,,,,H,Y,N,D,1,0,0,0,,2,36.592388153076165,-121.89395904541016,4
2016,2016-05-29,1016,5,1,10,7,N,A,N,A,H,A,C,02,E,08,F,,,Y,,A,N,N,D,1,0,0,1,22107.0,1,36.34380856,-121.50902827,3
2016,2016-05-30,1125,5,1,11,1,N,A,Y,A,H,A,A,01,W,03,C,,,,,C,Y,N,D,3,0,0,0,22350.0,3,36.78274649,-121.69368047,4
2016,2016-05-31,1745,5,1,17,2,N,A,N,A,H,A,A,01,E,06,D,,,,,C,Y,N,D,2,0,0,0,21755.0,3,36.8926076,-121.67173628,3
2016,2016-06-03,1615,6,2,16,5,N,A,Y,A,H,A,D,22,N,08,B,,,,,C,N,N,D,1,0,0,0,22107.0,2,36.57337647,-121.52202304,4
2016,2016-06-03,1710,6,2,17,5,N,A,N,A,H,A,A,01,S,08,F,,,,,J,Y,N,D,1,0,0,0,22107.0,1,36.67022936,-121.59876441,4
2016,2016-06-02,600,6,2,6,4,Y,B,N,A,H,A,A,01,,08,D,,,,,C,Y,N,D,3,0,0,0,22107.0,2,36.67870005,-121.73501997,4
2016,2016-06-06,2124,6,2,21,1,N,B,N,A,H,D,M,47,W,09,C,,,,,C,Y,N,D,2,0,0,0,21801.0,2,36.73598012,-121.6616911,3
2016,2016-06-06,1800,6,2,18,1,N,B,Y,A,H,A,A,01,W,08,F,,,,,J,Y,N,D,1,0,0,0,22107.0,1,36.7553589,-121.76148204,3
2016,2016-06-06,1050,6,2,10,1,N,A,Y,A,H,A,L,04,S,03,F,,Y,,,I,N,N,D,1,0,1,0,22350.0,1,36.48676784,-121.93776716,3
2016,2016-05-29,1230,5,1,12,7,N,A,N,A,H,A,A,01,S,03,C,,,,,C,Y,N,D,1,0,0,0,22350.0,2,36.90006063,-121.74810843,3
2016,2016-06-03,832,6,2,8,5,N,A,N,A,H,A,A,01,E,08,E,,,,,J,Y,N,D,2,0,0,0,22107.0,1,36.44302234,-121.65637862,3
2016,2016-06-07,1500,6,2,15,2,N,A,Y,A,H,A,A,01,W,03,C,,,,,C,N,N,D,1,0,0,0,22350.0,2,36.57269168,-121.73947843,4
2016,2016-06-07,1505,6,2,15,2,Y,B,N,A,H,A,D,22,,03,C,,,,,C,Y,N,D,1,0,0,0,22350.0,2,36.7728001,-121.74149992,4
2016,2016-06-09,555,6,2,5,4,N,B,N,A,H,A,A,01,E,05,D,,,,,C,Y,N,D,2,0,0,0,21460.0,2,36.61911102,-121.63893865,4
2016,2016-05-22,2048,5,1,20,7,N,A,N,A,H,D,A,07,E,08,F,,,,,I,Y,N,D,1,0,0,0,22107.0,1,36.57437017,-121.51581309,2
2016,2016-06-05,1232,6,2,12,7,Y,A,N,A,H,A,L,04,,09,D,,Y,,,G,Y,N,A,1,0,1,0,21453.0,2,36.6668,-121.68510999,2
2016,2016-06-06,1200,6,2,12,1,N,A,N,A,H,A,L,04,W,03,F,,Y,,,A,N,N,D,1,0,1,0,22350.0,1,36.673556,-121.7518,4
2016,2016-06-09,1741,6,2,17,4,N,A,N,A,H,A,A,07,W,08,F,,,,,C,Y,N,D,1,0,0,0,22107.0,2,36.86254355,-121.66192886,4
2016,2016-06-10,1625,6,2,16,5,N,A,Y,A,H,A,D,22,S,03,C,,,,,C,Y,N,D,1,0,0,0,22350.0,2,36.78786585,-121.78234218,4
2019,2019-11-02,2233,11,3,22,6,N,A,N,A,H,C,D,22,N,01,A,,,,,C,Y,N,D,2,0,0,0,23153.0,2,36.60383224487305,-121.84823608398438,4
2016,2016-06-07,750,6,2,7,2,N,B,Y,B,H,A,A,01,S,03,D,,,,,C,Y,N,D,1,0,0,0,22350.0,2,36.76084402,-121.75143936,4
2016,2016-05-30,815,5,1,8,1,N,B,N,A,H,A,A,01,S,08,E,,,,,I,Y,N,D,2,0,0,0,22107.0,1,36.18788633,-121.14149362,2
2016,2016-06-11,1725,6,2,17,6,N,A,N,A,H,A,A,01,E,08,F,,,,,A,Y,N,D,1,0,0,0,22107.0,1,36.3175251,-121.30492137,4
2016,2016-06-06,1125,6,2,11,1,N,A,N,A,H,A,L,04,E,08,B,,Y,,,G,N,N,D,1,0,1,0,22107.0,2,,,4
2016,2016-06-08,1236,6,2,12,3,N,A,Y,A,H,A,D,22,N,03,C,,,,,C,Y,N,D,1,0,0,0,22350.0,2,36.85221338,-121.63517548,4
2016,2016-06-06,1030,6,2,10,1,N,B,N,A,H,A,A,01,W,09,D,,,,,C,Y,N,D,5,0,0,0,21801.0,2,36.77563018,-121.68224817,3
2016,2016-06-08,1525,6,2,15,3,N,A,Y,A,H,A,A,07,E,03,C,,,,,C,Y,N,A,2,0,0,0,22350.0,4,36.57081717,-121.8048259,3
2016,2016-06-09,1458,6,2,14,4,N,A,Y,A,H,A,A,01,S,05,A,,,,,C,Y,N,D,2,0,0,0,21460.0,2,36.00771257,-121.51303927,3
2016,2016-06-10,1630,6,2,16,5,N,A,N,A,H,A,M,46,E,09,D,,,,,C,Y,N,D,2,0,0,0,21801.0,2,36.55758812,-121.46034745,3
2016,2016-06-10,1509,6,2,15,5,N,A,Y,A,H,A,A,01,N,07,E,,,,,I,Y,F,D,1,0,0,0,21658.0,2,36.58204602,-121.89851202,4
2016,2016-06-13,1520,6,2,15,1,Y,B,N,A,H,A,F,26,,09,D,,,,Y,C,N,N,D,1,0,0,0,21804.0,2,36.75926002,-121.74186996,4
2019,2019-12-17,2047,12,4,20,2,Y,A,N,A,H,C,A,01,,09,D,,,,,C,N,N,A,1,0,0,0,21800.0,2,36.512310028076165,-121.43905639648438,4
2016,2016-06-13,1648,6,2,16,1,N,A,Y,A,H,A,A,01,N,03,C,,,,,C,N,N,D,1,0,0,0,22350.0,2,36.34255573,-121.25810251,3
2016,2016-06-10,1549,6,2,15,5,N,A,N,A,H,A,A,07,E,01,A,,,,,C,Y,N,D,2,0,0,0,23152.0,2,36.49262124,-121.74481406,3
2016,2016-05-02,945,5,1,9,1,N,A,N,A,H,A,D,22,S,05,B,,,,,C,N,F,D,1,0,0,0,21460.0,2,36.80827,-121.64926,3
2016,2016-06-07,2230,6,2,22,2,N,A,N,A,H,D,A,01,S,01,A,,,,,C,Y,F,D,1,0,0,0,23152.0,2,36.87895271,-121.74723394,4
2016,2016-06-09,1727,6,2,17,4,Y,A,N,A,H,A,A,01,,09,D,,,,,C,Y,N,A,2,0,0,0,21802.0,2,36.86810002,-121.66877987,3
2016,2016-06-11,1635,6,2,16,6,Y,A,N,A,H,A,D,22,,09,D,,,,,C,Y,N,D,1,0,0,0,21801.0,2,36.62652005,-121.53020986,3
2016,2016-06-12,1612,6,2,16,7,N,A,N,A,H,A,D,22,W,01,E,,,,,I,Y,N,D,1,0,0,0,23152.0,1,36.53270527,-121.53559613,3
2016,2016-06-11,1552,6,2,15,6,N,A,Y,A,H,A,-,- ,S,18,F,,Y,,,A,Y,N,D,1,0,1,0,,1,36.37730121,-121.90407119,3
2016,2016-06-09,1846,6,2,18,4,N,A,Y,A,C,A,A,01,S,08,E,,,,,I,Y,N,D,2,0,0,0,22107.0,2,36.5424565,-121.48835289,3
2016,2016-06-12,822,6,2,8,7,N,A,N,A,H,A,A,01,W,09,D,,,,,C,Y,N,D,5,0,0,0,21804.0,2,36.86410943,-121.72263257,3
2016,2016-06-13,300,6,2,3,1,N,A,Y,A,H,D,F,27,N,08,E,,,,Y,I,Y,N,D,1,0,0,0,22107.0,1,36.51932844,-121.44325599,4
2016,2016-06-11,1405,6,2,14,6,N,A,Y,A,H,A,A,01,S,03,C,,,,,C,Y,N,D,1,0,0,0,22350.0,2,36.52377828,-121.92552123,4
2016,2016-06-13,525,6,2,5,1,N,A,Y,A,H,B,-,99,N,03,C,,,,,C,N,F,D,2,0,0,0,22350.0,2,36.51935055,-121.44329383,4
2016,2016-06-13,2227,6,2,22,1,Y,A,N,A,H,D,A,01,,08,E,,,,,I,Y,N,D,1,0,0,0,22107.0,2,36.62578008,-121.68274997,3
2016,2016-06-15,1810,6,2,18,3,N,B,Y,A,H,A,C,02,N,06,B,,,Y,,C,Y,N,D,1,0,0,1,21755.0,3,36.59420329,-121.87129196,2
2016,2016-06-15,2000,6,2,20,3,N,A,N,A,H,A,-,- ,S,18,G,Y,,,,B,N,N,D,1,1,0,0,,2,36.86724045,-121.75987745,3
2016,2016-06-15,1125,6,2,11,3,N,A,Y,A,H,A,A,01,S,03,C,,,,,C,Y,N,D,1,0,0,0,22350.0,2,36.59349284,-121.54353726,4
2016,2016-06-16,720,6,2,7,4,N,A,Y,A,H,A,A,07,N,03,C,,,,,C,N,N,D,1,0,0,0,22350.0,2,36.62019,-121.84711,4
2016,2016-06-17,1358,6,2,13,5,N,A,N,A,H,A,A,07,W,08,E,,,,,I,Y,N,D,1,0,0,0,22107.0,1,36.84869778,-121.67912275,4
2016,2016-06-17,830,6,2,8,5,Y,A,N,A,H,A,A,01,,08,A,,,,,C,Y,N,A,2,0,0,0,22107.0,2,36.6587101,-121.69199996,4
2016,2016-06-17,1048,6,2,10,5,N,A,Y,A,H,A,A,07,W,08,D,,,,,C,Y,N,D,1,0,0,0,22107.0,2,36.58871127,-121.71070677,4
2016,2016-06-18,1350,6,2,13,6,N,A,N,A,H,A,G,25,N,21,A,,,,Y,C,Y,N,D,2,0,0,0,22106.0,2,36.6788373,-121.73502528,4
2016,2016-06-18,1445,6,2,14,6,N,A,N,A,H,A,A,07,S,03,C,,,,,C,Y,N,D,5,0,0,0,22350.0,2,36.66951647,-121.55185427,4
2016,2016-06-19,1555,6,2,15,7,Y,A,Y,A,H,A,A,07,,09,D,,,,,C,Y,N,D,5,0,0,0,21801.0,3,,,4
2016,2016-06-20,1220,6,2,12,1,N,A,Y,A,H,A,A,01,S,08,H,,,,,A,Y,N,D,1,0,0,0,22107.0,1,36.64036472,-121.60500054,4
2016,2016-06-17,2111,6,2,21,5,Y,A,Y,A,H,C,A,01,,12,A,,,,,C,Y,N,A,1,0,0,0,21453.0,2,36.57850533,-121.72704316,4
2016,2016-06-16,1745,6,2,17,4,Y,A,N,A,H,A,A,01,,09,A,,,,,C,Y,N,D,2,0,0,0,21801.0,2,36.70088006,-121.73499994,4
2016,2016-06-21,1540,6,2,15,2,N,A,Y,A,H,A,A,01,S,03,C,,,,,C,Y,N,D,4,0,0,0,22350.0,2,36.6103852,-121.5636066,3
2016,2016-06-19,1600,6,2,16,7,Y,A,N,A,H,A,A,01,,03,C,,,,,C,Y,N,D,6,0,0,0,22350.0,2,36.88779,-121.66617,4
2016,2016-06-14,815,6,2,8,2,N,A,N,A,H,A,-,- ,E,05,B,,,,,C,Y,N,D,1,0,0,0,21460.0,2,36.67871493,-121.73160925,4
2019,2019-12-13,1156,12,4,11,5,N,B,Y,A,H,A,A,01,E,03,C,,,,,C,Y,N,A,2,0,0,0,22350.0,3,36.58267974853516,-121.84465026855467,3
2016,2016-06-18,530,6,2,5,6,N,A,N,A,H,C,A,01,N,08,E,,,,,I,Y,N,D,1,0,0,0,22107.0,1,35.93669645,-121.07132448,2
2019,2019-12-21,957,12,4,9,6,N,B,Y,A,H,A,A,01,W,04,C,,,,,C,Y,N,D,1,0,0,0,21703.0,3,36.583763122558594,-121.85171508789062,4
2016,2016-06-17,1655,6,2,16,5,Y,A,Y,A,H,A,C,02,,05,B,,,Y,,C,N,N,D,1,0,0,1,21460.0,2,,,4
2016,2016-06-17,1958,6,2,19,5,Y,B,N,A,H,A,A,01,,12,D,,,,,C,Y,N,A,1,0,0,0,22450.0,2,36.53414853,-121.85071707,4
2016,2016-06-23,1307,6,2,13,4,N,A,Y,A,H,A,C,02,W,06,B,,,Y,,C,Y,N,D,1,0,0,1,21750.0,2,36.78867436,-121.67501385,3
2016,2016-06-21,1740,6,2,17,2,N,A,Y,A,H,A,C,02,N,05,E,,,Y,,I,Y,N,D,1,0,0,1,21460.0,1,35.89576756,-121.45986583,2
2016,2016-06-24,2049,6,2,20,5,Y,A,Y,A,H,D,A,08,,09,D,,,,,C,Y,N,D,5,0,0,0,21801.0,2,36.83821006,-121.77097991,4
2016,2016-06-19,1700,6,2,17,7,N,A,Y,A,H,A,A,07,W,03,C,,,,,C,N,N,A,5,0,0,0,22350.0,3,,,4
2016,2016-06-23,1335,6,2,13,4,N,A,Y,A,H,A,A,01,W,03,C,,,,,C,Y,N,D,2,0,0,0,22350.0,2,36.77462162,-121.72188028,4
2016,2016-06-23,1405,6,2,14,4,N,A,Y,A,H,A,A,01,N,07,C,,,,,C,Y,N,D,2,0,0,0,21658.0,2,,,3
2016,2016-06-24,1615,6,2,16,5,Y,A,Y,A,H,A,A,01,,09,D,,,,,C,Y,N,D,3,0,0,0,21801.0,2,36.61284767,-121.56697436,3
2016,2016-05-26,1728,5,1,17,4,N,B,N,A,H,A,A,01,E,05,D,,,,,C,Y,N,D,2,0,0,0,21460.0,2,36.79507477,-121.71686002,1
2016,2016-06-25,1636,6,2,16,6,N,A,Y,A,H,A,A,01,E,03,C,,,,,C,Y,N,D,1,0,0,0,22350.0,3,36.78379541,-121.69052806,4
2016,2016-06-25,130,6,2,1,6,N,A,N,A,G,D,D,22,E,08,F,,,,,I,Y,N,D,1,0,0,0,22107.0,1,35.88231,-121.45339,3
2016,2016-06-26,1330,6,2,13,7,N,A,Y,A,H,A,A,08,N,08,A,,,,,I,Y,N,D,1,0,0,0,22107.0,1,,,4
2016,2016-06-26,1905,6,2,19,7,N,A,Y,A,H,A,-,99,N,08,B,,,,,C,Y,F,D,1,0,0,0,22107.0,2,36.57945935,-121.90556809,3
2016,2016-06-26,1653,6,2,16,7,N,A,N,A,H,A,A,01,E,03,D,,,,,C,Y,N,D,1,0,0,0,22350.0,2,36.79210221,-121.6241042,4
2016,2016-06-26,1923,6,2,19,7,Y,A,N,A,H,A,A,01,,03,B,,,Y,,C,N,M,D,1,0,0,1,22350.0,2,36.75959011,-121.61572991,4
2016,2016-06-20,835,6,2,8,1,N,A,N,A,H,A,-,99,W,08,B,,Y,,,G,N,F,D,1,0,1,0,22107.0,2,36.54106417,-121.87754297,4
2016,2016-06-28,1625,6,2,16,2,N,A,Y,A,H,A,D,22,W,03,C,,,,,C,Y,N,D,1,0,0,0,22350.0,2,36.57409158,-121.73598304,4
2016,2016-06-27,910,6,2,9,1,N,A,Y,A,D,A,A,08,N,03,C,,,,Y,C,Y,N,A,2,0,0,0,22350.0,2,36.32877471,-121.24334196,4
2016,2016-06-27,1625,6,2,16,1,N,A,Y,A,D,A,D,22,S,08,F,,,,,A,Y,N,D,1,0,0,0,22107.0,1,36.32044133,-121.23587061,4
2016,2016-06-26,1755,6,2,17,7,N,A,Y,A,H,A,C,02,S,03,E,,,Y,,I,Y,N,D,1,0,0,1,22350.0,1,36.23994092,-121.77647876,3
2016,2016-04-13,1355,4,1,13,3,N,A,N,A,H,A,A,07,E,05,A,,,,,C,Y,N,D,3,0,0,0,21460.0,2,36.8666065,-121.74107962,1
2016,2016-06-14,2100,6,2,21,2,N,A,N,A,H,B,A,01,E,08,F,,,,,A,Y,N,D,1,0,0,0,22107.0,1,36.01362974,-121.44065035,4
2016,2016-06-24,1408,6,2,14,5,N,A,N,A,H,A,D,22,N,01,C,,,,,C,Y,N,D,1,0,0,0,23152.0,2,36.84380888,-121.68954027,3
2016,2016-06-25,1407,6,2,14,6,N,A,N,A,H,A,A,07,W,08,F,,,,,J,Y,N,D,1,0,0,0,22107.0,1,36.39225501,-121.60126873,4
2016,2016-06-28,1415,6,2,14,2,N,A,Y,A,H,A,A,07,S,03,C,,,,,C,Y,N,D,1,0,0,0,22350.0,2,36.84094025,-121.6325777,4
2016,2016-06-28,2245,6,2,22,2,Y,A,Y,A,H,D,D,22,,12,D,,,,,C,Y,N,A,3,0,0,0,21453.0,2,36.76172586,-121.7526369,3
2016,2016-06-22,940,6,2,9,3,N,A,Y,A,H,A,G,27,S,07,B,,,,Y,C,Y,N,D,1,0,0,0,21658.0,2,36.71493126,-121.6618742,4
2016,2016-06-23,1730,6,2,17,4,N,A,N,A,H,A,-,99,N,05,F,,,Y,,A,N,F,D,1,0,0,1,21460.0,2,36.75518337,-121.60927645,3
2016,2016-06-28,1120,6,2,11,2,N,A,N,A,H,A,A,01,E,08,F,,,,,A,Y,N,D,1,0,0,0,22107.0,1,36.76145307,-121.73831689,4
2016,2016-04-30,752,4,1,7,6,N,A,Y,A,H,A,A,01,E,08,E,,,,,I,Y,N,D,0,0,0,0,22107.0,1,36.52179451,-121.79020094,1
2016,2016-05-01,1250,5,1,12,7,Y,A,N,A,H,A,A,01,,09,D,,,,,C,N,F,A,1,0,0,0,21802.0,2,36.73051009,-121.64217998,4
2016,2016-06-26,136,6,2,1,7,N,A,Y,A,H,D,D,22,N,01,B,,,,,I,Y,N,D,1,0,0,0,23152.0,1,36.72694729,-121.65837768,4
2016,2016-06-30,445,6,2,4,4,N,A,N,A,H,D,A,07,N,08,E,,,,,I,Y,N,D,1,0,0,0,22107.0,1,36.12804073,-121.01869998,4
2016,2016-06-25,215,6,2,2,6,N,A,N,A,H,D,A,01,S,08,E,,,,,I,Y,N,D,1,0,0,0,22107.0,1,36.76104407,-121.65850269,3
2016,2016-06-28,630,6,2,6,2,Y,A,N,A,H,A,A,01,,09,D,,,,,C,N,N,A,1,0,0,0,21802.0,2,36.76945009,-121.75764993,3
2016,2016-07-04,2240,7,2,22,1,N,A,Y,A,H,D,A,01,N,07,B,,,,,C,Y,N,D,2,0,0,0,21658.0,2,36.2100645,-121.16128435,4
2016,2016-06-30,1735,6,2,17,4,Y,A,N,A,H,A,A,07,,03,C,,,,,C,Y,N,D,2,0,0,0,22350.0,2,36.87801004,-121.75255997,4
2016,2016-07-01,1525,7,2,15,5,N,A,N,A,H,A,A,07,W,03,C,,,,,C,Y,N,D,1,0,0,0,22350.0,2,36.84642243,-121.63624846,4
2016,2016-07-02,1550,7,2,15,6,N,B,Y,A,H,A,A,07,N,03,C,,,,,C,N,N,D,1,0,0,0,22350.0,2,36.61853122,-121.84833446,4
2016,2016-06-30,345,6,2,3,4,N,A,N,A,H,D,A,01,N,06,E,,,,,I,Y,F,D,5,0,0,0,21750.0,2,36.63317824,-121.54933062,3
2016,2016-07-03,1735,7,2,17,7,N,A,Y,A,H,A,A,01,S,03,C,,,,,C,N,N,D,2,0,0,0,22350.0,2,36.37240479,-121.90255661,4
2016,2016-07-03,653,7,2,6,7,N,B,N,A,H,A,A,01,N,08,E,,,,,I,Y,N,D,1,0,0,0,22107.0,1,36.80383,-121.66005,4
2016,2016-07-06,1530,7,2,15,3,N,A,Y,A,H,A,A,07,E,08,F,,,,,A,Y,N,D,1,0,0,0,22107.0,1,36.61332063,-121.68940257,2
2016,2016-07-02,1828,7,2,18,6,N,B,Y,A,H,A,A,01,N,08,A,,,,,C,Y,N,D,2,0,0,0,22107.0,2,36.69016648,-121.65728267,4
2016,2016-06-07,555,6,2,5,2,N,B,Y,B,H,B,A,01,S,08,E,,,,,I,Y,N,D,0,0,0,0,22107.0,1,36.57133977,-121.9129437,1
2016,2016-07-08,1641,7,2,16,5,N,A,N,A,H,A,A,01,E,03,C,,,,,C,Y,N,D,1,0,0,0,22350.0,2,36.67407636,-121.69801132,3
2016,2016-07-04,550,7,2,5,1,N,B,N,B,H,A,D,22,W,03,C,,,,,C,Y,N,D,1,0,0,0,22350.0,2,36.90119274,-121.69390543,3
2016,2016-07-04,810,7,2,8,1,N,B,Y,A,H,A,A,01,E,08,B,,Y,,,G,N,N,D,1,0,1,0,22107.0,2,36.57113141,-121.74617111,3
2016,2016-07-09,1435,7,2,14,6,N,A,N,A,H,A,A,01,S,08,E,,,,,I,Y,N,D,1,0,0,0,22107.0,1,36.57042073,-121.48921762,3
2016,2016-07-10,1134,7,2,11,7,N,A,Y,A,H,A,C,02,W,03,C,,,Y,,C,Y,N,D,1,0,0,1,22350.0,2,36.78861639,-121.67536169,3
2016,2016-07-11,1705,7,2,17,1,N,A,Y,A,H,A,A,07,W,03,C,,,,,C,Y,N,A,2,0,0,0,22350.0,4,36.56999166,-121.75765975,3
2016,2016-07-11,1005,7,2,10,1,N,A,N,A,H,A,A,01,E,03,C,,,,,C,Y,N,D,1,0,0,0,22350.0,2,36.67871003,-121.72781652,4
2016,2016-07-09,1230,7,2,12,6,N,A,N,A,H,A,-,- ,,18,H,,,Y,,H,Y,N,D,1,0,0,1,,1,36.35860281,-120.78680595,4
2016,2016-07-12,805,7,2,8,2,N,B,Y,A,H,A,A,01,S,07,B,,,,,C,N,N,D,1,0,0,0,21658.0,2,36.57200406,-121.91303455,4
2016,2016-07-11,1345,7,2,13,1,N,A,N,A,H,A,D,22,N,03,B,,,,,C,Y,N,D,1,0,0,0,22350.0,2,36.3222,-121.18235,3
2016,2016-07-12,1323,7,2,13,2,N,A,Y,A,H,A,D,22,S,03,C,,,,,C,Y,N,D,3,0,0,0,22350.0,3,,,4
2016,2016-07-09,1130,7,2,11,6,N,A,Y,A,H,A,A,01,S,08,F,,,,,A,Y,N,D,3,0,0,0,22107.0,1,36.76692072,-121.66838977,3
2016,2016-07-07,655,7,2,6,4,N,A,Y,A,H,A,A,01,N,08,B,,,,,C,Y,N,D,1,0,0,0,22107.0,2,,,4
2016,2016-07-12,1615,7,2,16,2,N,A,Y,A,H,A,A,01,N,03,C,,,,,C,Y,N,D,3,0,0,0,22350.0,3,36.58056649,-121.90337156,3
2016,2016-07-13,1425,7,2,14,3,N,A,Y,A,H,A,A,07,N,08,E,,,,,I,Y,N,A,3,0,0,0,22107.0,1,,,3
2016,2016-07-13,1510,7,2,15,3,N,A,N,A,H,A,D,22,E,03,C,,,,Y,C,Y,N,D,2,0,0,0,22350.0,3,36.85800243,-121.64651866,3
2016,2016-07-11,615,7,2,6,1,N,A,N,A,B,A,-,- ,W,18,F,,,Y,,I,N,N,D,2,0,0,2,,1,36.58382764,-121.77155542,3
2016,2016-07-11,925,7,2,9,1,N,A,Y,A,H,A,-,- ,W,18,E,,,,,I,Y,N,D,1,0,0,0,,1,36.73745712,-121.666907,3
2016,2016-06-27,1550,6,2,15,1,N,A,N,A,H,A,C,02,S,05,A,,,Y,,C,Y,N,D,0,0,0,0,21650.0,2,35.86781506,-120.83720823,1
2016,2016-07-09,1330,7,2,13,6,N,A,Y,A,H,A,A,07,S,03,C,,,,,C,Y,F,D,1,0,0,0,22350.0,3,36.63733928,-121.83015219,4
2016,2016-07-12,1235,7,2,12,2,N,A,Y,A,H,A,A,07,N,08,E,,,,,I,Y,N,D,2,0,0,0,22107.0,1,36.86987,-121.77023,4