ACCIDENT_YEAR,COLLISION_DATE,COLLISION_TIME,MONTH,SEASON,24HOURS,DAY_OF_WEEK,INTERSECTION,WEATHER_1,STATE_HWY_IND,ROAD_SURFACE,ROAD_COND_1,LIGHTING,STWD_VEHTYPE_AT_FAULT,CHP_VEHTYPE_AT_FAULT,DIRECTION,PCF_VIOL_CATEGORY,TYPE_OF_COLLISION,PEDESTRIAN_ACCIDENT,BICYCLE_ACCIDENT,MOTORCYCLE_ACCIDENT,TRUCK_ACCIDENT,MVIW,TOW_AWAY,HIT_AND_RUN,CONTROL_DEVICE,NUMBER_INJURED,COUNT_PED_INJURED,COUNT_BICYCLIST_INJURED,COUNT_MC_INJURED,PCF_VIOLATION,PARTY_COUNT,POINT_Y,POINT_X,COLLISION_SEVERITY
2016,2016-10-11,230,10,3,2,2,N,B,N,A,H,C,A,01,W,08,D,,,,,E,Y,N,D,1,0,0,0,22107.0,3,36.90444274,-121.74620101,4
2016,2016-10-03,605,10,3,6,1,Y,B,Y,A,H,B,G,25,,09,D,,,,Y,C,Y,N,D,3,0,0,0,21801.0,2,,,2
2016,2016-10-14,1645,10,3,16,5,N,B,Y,A,H,A,A,01,E,03,C,,,,,C,N,N,A,1,0,0,0,22350.0,2,36.76875095,-121.74223224,4
2016,2016-10-15,2200,10,3,22,6,N,B,N,B,H,D,A,01,N,03,F,,,,,I,Y,M,D,1,0,0,0,22350.0,1,36.87404589,-121.74477126,3
2016,2016-10-15,1835,10,3,18,6,Y,B,N,A,H,D,D,22,,09,D,,,,,C,Y,N,A,1,0,0,0,21802.0,2,36.87827003,-121.75139999,4
2016,2016-10-16,733,10,3,7,7,N,C,Y,B,H,A,A,01,S,03,E,,,,,I,Y,N,D,1,0,0,0,22350.0,1,36.855584,-121.6323053,4
2016,2016-10-16,842,10,3,8,7,N,B,Y,B,H,A,A,01,S,03,F,,,,,I,Y,N,D,1,0,0,0,22350.0,1,36.69169411,-121.8079729,4
2016,2016-10-08,1115,10,3,11,6,N,A,Y,A,H,A,D,22,S,05,A,,,Y,,C,Y,N,A,1,0,0,1,21460.0,2,,,4
2016,2016-08-28,2059,8,2,20,7,N,A,Y,A,H,B,C,02,N,01,E,,,Y,,I,Y,N,D,0,0,0,0,23152.0,1,36.67807677,-121.80782878,1
2016,2016-10-16,405,10,3,4,7,Y,C,N,B,H,D,A,01,,03,E,,,,,I,Y,N,D,2,0,0,0,22350.0,1,36.77349001,-121.60336997,4
2016,2016-10-19,855,10,3,8,3,N,A,Y,A,H,A,A,01,S,03,C,,,,,C,Y,N,D,1,0,0,0,22350.0,2,36.57200406,-121.91303455,4
2016,2016-10-19,1350,10,3,13,3,N,A,N,A,H,A,A,01,W,03,C,,,,,C,Y,N,D,1,0,0,0,22350.0,2,36.50394241,-121.76038524,4
2016,2016-09-24,1510,9,3,15,6,N,A,N,A,H,A,A,01,S,05,D,,,,,C,Y,N,D,1,0,0,0,21460.0,2,36.6898248,-121.5680918,1
2016,2016-10-19,800,10,3,8,3,N,A,N,A,A,A,A,07,E,03,C,,,,,C,Y,N,D,2,0,0,0,22350.0,2,36.53273645,-121.84393198,3
2016,2016-10-13,1553,10,3,15,4,Y,A,N,A,H,A,A,01,,21,D,,,,,C,N,N,A,1,0,0,0,22106.0,3,36.80840007,-121.67190992,2
2016,2016-10-14,1920,10,3,19,5,N,C,N,B,H,C,N,60,N,11,G,Y,,,,B,N,F,A,1,1,0,0,21954.0,2,36.87902893,-121.74722107,4
2016,2016-10-15,655,10,3,6,6,Y,A,Y,B,H,A,A,07,,12,A,,,,,C,Y,N,A,1,0,0,0,21453.0,2,36.64467774,-121.66420901,4
2016,2016-10-16,20,10,3,0,7,N,C,N,B,H,D,D,22,N,08,F,,,,,I,Y,N,D,1,0,0,0,22107.0,1,36.52210403,-121.75715676,4
2016,2016-10-20,1550,10,3,15,4,N,A,Y,A,H,A,A,07,N,03,C,,,,,C,Y,N,D,1,0,0,0,22350.0,3,36.59388663,-121.87353107,4
2016,2016-10-20,730,10,3,7,4,N,A,Y,A,H,A,A,01,W,03,C,,,,,C,N,N,D,1,0,0,0,22350.0,2,,,4
2016,2016-10-20,1546,10,3,15,4,Y,A,N,A,H,A,D,22,,03,C,,,,,C,Y,N,D,3,0,0,0,22350.0,2,36.72375009,-121.78882995,4
2016,2016-10-18,1120,10,3,11,2,N,A,N,A,H,A,A,07,S,05,B,,,,,C,Y,N,D,1,0,0,0,21460.0,2,36.76993549,-121.74368408,4
2016,2016-10-19,1552,10,3,15,3,N,A,Y,A,H,A,A,01,N,01,F,,,,,J,Y,N,D,1,0,0,0,23152.0,1,36.5189133,-121.44293505,4
2016,2016-10-20,1711,10,3,17,4,N,A,Y,A,H,A,A,07,W,03,C,,,,,C,N,N,D,2,0,0,0,22350.0,2,,,4
2016,2016-10-21,850,10,3,8,5,N,A,Y,A,H,A,A,07,E,03,C,,,,,C,Y,N,D,3,0,0,0,22350.0,2,,,4
2016,2016-10-22,1333,10,3,13,6,N,A,Y,A,H,A,A,01,N,03,C,,,,,C,Y,N,A,1,0,0,0,22350.0,2,36.16144416,-121.67282393,4
2016,2016-10-23,2130,10,3,21,7,N,A,Y,A,H,C,A,01,N,03,C,,,,Y,C,Y,N,D,1,0,0,0,22350.0,3,36.72486963,-121.6592352,3
2016,2016-10-21,555,10,3,5,5,Y,A,Y,A,H,A,D,22,,09,D,,,,,C,Y,N,D,1,0,0,0,21802.0,2,36.87341003,-121.74448997,4
2016,2016-10-14,415,10,3,4,5,N,B,Y,A,H,D,A,07,S,08,E,,,,,I,Y,N,D,3,0,0,0,22107.0,1,36.40086659,-121.31474036,3
2016,2016-10-20,1530,10,3,15,4,N,A,Y,A,H,A,A,01,S,03,B,,,,,C,Y,N,D,1,0,0,0,22350.0,2,36.40944047,-121.31913873,4
2016,2016-10-21,1400,10,3,14,5,N,A,N,A,H,A,A,01,W,08,E,,,,,I,N,N,D,1,0,0,0,22107.0,1,36.18857,-121.04643,4
2016,2016-10-23,2052,10,3,20,7,Y,A,N,A,H,D,A,01,,01,F,,,,,A,Y,N,D,4,0,0,0,23152.0,1,36.26868005,-121.14483994,3
2016,2016-10-16,1625,10,3,16,7,N,C,Y,B,H,A,D,22,S,03,E,,,,,I,Y,N,D,2,0,0,0,22350.0,1,36.79848664,-121.66503861,3
2016,2016-10-18,554,10,3,5,2,Y,A,Y,A,H,C,D,22,,09,D,,,,,D,Y,M,A,1,0,0,0,21802.0,2,36.82335003,-121.78004997,4
2016,2016-10-20,2224,10,3,22,4,N,B,Y,A,H,C,A,01,N,09,A,,,,,C,Y,F,D,4,0,0,0,21804.0,2,36.8313381,-121.77100445,4
2016,2016-10-21,2002,10,3,20,5,N,A,Y,A,H,D,A,01,N,08,C,,,,Y,C,Y,N,D,2,0,0,0,22107.0,2,36.53015895,-121.4738405,2
2016,2016-10-22,708,10,3,7,6,N,A,N,A,H,B,A,01,S,08,F,,,,,A,Y,N,D,1,0,0,0,22107.0,1,36.58043098,-121.49733675,4
2016,2016-10-23,1727,10,3,17,7,N,A,Y,A,H,A,A,01,N,03,E,,,,,I,Y,N,A,1,0,0,0,22350.0,1,36.77613635,-121.66939807,4
2016,2016-10-26,940,10,3,9,3,N,A,Y,A,D,A,A,01,S,08,F,,,,,J,Y,N,D,1,0,0,0,22107.0,1,36.48658281,-121.42121493,4
2016,2016-10-27,1330,10,3,13,4,N,B,Y,B,H,A,A,01,E,08,E,,,,,I,Y,N,D,2,0,0,0,22107.0,1,36.58576,-121.91861,4
2016,2016-10-28,1720,10,3,17,5,N,A,Y,A,H,A,A,01,S,03,C,,,,,C,Y,N,D,2,0,0,0,22350.0,2,36.67072303,-121.63910431,4
2016,2016-10-24,1910,10,3,19,1,N,A,N,A,D,D,A,01,W,01,A,,,,,C,Y,N,D,2,0,0,0,23152.0,2,36.86636807,-121.74039427,3
2016,2016-10-28,1612,10,3,16,5,N,B,Y,A,H,A,A,01,S,05,A,,,,,C,Y,N,A,1,0,0,0,21460.0,2,36.3528666,-121.90031349,3
2016,2016-10-28,1230,10,3,12,5,N,B,N,A,H,A,A,08,S,03,E,,,,,I,Y,N,D,1,0,0,0,22350.0,1,36.83015,-121.67883,3
2016,2016-10-22,1323,10,3,13,6,N,A,Y,A,H,A,A,07,N,08,E,,,,,I,Y,N,D,1,0,0,0,22107.0,1,36.67220786,-121.64023351,4
2016,2016-10-28,2224,10,3,22,5,N,A,N,A,H,E,I,10,W,03,C,,,,,C,Y,N,D,1,0,0,0,22350.0,2,36.85079096,-121.69002095,4
2016,2016-10-28,700,10,3,7,5,N,B,Y,B,F,B,A,07,N,03,F,,,,,I,Y,N,D,1,0,0,0,22350.0,1,,,4
2016,2016-10-30,750,10,3,7,7,N,B,Y,A,H,A,A,01,S,08,E,,,,,I,Y,N,D,1,0,0,0,22107.0,1,36.59330144,-121.87744277,4
2016,2016-10-28,1515,10,3,15,5,N,B,N,A,H,A,A,07,N,03,C,,,,,C,N,N,D,1,0,0,0,22350.0,2,36.80284867,-121.66684762,4
2016,2016-10-30,925,10,3,9,7,N,B,Y,A,H,A,A,01,E,03,C,,,,,C,Y,N,A,2,0,0,0,22350.0,2,36.77082071,-121.76528013,4
2016,2016-10-24,1220,10,3,12,1,N,A,N,A,H,A,A,07,W,08,C,,,,,E,Y,N,D,1,0,0,0,22107.0,2,36.54068877,-121.91293721,4
2016,2016-10-24,555,10,3,5,1,N,A,N,A,H,D,A,08,N,05,B,,,,,C,Y,N,A,1,0,0,0,21460.0,2,36.60031962,-121.63125625,4
2016,2016-08-11,2237,8,2,22,4,N,A,N,A,H,D,A,01,S,01,C,,Y,,,G,Y,N,D,0,0,0,0,23152.0,2,36.88316807,-121.74688726,1
2016,2016-10-25,1850,10,3,18,2,N,B,N,A,H,D,A,01,N,08,E,,,,,J,Y,N,D,1,0,0,0,22107.0,1,36.78105974,-121.60815879,4
2016,2016-10-11,1315,10,3,13,2,N,A,Y,A,D,A,D,22,S,03,C,,,,,C,Y,N,D,3,0,0,0,22350.0,3,36.46379399,-121.38549906,3
2016,2016-10-04,1640,10,3,16,2,N,A,Y,A,H,A,A,01,E,01,E,,,,,I,Y,N,D,0,0,0,0,23152.0,1,36.43286787,-121.22849727,1
2016,2016-10-24,700,10,3,7,1,N,A,Y,A,H,A,A,01,S,07,F,,,,,I,Y,F,D,1,0,0,0,21658.0,2,36.62199811,-121.57954178,3
2016,2016-11-01,820,11,3,8,2,N,B,Y,B,H,A,A,01,S,08,E,,,,,I,Y,N,D,1,0,0,0,22107.0,1,36.51742587,-121.93557001,4
2016,2016-10-20,2230,10,3,22,4,Y,B,Y,A,H,D,F,27,,09,D,,,,Y,C,N,N,D,3,0,0,0,21804.0,2,36.36581809,-121.28029141,2
2016,2016-10-19,1305,10,3,13,3,N,A,N,A,H,A,A,01,E,03,C,,,,,C,Y,F,D,5,0,0,0,22350.0,3,36.87287237,-121.76259056,3
2016,2016-10-26,1740,10,3,17,3,N,A,Y,A,H,A,A,01,N,03,C,,,,,C,Y,N,D,1,0,0,0,22350.0,3,36.82359892,-121.77945673,3
2016,2016-11-01,838,11,3,8,2,N,A,Y,B,H,A,A,01,S,03,C,,,,,C,N,N,D,1,0,0,0,22350.0,2,36.61664044,-121.84990235,4
2016,2016-10-27,511,10,3,5,4,N,A,Y,A,H,D,A,01,N,08,F,,,,,A,Y,N,D,1,0,0,0,22107.0,1,36.19803382,-121.15170876,4
2016,2016-10-23,2130,10,3,21,7,N,A,Y,A,H,D,A,01,S,01,E,,,,,I,Y,N,D,1,0,0,0,23152.0,1,36.66974747,-121.63781448,3
2016,2016-10-30,205,10,3,2,7,N,F,Y,B,H,D,A,01,E,01,A,,,,,C,Y,N,D,3,0,0,0,23152.0,2,36.76234525,-121.75104643,3
2016,2016-11-04,1430,11,3,14,5,N,A,N,A,H,A,A,01,W,09,D,,,,,C,Y,N,D,1,0,0,0,21804.0,2,36.63828,-121.70768,3
2016,2016-11-01,850,11,3,8,2,Y,A,N,A,H,A,A,01,,09,D,,,,,C,Y,N,A,1,0,0,0,21802.0,2,36.80840007,-121.67190992,4
2016,2016-11-04,850,11,3,8,5,Y,A,N,A,H,A,A,07,,09,D,,,,,C,Y,N,D,2,0,0,0,21801.0,4,36.79533,-121.66741987,3
2016,2016-10-23,740,10,3,7,7,N,A,N,A,H,A,A,01,N,08,E,,,,,I,Y,N,D,1,0,0,0,22107.0,1,36.27559368,-121.1473239,4
2016,2016-10-30,535,10,3,5,7,N,B,Y,B,H,D,A,07,N,01,E,,,,,I,Y,N,D,2,0,0,0,23152.0,1,36.51652373,-121.43972821,3
2016,2016-10-25,2030,10,3,20,2,N,A,N,A,H,C,A,08,S,03,E,,,,,I,Y,N,D,1,0,0,0,22350.0,1,36.53733633,-121.46295603,4
2016,2016-10-25,600,10,3,6,2,N,B,Y,A,H,D,A,01,S,07,C,,,,,C,Y,N,D,1,0,0,0,21658.0,2,36.23294651,-121.17419381,4
2016,2016-10-28,2350,10,3,23,5,N,A,Y,A,H,C,A,01,N,07,B,,,Y,,C,N,N,D,1,0,0,1,21658.0,3,36.61796725,-121.84852846,3
2016,2016-11-02,1820,11,3,18,3,N,A,N,A,H,D,A,01,E,08,B,,Y,,,G,N,N,D,1,0,1,0,22107.0,2,36.67847861,-121.70613892,4
2016,2016-10-31,1250,10,3,12,1,N,A,Y,A,D,A,A,08,S,03,C,,,,,C,Y,N,D,3,0,0,0,22350.0,4,36.58494909,-121.53471307,3
2016,2016-11-03,920,11,3,9,4,N,A,Y,A,D,A,D,22,N,03,C,,,,,A,Y,N,D,2,0,0,0,22350.0,3,36.57164635,-121.52014442,3
2016,2016-11-04,1255,11,3,12,5,N,A,Y,A,D,A,A,01,N,08,F,,,,,I,Y,N,D,1,0,0,0,22107.0,1,36.43600195,-121.34248043,3
2016,2016-11-06,2030,11,3,20,7,N,A,N,A,H,D,A,01,S,03,C,,,,,C,Y,N,D,1,0,0,0,22350.0,2,36.65589,-121.73265,4
2016,2016-11-08,850,11,3,8,2,N,A,Y,A,H,A,A,01,S,03,C,,,,,C,N,N,D,1,0,0,0,22350.0,2,36.57200406,-121.91303455,3
2016,2016-09-11,300,9,3,3,7,N,B,N,A,H,D,A,01,S,01,F,,,,,J,Y,N,D,2,0,0,0,23152.0,1,36.54589989,-121.46971434,1
2016,2016-11-06,1635,11,3,16,7,N,A,Y,A,H,A,D,22,S,05,E,,,Y,,A,Y,N,D,2,0,0,2,21460.0,2,36.2882868,-121.84383529,3
2016,2016-11-01,1635,11,3,16,2,N,A,Y,A,H,A,D,22,N,21,C,,,,,C,N,N,D,1,0,0,0,22106.0,2,,,4
2016,2016-11-03,1220,11,3,12,4,N,A,N,A,H,A,C,02,N,08,F,,,Y,,A,Y,N,D,1,0,0,1,22107.0,1,36.5623819,-121.55937087,4
2016,2016-10-19,550,10,3,5,3,N,B,Y,B,H,C,A,01,N,03,E,,,,,J,Y,N,D,1,0,0,0,22350.0,1,36.8818692,-121.77194479,4
2016,2016-11-03,1719,11,3,17,4,N,A,Y,A,H,A,A,01,S,03,C,,,,,C,Y,N,D,1,0,0,0,22350.0,2,36.75948634,-121.74960979,4
2016,2016-11-08,730,11,3,7,2,Y,A,N,A,H,A,D,22,,09,A,,,,,C,Y,N,D,2,0,0,0,21802.0,2,36.5009201,-121.75655988,4
2016,2016-10-31,755,10,3,7,1,N,B,N,A,H,A,A,08,S,08,E,,,,,I,Y,N,D,1,0,0,0,22107.0,1,35.99034846,-121.17935827,4
2016,2016-11-06,1935,11,3,19,7,N,A,Y,A,D,D,A,01,N,03,C,,,,,C,Y,N,D,1,0,0,0,22350.0,2,36.41246275,-121.32036815,4
2016,2016-11-08,427,11,3,4,2,N,A,Y,A,H,D,A,01,S,03,C,,,,Y,C,Y,N,D,1,0,0,0,22350.0,2,36.58833173,-121.53820951,4
2016,2016-11-12,1700,11,3,17,6,N,B,Y,A,H,A,A,01,N,03,C,,,,,C,N,N,D,2,0,0,0,22350.0,2,36.77893175,-121.66963413,4
2016,2016-11-09,1822,11,3,18,3,N,A,Y,A,H,D,A,01,N,03,C,Y,,,,C,Y,N,D,1,1,0,0,22350.0,4,36.70618542,-121.665486,3
2016,2016-11-12,100,11,3,1,6,N,A,Y,A,H,D,A,01,S,03,F,,,,,A,Y,N,D,3,0,0,0,22350.0,1,36.41737,-121.32271,3
2016,2016-11-13,711,11,3,7,7,N,A,N,A,H,A,A,01,S,03,C,,,,,C,Y,N,D,1,0,0,0,22350.0,2,36.62256269,-121.51860944,4
2016,2016-11-13,224,11,3,2,7,N,A,N,A,H,D,A,01,N,08,E,,,,,E,N,M,D,1,0,0,0,22107.0,3,36.78583504,-121.72931692,3
2016,2016-11-07,1808,11,3,18,1,N,A,Y,A,H,D,A,08,S,01,C,,,,,C,Y,N,D,1,0,0,0,23152.0,2,36.16827644,-121.05727875,4
2016,2016-11-14,1512,11,3,15,1,N,B,N,A,H,A,A,07,N,08,F,,,,,A,Y,N,D,1,0,0,0,22107.0,1,36.68160076,-121.73506,3
2016,2016-11-04,2111,11,3,21,5,N,A,N,A,H,C,A,01,E,03,C,,,,,C,Y,F,D,1,0,0,0,22350.0,2,36.86508954,-121.73330899,4
2016,2016-11-09,554,11,3,5,3,N,E,N,A,H,B,N,60,E,11,G,Y,,,,B,N,F,D,1,1,0,0,21954.0,2,36.89450503,-121.74764116,2
2016,2016-11-09,1440,11,3,14,3,N,A,N,A,H,A,L,04,E,09,D,,Y,,,G,N,N,D,1,0,1,0,21804.0,2,36.82689244,-121.70948973,4
2016,2016-11-12,1253,11,3,12,6,N,A,N,A,H,A,A,01,E,01,F,,,,,I,Y,N,D,1,0,0,0,23152.0,1,36.74400978,-121.73696205,3
2016,2016-11-12,300,11,3,3,6,N,A,N,A,C,D,C,02,S,01,H,,,Y,,H,Y,N,D,1,0,0,1,23152.0,1,36.81886206,-121.6477483,2
2016,2016-11-14,1800,11,3,18,1,N,E,Y,B,H,C,A,07,N,03,C,,,,,C,Y,N,D,5,0,0,0,22350.0,3,36.67077,-121.81273,4
2016,2016-11-11,2031,11,3,20,5,N,A,Y,A,H,D,D,22,N,07,B,,,,,C,Y,N,D,1,0,0,0,21658.0,2,36.63650351,-121.83088074,3
2016,2016-11-12,1145,11,3,11,6,N,A,N,A,H,A,C,02,W,03,A,,,Y,,I,Y,N,D,1,0,0,1,22350.0,1,36.44113401,-121.64072508,4
2016,2016-11-13,1625,11,3,16,7,N,E,Y,A,H,A,A,07,S,03,C,,,,,C,Y,N,D,2,0,0,0,22350.0,2,36.81638922,-121.78584032,4
2016,2016-11-16,2038,11,3,20,3,N,A,Y,A,H,D,A,01,S,03,C,,,,Y,C,Y,N,D,1,0,0,0,22350.0,3,36.81532465,-121.63872726,3
2016,2016-11-12,1340,11,3,13,6,N,A,Y,A,H,A,D,22,S,03,C,,,,,C,Y,N,D,5,0,0,0,22350.0,3,36.79331644,-121.66688069,3
2016,2016-11-15,1625,11,3,16,2,N,B,N,A,H,A,A,01,W,03,C,,,,,C,Y,N,D,1,0,0,0,22350.0,2,36.79987002,-121.66459961,4
2016,2016-11-13,1800,11,3,18,7,N,E,N,A,H,D,A,01,E,05,A,,,,,C,Y,N,D,3,0,0,0,21460.0,2,36.78894342,-121.69814913,4
2016,2016-11-10,840,11,3,8,4,N,A,Y,A,H,A,-,99,S,09,C,,,,,C,Y,F,D,3,0,0,0,21801.0,4,36.61691743,-121.57255646,4
2016,2016-08-06,1800,8,2,18,6,N,B,N,A,H,A,A,07,W,01,E,,,,,I,Y,N,D,1,0,0,0,23152.0,1,36.87397767,-121.74473501,1
2016,2016-11-12,1146,11,3,11,6,N,A,N,A,H,A,C,02,W,03,F,,,Y,,J,Y,N,D,1,0,0,1,22350.0,1,36.44112517,-121.64070442,4
2016,2016-11-15,1745,11,3,17,2,N,A,N,A,H,E,A,01,E,08,E,,,,,I,Y,N,D,1,0,0,0,22107.0,1,36.55805899,-121.44777698,3
2016,2016-11-19,2020,11,3,20,6,N,B,Y,B,H,C,A,01,N,03,C,,,,,C,Y,N,D,3,0,0,0,22350.0,2,36.58335694,-121.88957439,3
2016,2016-11-17,1715,11,3,17,4,N,A,Y,A,H,C,A,01,S,03,C,,,,,C,Y,N,D,2,0,0,0,22350.0,3,36.74226853,-121.73940375,4
2016,2016-11-17,2108,11,3,21,4,N,A,Y,A,H,D,A,01,N,03,C,,,,,C,Y,F,D,1,0,0,0,22350.0,2,36.80465325,-121.78376391,4
2016,2016-11-21,1700,11,3,17,1,N,A,Y,A,H,C,A,01,S,03,C,,,,,C,Y,N,D,1,0,0,0,22350.0,2,36.66642486,-121.62748655,4
2016,2016-11-19,2142,11,3,21,6,N,C,Y,B,H,D,A,01,S,01,E,,,,,I,Y,N,D,1,0,0,0,23152.0,1,36.46430927,-121.38636581,4
2016,2016-11-20,1025,11,3,10,7,N,A,N,A,H,A,A,01,S,08,F,,,,,A,Y,N,D,1,0,0,0,22107.0,1,36.5751406,-121.58608541,4
2016,2016-11-23,540,11,3,5,3,N,B,N,B,H,D,D,22,E,03,C,,,,,C,Y,N,D,2,0,0,0,22350.0,2,36.89893262,-121.68725179,4
2016,2016-11-23,1330,11,3,13,3,Y,A,N,A,H,A,A,07,,09,D,,,,,C,Y,N,A,1,0,0,0,21801.0,2,36.77467009,-121.67185995,4
2016,2016-11-23,520,11,3,5,3,Y,B,Y,A,H,C,A,08,,09,D,,,,,C,Y,N,D,1,0,0,0,21802.0,2,36.52402535,-121.46578818,4
2016,2016-11-20,1351,11,3,13,7,N,B,N,A,H,A,-,99,E,09,D,,,,,C,N,F,D,1,0,0,0,21804.0,2,36.90451566,-121.74985273,4
2016,2016-11-26,1650,11,3,16,6,N,B,Y,B,H,B,D,22,S,09,D,,,,,C,Y,N,D,1,0,0,0,21801.0,2,36.76309392,-121.76556171,4
2016,2016-11-25,1430,11,3,14,5,N,A,Y,A,H,A,A,07,E,03,C,,,,,C,Y,N,D,1,0,0,0,22350.0,2,36.78153364,-121.69788529,4
2016,2016-11-25,1136,11,3,11,5,Y,A,Y,A,H,A,D,22,,09,D,,,,,C,Y,N,A,2,0,0,0,21802.0,3,36.76594759,-121.75835381,4
2016,2016-11-21,339,11,3,3,1,N,B,Y,A,H,D,A,01,N,01,E,,,,,I,Y,N,D,1,0,0,0,23152.0,1,36.71615123,-121.7199666,3
2016,2016-11-26,833,11,3,8,6,N,C,Y,B,H,A,A,01,N,08,F,,,,,A,Y,N,D,1,0,0,0,22107.0,1,36.67515199,-121.80872268,4
2016,2016-11-26,1003,11,3,10,6,N,C,Y,B,H,A,A,07,N,08,E,,,,,I,Y,N,D,1,0,0,0,22107.0,1,36.7172001,-121.72096332,4
2016,2016-11-27,1948,11,3,19,7,Y,A,N,A,H,D,A,07,,08,D,,,,,C,Y,N,D,1,0,0,0,22107.0,2,36.88679001,-121.74710997,4
2016,2016-11-28,1805,11,3,18,1,N,A,Y,A,H,C,A,01,E,03,C,,,,,C,Y,N,D,1,0,0,0,22350.0,2,36.56698,-121.91293,4
2016,2016-11-24,1038,11,3,10,4,N,A,Y,A,H,A,A,01,E,09,D,,,,,C,Y,N,D,1,0,0,0,21801.0,2,36.58519484,-121.9186855,4
2016,2016-11-08,1802,11,3,18,2,Y,A,Y,A,H,D,G,25,,09,D,,,,Y,C,Y,N,D,1,0,0,0,21801.0,2,,,3
2016,2016-11-23,28,11,3,0,3,N,A,Y,A,H,D,A,01,N,01,F,,,,,A,Y,N,D,1,0,0,0,23152.0,1,36.53716439,-121.48194444,4
2016,2016-11-26,820,11,3,8,6,N,B,Y,B,H,A,D,22,S,03,E,,,,,I,N,N,D,1,0,0,0,22350.0,1,36.74006323,-121.65905498,4
2016,2016-11-29,748,11,3,7,2,N,A,Y,A,H,A,A,07,N,03,C,,,,,C,Y,N,D,2,0,0,0,22350.0,2,36.7581592,-121.74775763,3
2016,2016-11-18,1801,11,3,18,5,N,A,Y,A,H,D,-,99,S,05,B,,,,,C,N,F,D,1,0,0,0,21460.0,2,36.51149509,-121.93808348,3
2016,2016-11-29,1755,11,3,17,2,N,A,Y,A,H,C,A,01,S,03,C,,,,,C,Y,N,D,1,0,0,0,22350.0,4,36.66468615,-121.81543491,4
2016,2016-11-29,845,11,3,8,2,N,A,Y,A,H,A,A,01,N,07,B,,,,,C,N,N,D,1,0,0,0,21658.0,2,36.5862701,-121.88336135,4
2016,2016-11-29,1440,11,3,14,2,N,A,N,A,H,A,A,07,E,03,C,,,,,C,Y,N,D,3,0,0,0,22350.0,2,36.73954284,-121.67437401,4
2016,2016-11-30,1720,11,3,17,3,Y,B,Y,A,H,D,A,01,,09,D,,,,,C,Y,N,D,2,0,0,0,21801.0,2,36.61283462,-121.5669566,3
2016,2016-11-30,1420,11,3,14,3,N,A,Y,A,H,A,A,01,S,03,C,,,,,C,Y,N,D,1,0,0,0,22350.0,4,36.71879832,-121.66083814,4
2016,2016-11-30,1835,11,3,18,3,Y,A,N,A,H,D,A,01,,09,A,,,,,C,Y,N,D,1,0,0,0,21801.0,2,36.89860001,-121.74798992,4
2016,2016-12-01,1510,12,4,15,4,N,A,Y,A,D,A,A,01,S,07,B,,,,,C,Y,N,D,2,0,0,0,21658.0,4,36.46162207,-121.38296543,4
2016,2016-12-01,1750,12,4,17,4,N,A,Y,A,H,C,A,01,S,03,C,,,,,C,Y,N,D,1,0,0,0,22350.0,2,36.66145333,-121.81620321,4
2016,2016-12-01,1150,12,4,11,4,N,A,N,A,H,A,A,01,E,03,C,,,,,C,N,F,D,1,0,0,0,22350.0,2,36.85250246,-121.78275812,4
2016,2016-12-02,1408,12,4,14,5,N,A,Y,A,H,A,-,99,N,07,E,,,,,I,Y,F,D,1,0,0,0,21658.0,2,36.5268502,-121.46984084,4
2016,2016-12-04,1750,12,4,17,7,N,A,N,A,H,C,A,07,N,03,C,,,,,C,Y,N,D,1,0,0,0,22350.0,3,36.90102574,-121.74818398,4
2016,2016-12-02,1834,12,4,18,5,Y,A,N,A,H,D,A,07,,09,D,,,,,C,Y,N,A,1,0,0,0,21802.0,2,36.88257011,-121.66188996,4
2016,2016-12-04,1800,12,4,18,7,N,A,Y,A,H,D,A,07,N,08,D,,,,,C,Y,F,D,3,0,0,0,22107.0,2,36.75767516,-121.66547484,3
2016,2016-12-05,725,12,4,7,1,N,E,N,B,H,B,D,22,W,03,C,,,,,C,N,N,D,1,0,0,0,22350.0,2,36.55924595,-121.52815729,4
2016,2016-12-06,806,12,4,8,2,N,A,Y,A,H,A,D,22,S,03,C,,,,,C,Y,N,D,1,0,0,0,22350.0,3,36.58016071,-121.90403731,4
2016,2016-12-06,947,12,4,9,2,Y,A,N,A,H,A,A,07,,09,D,,,,,C,Y,N,D,1,0,0,0,21801.0,2,36.69949009,-121.67569998,4
2016,2016-12-07,1705,12,4,17,3,N,B,Y,B,H,C,A,01,N,03,C,,,,,C,Y,N,D,2,0,0,0,22350.0,3,,,4
2016,2016-12-05,1150,12,4,11,1,N,A,Y,A,D,A,A,01,N,03,C,,,,,C,Y,N,D,2,0,0,0,22350.0,2,,,4
2016,2016-12-08,810,12,4,8,4,N,C,Y,B,H,A,A,01,S,08,F,,,,,A,Y,N,D,1,0,0,0,22107.0,1,36.81766096,-121.63448967,4
2016,2016-12-08,933,12,4,9,4,N,C,Y,B,H,A,D,22,N,08,A,,,,,C,Y,N,D,4,0,0,0,22107.0,2,36.72207355,-121.6599547,4
2016,2016-12-10,1645,12,4,16,6,N,B,N,A,H,B,D,22,S,01,F,,,,,A,Y,N,D,1,0,0,0,23152.0,1,36.29160907,-121.25388401,3
2016,2016-12-08,855,12,4,8,4,N,B,N,B,H,A,A,08,E,08,E,,,,,I,Y,N,D,0,0,0,0,22107.0,1,36.27004417,-121.38546566,1
2016,2016-12-07,19,12,4,0,3,N,B,Y,A,H,C,A,01,E,01,E,,,,,I,Y,N,D,1,0,0,0,23152.0,1,36.58194545,-121.71682555,3