ACCIDENT_YEAR,COLLISION_DATE,COLLISION_TIME,MONTH,SEASON,24HOURS,DAY_OF_WEEK,INTERSECTION,WEATHER_1,STATE_HWY_IND,ROAD_SURFACE,ROAD_COND_1,LIGHTING,STWD_VEHTYPE_AT_FAULT,CHP_VEHTYPE_AT_FAULT,DIRECTION,PCF_VIOL_CATEGORY,TYPE_OF_COLLISION,PEDESTRIAN_ACCIDENT,BICYCLE_ACCIDENT,MOTORCYCLE_ACCIDENT,TRUCK_ACCIDENT,MVIW,TOW_AWAY,HIT_AND_RUN,CONTROL_DEVICE,NUMBER_INJURED,COUNT_PED_INJURED,COUNT_BICYCLIST_INJURED,COUNT_MC_INJURED,PCF_VIOLATION,PARTY_COUNT,POINT_Y,POINT_X,COLLISION_SEVERITY
2017,2017-09-03,420,9,3,4,7,N,A,N,A,H,D,D,22,S,08,E,,,,,I,Y,N,D,1,0,0,0,22107.0,1,36.40401338,-121.25912117,2
2017,2017-09-01,1505,9,3,15,5,N,A,Y,A,H,A,A,08,N,03,C,,,,,C,Y,N,D,4,0,0,0,22350.0,3,36.60006498,-121.86339115,2
2017,2017-09-02,1244,9,3,12,6,N,A,Y,A,H,A,A,01,N,03,C,,,,,C,Y,N,D,1,0,0,0,22350.0,3,36.67193,-121.8119,4
2017,2017-09-03,1015,9,3,10,7,N,A,N,A,H,A,A,01,S,03,C,,Y,,,G,Y,N,D,1,0,1,0,22350.0,2,36.70504,-121.78854,3
2017,2017-09-03,1325,9,3,13,7,Y,B,N,A,H,A,A,07,,09,D,,,,,C,Y,N,A,4,0,0,0,21802.0,2,36.86104004,-121.68705986,3
2017,2017-09-10,240,9,3,2,7,N,A,N,A,H,D,D,22,S,01,F,,,,,A,Y,N,D,1,0,0,0,23152.0,1,35.90895041,-121.08763136,2
2017,2017-09-03,950,9,3,9,7,N,A,N,A,H,A,A,07,E,08,F,,,,,A,Y,N,D,1,0,0,0,22107.0,1,36.7424927,-121.7330297,4
2017,2017-09-04,1304,9,3,13,1,N,A,Y,A,H,A,D,22,S,03,C,,,,,C,Y,N,D,3,0,0,0,22350.0,3,36.75936748,-121.66602708,3
2017,2017-08-28,554,8,2,5,1,N,E,N,A,H,D,A,01,W,05,A,,,,,C,Y,N,D,1,0,0,0,21650.0,2,36.89817967,-121.6848278,1
2017,2017-08-01,1000,8,2,10,2,Y,A,Y,A,H,A,A,01,,09,D,,,,,C,Y,F,D,2,0,0,0,21801.0,2,36.61285758,-121.56735402,1
2017,2017-09-05,1715,9,3,17,2,N,B,Y,A,H,A,A,08,S,03,C,,,,,C,N,N,D,2,0,0,0,22350.0,3,36.75887848,-121.7487624,4
2017,2017-09-05,750,9,3,7,2,N,A,Y,A,H,A,A,01,S,03,C,,,,,C,Y,N,D,1,0,0,0,22350.0,2,36.7188552,-121.66085057,4
2017,2017-09-05,2500,9,3,25,2,N,A,N,A,H,A,-,- ,S,00,F,,Y,,,A,N,N,D,0,0,0,0,,1,36.54564256,-121.73442177,1
2017,2017-09-05,1834,9,3,18,2,N,B,Y,A,H,A,C,02,S,03,C,,,Y,,C,N,N,D,1,0,0,1,22350.0,2,36.59393068,-121.87325878,2
2017,2017-09-05,1315,9,3,13,2,N,A,Y,A,H,A,A,01,N,03,B,,,,,C,Y,N,D,1,0,0,0,22350.0,2,36.7881217,-121.66795536,4
2017,2017-09-05,1525,9,3,15,2,N,A,Y,A,H,A,A,01,S,07,B,,,Y,,C,Y,N,D,2,0,0,2,21658.0,3,36.68426797,-121.64757669,3
2017,2017-09-06,840,9,3,8,3,N,B,N,A,H,A,A,01,W,03,C,,,,,C,Y,N,D,4,0,0,0,22350.0,2,36.67871002,-121.71512283,3
2017,2017-09-06,1755,9,3,17,3,N,A,Y,A,H,A,A,01,N,03,C,,,,,C,N,N,D,1,0,0,0,22350.0,2,36.67157,-121.64056,4
2017,2017-09-06,20,9,3,0,3,N,A,N,A,H,C,A,08,N,08,F,,,,,A,Y,N,A,1,0,0,0,22107.0,1,36.74947507,-121.65728436,2
2017,2017-09-07,1229,9,3,12,4,N,A,Y,A,H,A,A,01,E,03,C,,,,,C,Y,N,D,2,0,0,0,22350.0,2,36.57106535,-121.80611857,4
2017,2017-09-08,1234,9,3,12,5,N,A,Y,A,H,A,A,01,W,08,B,,,,Y,C,N,N,D,1,0,0,0,22107.0,2,36.78881649,-121.67233126,4
2017,2017-09-07,755,9,3,7,4,N,A,Y,A,H,A,F,26,S,03,C,,,,Y,C,N,N,D,1,0,0,0,22350.0,2,36.64338714,-121.82278395,4
2017,2017-07-29,1000,7,2,10,6,N,B,Y,A,H,A,C,02,S,07,B,,,Y,Y,C,Y,F,D,0,0,0,0,21658.0,3,36.84123211,-121.63273932,1
2017,2017-09-03,1313,9,3,13,7,N,A,N,A,H,A,A,01,W,01,B,,,,,C,Y,N,D,5,0,0,0,23152.0,3,36.84253993,-121.68869604,1
2017,2017-09-09,1125,9,3,11,6,N,B,Y,A,H,A,A,01,S,03,C,,,,,C,Y,N,D,1,0,0,0,22350.0,2,,,4
2017,2017-09-10,1920,9,3,19,7,Y,A,N,A,H,D,A,01,,01,D,,,,,C,Y,N,A,1,0,0,0,23152.0,2,36.60462006,-121.51349995,3
2017,2017-08-25,1645,8,2,16,5,N,A,Y,A,H,A,A,07,N,03,C,Y,,,,C,Y,N,D,2,1,0,0,22350.0,5,36.36732628,-121.28204908,3
2017,2017-09-11,1645,9,3,16,1,N,B,N,B,H,A,-,- ,N,05,B,,,,Y,C,N,N,D,1,0,0,0,21460.0,2,36.79113634,-121.61200382,3
2017,2017-09-08,2215,9,3,22,5,N,F,N,B,H,D,A,01,N,01,E,,,,,I,Y,N,D,1,0,0,0,23152.0,1,36.89174077,-121.74738767,1
2017,2017-09-11,45,9,3,0,1,N,A,Y,A,H,C,L,04,S,05,D,,Y,,,G,N,F,A,1,0,1,0,21650.0,2,36.69778484,-121.66460765,4
2017,2017-09-11,610,9,3,6,1,N,B,N,A,H,B,A,07,S,03,C,,,,,C,Y,M,D,1,0,0,0,22350.0,2,36.68221674,-121.67526967,4
2017,2017-09-11,819,9,3,8,1,N,B,Y,B,H,A,A,08,W,03,C,,,,,C,Y,N,D,1,0,0,0,22350.0,2,36.5877972,-121.92022686,4
2017,2017-09-11,855,9,3,8,1,N,A,Y,A,H,A,F,26,S,03,C,,,,Y,C,Y,N,D,1,0,0,0,22350.0,2,36.60876621,-121.56141891,4
2017,2017-09-11,1534,9,3,15,1,Y,A,Y,A,H,A,G,25,,09,D,,,,Y,C,Y,N,D,1,0,0,0,21802.0,2,36.61287026,-121.56700511,4
2017,2017-09-15,1715,9,3,17,5,N,A,Y,A,H,A,A,08,N,03,C,,,,,C,Y,N,D,3,0,0,0,22350.0,2,,,4
2017,2017-09-15,1733,9,3,17,5,N,A,Y,A,H,A,A,01,S,03,C,,,,,C,Y,N,D,2,0,0,0,22350.0,2,36.21458245,-121.16488643,4
2017,2017-09-12,1442,9,3,14,2,N,A,N,A,H,A,A,01,E,03,C,,,,,C,Y,N,D,1,0,0,0,22350.0,2,36.67871152,-121.73263248,4
2017,2017-09-15,1900,9,3,19,5,N,A,Y,A,H,D,A,01,,03,C,,,,,C,N,N,D,1,0,0,0,22350.0,2,36.3962965,-121.31182323,3
2017,2017-09-16,1527,9,3,15,6,N,A,N,A,H,A,D,22,E,01,D,,,,,C,Y,N,D,1,0,0,0,23152.0,2,36.18708558,-121.15021865,4
2017,2017-09-17,845,9,3,8,7,N,A,Y,A,H,A,C,02,N,08,F,,,Y,,A,Y,N,D,1,0,0,1,22107.0,1,,,3
2017,2017-09-13,1042,9,3,10,3,N,B,N,A,H,A,C,02,E,08,E,,,Y,,I,N,N,D,2,0,0,2,22107.0,1,36.44116592,-121.64213118,3
2017,2017-09-08,2150,9,3,21,5,N,A,N,A,H,D,C,02,E,01,E,,,Y,,I,Y,N,D,1,0,0,1,23152.0,1,36.39488319,-121.64156319,2
2017,2017-09-13,715,9,3,7,3,N,B,Y,B,H,A,D,22,N,08,D,,,,,C,Y,N,D,2,0,0,0,22107.0,2,36.72224455,-121.65995321,4
2017,2017-09-13,1705,9,3,17,3,N,A,N,A,H,A,D,22,N,08,F,,,,,A,Y,N,D,1,0,0,0,22107.0,1,35.90622056,-120.99444241,2
2017,2017-09-13,630,9,3,6,3,N,B,N,B,H,A,A,01,N,06,D,,,,,C,Y,N,D,1,0,0,0,21750.0,2,36.69564252,-121.73495242,4
2017,2017-09-14,1945,9,3,19,4,N,A,N,A,H,D,A,07,S,03,E,,,,,J,Y,N,D,1,0,0,0,22350.0,1,36.47710641,-121.40699746,3
2017,2017-09-14,1744,9,3,17,4,N,A,N,A,H,A,A,08,W,03,C,,,,,C,Y,N,D,1,0,0,0,22350.0,2,36.43400874,-121.34086837,4
2017,2017-09-15,2237,9,3,22,5,N,A,N,A,H,D,A,01,E,09,D,,,,,C,Y,N,D,2,0,0,0,21801.0,2,36.47675144,-121.72594137,3
2017,2017-09-14,1410,9,3,14,4,N,A,Y,A,H,A,D,22,E,08,D,,,,Y,I,Y,N,D,1,0,0,0,22107.0,2,36.76904719,-121.74121143,4
2017,2017-09-16,1510,9,3,15,6,N,A,Y,A,H,A,A,01,S,03,C,,,,,C,Y,N,D,2,0,0,0,22350.0,2,36.62291456,-121.84491316,4
2017,2017-09-14,909,9,3,9,4,N,B,Y,A,H,A,A,01,N,03,C,,,,,C,N,N,D,2,0,0,0,22350.0,2,36.62923692,-121.83754103,4
2017,2017-07-15,1438,7,2,14,6,N,B,Y,A,H,A,A,07,W,08,E,,,,,I,Y,N,D,2,0,0,0,22107.0,1,36.5699706,-121.7575205,1
2017,2017-07-19,2130,7,2,21,3,N,A,Y,A,H,D,D,22,N,08,F,,,,,A,Y,N,D,0,0,0,0,22107.0,1,36.28879488,-121.85174871,1
2017,2017-08-05,1050,8,2,10,6,N,A,N,A,H,A,C,02,S,06,A,,,Y,,C,Y,N,D,0,0,0,0,21751.0,2,36.59625816,-121.62085254,1
2017,2017-09-16,1338,9,3,13,6,N,A,Y,A,H,A,C,02,N,03,C,,,Y,,C,Y,N,D,1,0,0,1,22350.0,2,36.85974977,-121.77109349,4
2017,2017-09-17,1730,9,3,17,7,N,A,Y,A,H,A,A,01,S,01,D,,,,,C,Y,N,D,1,0,0,0,23152.0,2,36.76035024,-121.75078239,3
2017,2017-09-13,555,9,3,5,3,N,C,Y,B,H,C,A,01,N,07,C,,,,,C,Y,F,D,2,0,0,0,21658.0,3,36.57116928,-121.51996574,4
2017,2017-09-18,710,9,3,7,1,N,A,N,A,H,A,D,22,E,03,C,,,,,C,N,N,A,1,0,0,0,22350.0,2,36.86515772,-121.73345739,4
2017,2017-09-16,800,9,3,8,6,N,A,N,A,H,A,D,22,E,06,D,,,,,C,Y,N,D,1,0,0,0,21750.0,2,36.69317059,-121.72596384,4
2017,2017-09-18,643,9,3,6,1,N,A,Y,A,H,B,D,22,S,03,C,,,,,C,N,N,D,2,0,0,0,22350.0,2,36.75067658,-121.66309705,4
2017,2017-09-18,1540,9,3,15,1,N,B,Y,A,H,A,D,22,N,08,F,,,,,A,Y,N,D,1,0,0,0,22107.0,1,,,4
2017,2017-09-19,636,9,3,6,2,N,A,N,A,H,A,A,07,W,03,C,,,,,C,Y,N,D,2,0,0,0,22350.0,3,36.86411652,-121.7181076,4
2017,2017-09-14,555,9,3,5,4,N,A,N,A,H,D,A,01,S,08,F,,,,,A,Y,N,D,4,0,0,0,22107.0,1,36.34815934,-121.32042007,3
2017,2017-09-15,1230,9,3,12,5,N,A,Y,A,H,A,A,01,S,08,B,,,,Y,C,N,N,D,1,0,0,0,22107.0,2,36.55500911,-121.91101998,4
2017,2017-09-16,1354,9,3,13,6,N,A,N,A,H,A,A,01,N,08,E,,,,,I,Y,N,A,1,0,0,0,22107.0,2,36.54240326,-121.90480103,3
2017,2017-09-18,655,9,3,6,1,N,B,N,A,H,A,D,22,S,08,D,,,,,C,Y,N,A,1,0,0,0,22107.0,2,36.71984889,-121.78769852,3
2017,2017-07-15,1804,7,2,18,6,N,A,Y,A,H,A,A,01,N,08,A,,,,,C,Y,N,D,5,0,0,0,22107.0,2,36.6132628,-121.56754597,1
2017,2017-09-19,800,9,3,8,2,Y,A,Y,A,H,A,A,01,,09,D,,,,,C,Y,N,A,2,0,0,0,21801.0,3,36.61285955,-121.56699053,4
2017,2017-09-18,640,9,3,6,1,N,A,Y,A,H,A,A,01,N,03,C,,,,,C,Y,N,D,2,0,0,0,22350.0,2,36.7526174,-121.66385646,4
2017,2017-09-19,1527,9,3,15,2,N,A,Y,A,H,A,A,01,W,03,C,,,,,C,Y,N,D,1,0,0,0,22350.0,2,36.56755543,-121.77925556,4
2017,2017-09-20,2200,9,3,22,3,N,A,Y,A,H,D,-,- ,S,18,A,,,,,H,N,N,D,1,0,0,0,,1,36.59039274,-121.88135035,4
2017,2017-09-21,1405,9,3,14,4,N,A,Y,A,H,A,A,01,S,03,C,,,,,C,N,N,D,1,0,0,0,22350.0,2,36.48346153,-121.41681337,4
2017,2017-09-21,1044,9,3,10,4,Y,A,N,A,H,A,A,01,,09,A,,,,,C,Y,N,A,1,0,0,0,21801.0,3,36.52417004,-121.81105992,4
2017,2017-09-20,1737,9,3,17,3,N,A,N,A,H,A,A,01,E,09,D,,,,,C,Y,N,D,3,0,0,0,21804.0,2,36.73955006,-121.67439987,4
2017,2017-09-23,2249,9,3,22,6,N,A,N,A,H,D,C,02,N,01,C,,,Y,,C,Y,N,D,1,0,0,1,23152.0,2,36.89115434,-121.7473359,2
2020,2020-02-16,1728,2,4,17,7,N,A,N,A,H,A,C,06,S,03,C,,,Y,,C,Y,N,D,2,0,0,1,22350.0,2,36.55681991577149,-121.91556549072266,4
2020,2020-02-24,1714,2,4,17,1,N,A,N,A,H,A,A,01,E,03,C,,,,,C,N,N,A,2,0,0,0,22350.0,2,36.59772109985352,-121.89396667480467,4
2017,2017-08-22,1422,8,2,14,2,N,A,Y,A,H,A,A,01,S,09,D,,,,,C,Y,N,D,0,0,0,0,21804.0,2,,,1
2017,2017-08-11,2335,8,2,23,5,N,A,Y,A,H,C,A,01,N,21,D,,,,,C,Y,N,D,4,0,0,0,22106.0,3,36.66555221,-121.81542232,1
2017,2017-09-22,835,9,3,8,5,N,A,Y,A,H,A,A,01,N,03,C,,,,,C,Y,N,D,1,0,0,0,22350.0,3,36.72780455,-121.78753515,4
2017,2017-09-22,1540,9,3,15,5,N,A,Y,A,H,A,A,07,S,03,C,,,,,C,N,N,A,1,0,0,0,22350.0,2,36.5662623,-121.91295589,4
2017,2017-09-22,1510,9,3,15,5,N,A,Y,A,H,A,A,01,N,03,C,,,,,C,Y,N,D,2,0,0,0,22350.0,2,,,4
2017,2017-09-25,1608,9,3,16,1,N,A,Y,A,H,A,A,01,S,08,E,,,,,I,Y,N,D,1,0,0,0,22107.0,1,36.50783386,-121.43499176,4
2017,2017-09-23,1919,9,3,19,6,N,A,N,A,H,D,A,01,S,03,E,,,,,I,Y,N,D,3,0,0,0,22350.0,1,36.71972461,-121.59343018,3
2017,2017-09-24,2145,9,3,21,7,N,A,Y,A,H,D,A,01,N,01,F,,,,,A,Y,N,D,1,0,0,0,23152.0,1,36.5246807,-121.92439188,4
2017,2017-09-25,720,9,3,7,1,N,A,Y,A,H,A,C,02,N,08,F,,,Y,,A,Y,N,D,1,0,0,1,22107.0,1,36.62724416,-121.8389235,4
2017,2017-09-25,644,9,3,6,1,N,A,N,A,H,A,A,07,N,06,B,,,,,C,Y,N,D,1,0,0,0,21750.0,2,36.69607108,-121.73494765,4
2017,2017-09-25,1625,9,3,16,1,N,A,N,A,H,A,A,01,S,03,C,,,,,C,Y,N,D,1,0,0,0,22350.0,2,36.67153422,-121.68106188,4
2017,2017-09-25,1720,9,3,17,1,N,A,N,A,H,A,A,07,S,09,A,,,,,C,Y,N,D,1,0,0,0,21801.0,2,36.7672188,-121.75824232,4
2017,2017-09-25,830,9,3,8,1,N,A,Y,A,H,A,A,07,N,03,C,,,,,C,N,N,D,1,0,0,0,22350.0,2,36.53968349,-121.91002644,4
2017,2017-09-25,1745,9,3,17,1,N,A,Y,A,H,A,A,01,S,03,C,,,,,C,Y,N,D,1,0,0,0,22350.0,3,36.77250778,-121.66930469,4
2017,2017-09-26,1025,9,3,10,2,N,A,N,A,H,A,A,07,N,08,E,,,,,I,Y,N,D,1,0,0,0,22107.0,1,36.60524074,-121.51397824,3
2017,2017-09-27,1710,9,3,17,3,N,A,Y,A,H,A,D,22,W,08,A,,,,,C,Y,N,D,2,0,0,0,22107.0,2,36.16602826,-120.87328039,3
2017,2017-09-28,1334,9,3,13,4,N,A,Y,A,H,A,D,22,S,03,D,,,,,C,Y,N,D,1,0,0,0,22350.0,2,36.41105242,-121.31966347,3
2017,2017-09-26,247,9,3,2,2,N,A,N,A,H,D,A,01,S,05,D,,,,Y,C,Y,N,D,2,0,0,0,21460.0,2,36.67142475,-121.59985951,3
2017,2017-08-27,2245,8,2,22,7,N,B,N,A,H,D,C,02,S,03,E,,,Y,,I,Y,N,D,0,0,0,0,22350.0,1,36.58166838,-121.86261566,1
2017,2017-09-26,633,9,3,6,2,N,A,Y,A,H,A,A,01,S,03,C,,,,,C,Y,N,D,2,0,0,0,22350.0,3,36.82518957,-121.77650527,4
2017,2017-09-25,1730,9,3,17,1,Y,A,Y,A,H,A,-,99,,09,D,,,,,C,Y,F,D,1,0,0,0,21801.0,3,36.6128503,-121.56697794,3
2017,2017-09-27,759,9,3,7,3,N,A,N,A,H,A,A,07,E,08,E,,,,,I,Y,N,D,2,0,0,0,22107.0,1,36.52599032,-121.81579973,3
2020,2020-02-26,1641,2,4,16,3,N,A,N,A,H,A,A,01,W,03,C,,,,,C,N,N,A,1,0,0,0,22350.0,2,36.68583679199219,-121.79610443115234,4
2017,2017-09-27,1735,9,3,17,3,N,A,Y,A,H,A,A,07,N,03,C,,,,,C,N,N,D,1,0,0,0,22350.0,3,36.75975557,-121.66613727,4
2020,2020-02-25,1621,2,4,16,2,N,A,N,A,H,A,-,- ,W,18,H,,,,,I,Y,N,D,2,0,0,0,,1,36.6761474609375,-121.80115509033205,4
2020,2020-02-25,844,2,4,8,2,N,A,N,A,H,A,A,01,S,08,E,,,,,I,Y,N,A,1,0,0,0,22107.0,1,36.6794548034668,-121.78567504882812,4
2017,2017-09-29,705,9,3,7,5,Y,E,N,A,H,A,A,01,,03,E,,,,,I,Y,N,A,1,0,0,0,22350.0,1,36.63090003,-121.54270987,4
2017,2017-09-27,1614,9,3,16,3,N,A,N,A,H,A,A,01,S,01,E,,,,,I,N,N,D,1,0,0,0,23152.0,1,36.88439812,-121.72646927,3
2019,2019-12-25,1732,12,4,17,3,N,C,N,B,H,C,A,01,E,10,G,Y,,,,B,N,N,A,1,1,0,0,21950.0,2,36.55508041381836,-121.92182159423828,3
2017,2017-09-30,630,9,3,6,6,Y,A,N,A,H,C,A,01,,09,D,,,,,C,Y,N,A,3,0,0,0,21802.0,2,36.88679001,-121.74710997,4
2017,2017-09-29,1530,9,3,15,5,Y,A,N,A,H,A,A,01,,09,D,,,,,C,Y,N,A,2,0,0,0,21802.0,2,36.89641007,-121.67607999,3
2017,2017-09-29,1938,9,3,19,5,N,A,N,A,H,C,A,08,E,01,C,Y,,,,E,Y,N,D,1,1,0,0,23152.0,4,36.73181259,-121.63171674,3
2017,2017-09-30,2225,9,3,22,6,N,A,Y,A,H,C,A,01,N,08,E,,,,,I,Y,N,D,2,0,0,0,22107.0,1,36.20412179,-121.13988161,4
2017,2017-09-29,810,9,3,8,5,N,A,N,A,H,A,A,01,E,03,C,,,,,C,N,N,A,1,0,0,0,22350.0,2,36.66688907,-121.7566012,4
2017,2017-09-29,1530,9,3,15,5,N,A,N,A,H,A,A,01,E,01,E,,,,,I,Y,N,D,1,0,0,0,23152.0,1,36.49384395,-121.74621282,3
2017,2017-09-29,635,9,3,6,5,N,B,Y,A,H,A,A,01,W,09,D,,,,,C,Y,N,D,2,0,0,0,21804.0,2,36.58675421,-121.71197188,3
2017,2017-09-30,1920,9,3,19,6,N,A,N,A,H,B,A,01,N,05,B,,,,,C,Y,N,D,3,0,0,0,21460.0,3,36.85489211,-121.69274806,3
2017,2017-09-30,1515,9,3,15,6,N,A,Y,A,H,A,A,07,N,07,C,,,,,C,Y,N,D,1,0,0,0,21658.0,2,36.62275077,-121.58090914,4
2017,2017-10-01,1325,10,3,13,7,N,A,Y,A,H,A,A,01,N,03,C,,,,,C,Y,N,D,3,0,0,0,22350.0,3,36.80190067,-121.65895743,4
2017,2017-10-06,1304,10,3,13,5,N,A,N,A,H,A,G,27,W,21,C,,,,Y,C,N,N,D,1,0,0,0,22106.0,2,36.87856025,-121.74894945,3
2017,2017-09-29,1955,9,3,19,5,N,A,Y,A,H,D,A,01,N,13,C,,,,,C,Y,N,D,1,0,0,0,22515.0,2,,,4
2017,2017-09-30,2032,9,3,20,6,N,A,N,A,H,D,A,01,S,08,E,,,,,I,Y,N,D,1,0,0,0,22107.0,1,36.69687399,-121.57282402,4
2017,2017-09-30,350,9,3,3,6,N,A,Y,A,H,C,A,01,S,08,E,,,,,J,Y,N,D,1,0,0,0,22107.0,1,36.69741409,-121.66420051,3
2017,2017-10-01,200,10,3,2,7,N,A,N,A,G,D,D,22,S,08,F,,,,,I,N,N,D,1,0,0,0,22107.0,1,36.38313759,-121.59383287,2
2017,2017-10-02,643,10,3,6,1,N,A,Y,A,H,A,A,01,W,03,C,,,,,C,Y,N,A,1,0,0,0,22350.0,3,36.76818864,-121.74345164,4
2017,2017-10-02,547,10,3,5,1,N,A,Y,A,H,D,A,01,N,08,E,,,,,I,Y,N,D,1,0,0,0,22107.0,1,36.59403733,-121.87352478,4
2017,2017-10-02,645,10,3,6,1,N,E,N,A,H,A,E,22,S,09,D,,,,,C,Y,N,D,2,0,0,0,21801.0,2,36.72012331,-121.78768218,4
2017,2017-10-03,1705,10,3,17,2,N,A,Y,A,H,A,A,01,S,05,B,,,,,C,Y,N,D,1,0,0,0,21460.0,2,36.52853944,-121.91965477,4
2020,2020-03-02,1432,3,1,14,1,Y,A,N,A,B,A,L,04,,22,H,,Y,,,-,N,N,D,1,0,1,0,,1,36.65697860717773,-121.81433868408205,4
2017,2017-10-04,910,10,3,9,3,N,A,Y,A,H,A,A,07,N,08,B,,,,,C,Y,N,D,1,0,0,0,22107.0,2,36.58403535,-121.88709159,4
2017,2017-10-04,620,10,3,6,3,N,A,N,A,H,D,A,01,W,03,C,,,,,C,Y,N,D,1,0,0,0,22350.0,2,36.67006747,-121.69105548,4
2017,2017-10-04,2030,10,3,20,3,N,A,N,A,H,D,D,22,E,08,D,,,,,C,Y,N,D,1,0,0,0,22107.0,2,36.61888459,-121.63674572,3
2017,2017-08-27,2340,8,2,23,7,N,B,N,A,H,D,A,01,N,01,E,,,,,I,Y,N,D,0,0,0,0,23152.0,1,36.74952511,-121.65726591,1
2017,2017-10-02,1150,10,3,11,1,N,A,Y,A,D,A,A,01,N,03,C,,,,Y,C,Y,N,D,1,0,0,0,22350.0,4,36.6679693,-121.63177871,3
2017,2017-10-01,1005,10,3,10,7,N,A,Y,A,H,A,A,07,W,03,B,,,,,C,Y,N,D,1,0,0,0,22350.0,2,36.77521338,-121.71980385,4
2017,2017-10-09,1200,10,3,12,1,Y,A,N,A,H,A,A,07,,09,D,,,,,C,N,N,D,1,0,0,0,21802.0,2,36.7338601,-121.63993988,4
2017,2017-10-09,1245,10,3,12,1,N,A,N,A,H,A,L,04,S,03,H,,Y,,,G,N,N,D,1,0,1,0,22350.0,2,36.82909468,-121.67801499,2
2017,2017-10-04,2245,10,3,22,3,N,A,Y,A,H,C,M,46,S,03,C,,,,,C,Y,N,D,1,0,0,0,22350.0,3,36.44784762,-121.36168909,4
2017,2017-10-09,2015,10,3,20,1,N,A,Y,A,H,D,A,07,S,08,E,,,,,I,Y,N,D,1,0,0,0,22107.0,1,,,3
2017,2017-10-04,2000,10,3,20,3,N,A,Y,A,H,C,A,01,N,01,D,,,,,C,Y,N,D,1,0,0,0,23152.0,2,36.79103,-121.78362303,3
2017,2017-10-08,1350,10,3,13,7,N,A,Y,A,H,A,C,02,S,08,F,,,Y,,A,Y,N,D,1,0,0,1,22107.0,1,,,2
2020,2020-03-01,1458,3,1,14,7,Y,C,N,B,H,A,D,22,,12,D,,,,,C,Y,N,A,1,0,0,0,21453.0,2,36.68561935424805,-121.5967025756836,4
2020,2020-03-13,1703,3,1,17,5,N,B,N,A,H,A,A,01,E,04,C,,,,Y,C,Y,N,A,3,0,0,0,21703.0,3,36.715381622314446,-121.62129974365234,4
2017,2017-10-04,1510,10,3,15,3,N,A,Y,A,H,A,A,07,S,08,F,,,,,I,Y,N,D,1,0,0,0,22107.0,1,36.71574803,-121.7948377,4
2020,2020-03-24,826,3,1,8,2,N,B,N,B,H,A,D,22,N,09,D,,,,,C,Y,N,D,1,0,0,0,21804.0,2,36.697052001953125,-121.62922668457033,4
2017,2017-10-05,1700,10,3,17,4,N,A,Y,A,H,A,A,01,N,07,C,,,,,C,N,N,D,1,0,0,0,21658.0,4,,,4
2017,2017-10-06,1325,10,3,13,5,N,A,N,A,H,A,A,01,W,01,E,,,,,I,Y,F,A,2,0,0,0,23152.0,1,36.82335,-121.78005,2
2017,2017-10-03,855,10,3,8,2,Y,A,N,A,H,A,A,01,,03,D,,,,Y,C,Y,N,A,1,0,0,0,22350.0,2,36.88257011,-121.66188996,4
2017,2017-10-07,330,10,3,3,6,N,A,N,A,H,D,A,01,S,08,E,,,,,I,Y,N,D,3,0,0,0,22107.0,1,36.27919077,-121.32775018,3
2017,2017-10-06,1740,10,3,17,5,N,A,Y,A,H,A,A,01,N,03,C,,,,,C,Y,N,D,2,0,0,0,22350.0,2,36.75968695,-121.66611807,3
2017,2017-10-07,1825,10,3,18,6,N,A,N,A,H,A,A,01,W,03,C,,,,,C,Y,N,D,2,0,0,0,22350.0,2,36.86573076,-121.73538406,4
2017,2017-10-08,1150,10,3,11,7,N,A,Y,A,H,A,A,07,S,17,B,,,,,C,Y,N,D,1,0,0,0,21658.0,2,36.52175863,-121.44917017,4
2017,2017-10-06,1854,10,3,18,5,N,A,N,A,H,B,A,01,E,03,E,,,,,I,Y,N,D,1,0,0,0,22350.0,1,36.7716249,-121.71238136,3
2017,2017-10-15,1030,10,3,10,7,N,A,N,A,H,A,D,22,N,01,E,,,,,I,Y,N,D,1,0,0,0,23152.0,1,36.38037969,-121.24199522,3
2017,2017-10-14,1528,10,3,15,6,N,A,Y,A,H,A,A,01,S,01,E,,,,,I,Y,N,D,1,0,0,0,23152.0,1,36.29619406,-121.31400298,2
2017,2017-10-04,1218,10,3,12,3,Y,A,N,A,H,A,A,01,,09,D,,,,,C,Y,N,A,2,0,0,0,21802.0,2,36.52371004,-121.81003989,3
2017,2017-10-06,2359,10,3,23,5,N,A,N,A,H,D,-,99,E,03,C,,,,,C,N,N,D,1,0,0,0,22350.0,2,36.65511673,-121.72992567,4
2017,2017-10-08,1815,10,3,18,7,N,A,Y,A,H,A,A,01,S,01,E,,,,,I,Y,N,D,1,0,0,0,23152.0,1,36.57355616,-121.91273453,4
2017,2017-10-14,640,10,3,6,6,Y,A,Y,A,H,B,A,01,,03,D,,,,Y,C,Y,N,D,1,0,0,0,22350.0,2,36.38085116,-121.29750967,4
2017,2017-10-08,2305,10,3,23,7,N,A,N,A,H,D,A,01,E,08,E,,,,,A,Y,N,D,1,0,0,0,22107.0,1,36.77585719,-121.68540705,3
2017,2017-10-09,2130,10,3,21,1,N,A,Y,A,H,D,A,01,S,08,C,,,,,C,Y,N,D,4,0,0,0,22107.0,2,36.55369121,-121.50229577,3
2017,2017-10-10,757,10,3,7,2,N,A,N,A,H,A,A,01,S,05,B,,,,,C,Y,N,D,1,0,0,0,21650.0,2,36.74453915,-121.62879185,4
2017,2017-10-11,1610,10,3,16,3,Y,A,Y,A,H,A,A,01,,09,D,,,,,C,Y,N,A,1,0,0,0,21802.0,2,36.76936684,-121.76294932,4