ACCIDENT_YEAR,COLLISION_DATE,COLLISION_TIME,MONTH,SEASON,24HOURS,DAY_OF_WEEK,INTERSECTION,WEATHER_1,STATE_HWY_IND,ROAD_SURFACE,ROAD_COND_1,LIGHTING,STWD_VEHTYPE_AT_FAULT,CHP_VEHTYPE_AT_FAULT,DIRECTION,PCF_VIOL_CATEGORY,TYPE_OF_COLLISION,PEDESTRIAN_ACCIDENT,BICYCLE_ACCIDENT,MOTORCYCLE_ACCIDENT,TRUCK_ACCIDENT,MVIW,TOW_AWAY,HIT_AND_RUN,CONTROL_DEVICE,NUMBER_INJURED,COUNT_PED_INJURED,COUNT_BICYCLIST_INJURED,COUNT_MC_INJURED,PCF_VIOLATION,PARTY_COUNT,POINT_Y,POINT_X,COLLISION_SEVERITY
2018,2018-02-23,1502,2,4,15,5,N,A,N,A,H,A,A,08,E,08,G,Y,,,,B,Y,N,D,2,1,0,0,22107.0,3,36.859954833984375,-121.65288543701172,4
2018,2018-02-26,955,2,4,9,1,N,C,N,B,H,A,A,01,N,08,E,,,,,I,Y,N,D,1,0,0,0,22107.0,1,36.64643096923828,-121.72042083740234,4
2018,2018-02-28,1429,2,4,14,3,N,B,Y,A,H,A,L,04,N,08,C,,Y,,,G,N,N,D,1,0,1,0,22107.0,2,36.78073501586913,-121.77815246582033,3
2018,2018-02-28,745,2,4,7,3,N,A,Y,A,H,A,A,01,S,03,C,,,,,C,N,M,D,2,0,0,0,22350.0,2,36.64338684082031,-121.82278442382812,4
2018,2018-03-01,715,3,1,7,4,Y,C,Y,B,H,A,A,07,,03,C,,,,,C,Y,N,D,3,0,0,0,22350.0,2,36.59521484375,-121.54501342773438,4
2018,2018-03-02,755,3,1,7,5,N,B,Y,B,H,A,A,01,N,03,C,,,,,C,N,M,D,1,0,0,0,22350.0,2,36.673458099365234,-121.64069366455078,4
2018,2018-03-03,1130,3,1,11,6,N,B,Y,B,H,A,A,07,N,03,C,,,,,C,Y,N,D,2,0,0,0,22350.0,3,36.53123092651367,-121.47513580322266,3
2018,2018-02-23,1110,2,4,11,5,N,A,Y,A,D,A,F,26,N,03,C,,,,Y,C,Y,N,D,1,0,0,0,22350.0,2,36.331844329833984,-121.24664306640624,3
2018,2018-03-04,10,3,1,0,7,N,A,N,A,H,D,A,01,E,08,E,,,,,I,Y,N,D,1,0,0,0,22107.0,1,36.825042724609375,-121.72215270996094,2
2018,2018-03-05,1004,3,1,10,1,Y,A,N,A,D,A,A,01,,12,D,,,,,C,Y,N,A,2,0,0,0,21457.0,2,36.54193878,-121.90471649,3
2018,2018-03-01,755,3,1,7,4,N,C,Y,B,H,A,A,07,S,03,C,,,,,C,N,N,D,2,0,0,0,22350.0,2,36.55905151367188,-121.50762176513672,4
2018,2018-03-07,1635,3,1,16,3,N,A,N,A,H,A,A,01,N,03,C,,,,,C,Y,N,D,2,0,0,0,22350.0,2,36.840667724609375,-121.73760986328124,4
2018,2018-03-02,625,3,1,6,5,N,B,Y,B,H,B,D,22,N,03,C,,,,,C,Y,N,A,1,0,0,0,22350.0,2,36.556095123291016,-121.9111785888672,4
2018,2018-03-01,1444,3,1,14,4,N,C,N,B,H,A,A,01,W,01,E,,,,,I,Y,N,D,1,0,0,0,23152.0,1,36.77143478393555,-121.71456146240234,4
2018,2018-03-03,1856,3,1,18,6,N,C,N,B,H,D,D,22,W,03,E,,,,,A,Y,N,D,1,0,0,0,22350.0,1,36.360111236572266,-121.59001159667967,4
2018,2018-03-03,810,3,1,8,6,N,A,N,B,H,A,A,01,N,03,F,,,,,A,Y,N,D,1,0,0,0,22350.0,1,36.524810791015625,-121.79659271240234,4
2018,2018-02-09,1830,2,4,18,5,N,A,N,A,H,D,A,01,E,05,A,,,,,C,Y,N,D,2,0,0,0,21650.0,2,36.90407180786133,-121.7199478149414,1
2018,2018-01-16,1720,1,4,17,2,N,A,N,A,H,B,D,22,E,08,F,,,,,A,Y,N,D,0,0,0,0,22107.0,1,36.256053924560554,-121.08738708496094,1
2018,2018-03-03,328,3,1,3,6,N,B,Y,B,H,D,A,01,N,01,E,,,,,I,Y,N,D,1,0,0,0,23152.0,1,36.7899169921875,-121.66741180419922,4
2018,2018-03-01,620,3,1,6,4,N,B,Y,B,H,A,A,01,S,03,C,,,,,C,Y,N,D,2,0,0,0,22350.0,2,36.76812362670898,-121.66870880126952,3
2018,2018-03-03,1015,3,1,10,6,N,C,N,B,H,A,A,01,S,03,C,,,,,C,N,N,D,2,0,0,0,22350.0,2,,,4
2018,2018-03-03,1100,3,1,11,6,N,C,Y,B,H,A,A,01,N,08,B,,,,,I,N,N,D,1,0,0,0,22107.0,1,36.52627944946289,-121.4687728881836,3
2018,2018-03-08,300,3,1,3,4,N,A,Y,A,H,D,D,22,S,08,E,,,,,A,Y,N,D,1,0,0,0,22107.0,1,36.02054214477539,-121.54312133789062,3
2018,2018-03-09,1840,3,1,18,5,N,A,Y,A,H,C,A,01,S,08,E,,,,,I,Y,N,D,1,0,0,0,22107.0,1,36.6721305847168,-121.64057159423828,4
2018,2018-03-08,1651,3,1,16,4,N,B,Y,A,H,A,A,01,S,08,A,,,,,C,Y,N,D,7,0,0,0,22107.0,2,36.69538116455078,-121.80543518066406,2
2018,2018-03-07,1140,3,1,11,3,N,A,Y,A,D,A,D,22,E,03,C,,,,,C,Y,M,A,2,0,0,0,22350.0,5,36.7812385559082,-121.69890594482422,3
2018,2018-03-09,645,3,1,6,5,N,E,N,B,H,B,A,01,N,08,A,,,,,C,Y,N,D,2,0,0,0,22107.0,2,36.60831832885742,-121.51634979248048,2
2018,2018-03-08,1225,3,1,12,4,N,A,N,A,H,A,C,02,W,06,D,,,Y,,C,Y,N,D,1,0,0,1,21750.0,2,36.75148391723633,-121.60785675048828,4
2018,2018-03-11,1745,3,1,17,7,N,A,Y,A,H,A,A,01,E,03,E,,,,,I,Y,N,D,1,0,0,0,22350.0,1,36.41421127319336,-121.26432037353516,4
2018,2018-03-09,2250,3,1,22,5,N,A,N,A,H,D,A,01,W,03,E,,,,,I,Y,N,D,2,0,0,0,22350.0,1,35.93635177612305,-121.0642318725586,3
2018,2018-03-12,1340,3,1,13,1,N,A,N,A,H,A,A,01,S,03,C,,,,,C,N,N,A,1,0,0,0,22350.0,2,36.90052032470703,-121.74814605712892,4
2018,2018-03-12,755,3,1,7,1,N,A,Y,A,H,A,A,01,N,08,F,,,,,A,Y,N,D,1,0,0,0,22107.0,1,36.631881713867195,-121.59337615966795,3
2018,2018-03-10,1800,3,1,18,6,N,B,Y,B,H,B,A,01,S,06,G,Y,,,,B,N,F,D,1,1,0,0,21750.0,2,36.481712341308594,-121.93716430664062,3
2018,2018-03-11,2140,3,1,21,7,N,A,N,A,H,D,D,22,W,01,E,,,,,I,Y,N,D,1,0,0,0,23152.0,1,36.5514030456543,-121.73439025878906,3
2018,2018-03-12,845,3,1,8,1,N,A,N,A,H,A,G,25,S,07,C,,,,Y,C,Y,N,D,1,0,0,0,21658.0,2,36.88241958618164,-121.6618881225586,4
2018,2018-03-12,1723,3,1,17,1,N,C,Y,B,H,A,A,01,S,03,C,,,,,C,Y,N,D,1,0,0,0,22350.0,2,36.57833099365234,-121.9070053100586,3
2018,2018-03-12,747,3,1,7,1,N,B,Y,A,H,A,A,01,S,03,C,,,,,C,Y,N,D,1,0,0,0,22350.0,2,36.59461212158203,-121.87010192871094,4
2018,2018-03-13,1602,3,1,16,2,N,C,N,B,H,A,A,01,N,03,C,,,,,C,N,N,D,1,0,0,0,22350.0,2,36.904644012451165,-121.7505340576172,4
2018,2018-03-13,1130,3,1,11,2,N,B,Y,B,H,A,A,07,N,03,F,,,,,A,Y,N,D,1,0,0,0,22350.0,1,36.81863021850586,-121.63242340087892,3
2018,2018-03-16,430,3,1,4,5,N,C,Y,B,H,D,A,01,N,03,B,,,,,I,Y,N,D,1,0,0,0,22350.0,1,36.819873809814446,-121.63082885742188,4
2018,2018-03-14,1451,3,1,14,3,N,B,N,A,H,A,A,01,E,05,B,,,,,C,Y,N,D,1,0,0,0,21650.0,2,36.57579040527344,-121.89516448974608,4
2018,2018-03-14,1900,3,1,19,3,N,A,N,A,H,B,-,- ,E,18,C,,,,,E,N,N,D,1,0,0,0,,3,36.86302947998047,-121.73381805419922,4
2018,2018-03-14,1601,3,1,16,3,N,B,Y,B,H,A,-,- ,S,18,E,,,,,I,Y,N,D,1,0,0,0,,1,,,3
2018,2018-03-15,635,3,1,6,4,Y,A,N,A,H,D,A,01,,10,G,Y,,,,B,N,N,D,1,1,0,0,21950.0,2,36.757659912109375,-121.74564361572266,3
2018,2018-03-15,1305,3,1,13,4,N,A,N,A,H,A,A,08,N,01,F,,,,,A,Y,N,D,1,0,0,0,23152.0,1,36.62783050537109,-121.58972930908205,3
2018,2018-03-15,1527,3,1,15,4,N,B,Y,B,H,A,A,01,N,07,B,,,,,C,N,N,D,1,0,0,0,21658.0,2,36.59295272827149,-121.87851715087892,4
2018,2018-03-17,1830,3,1,18,6,N,B,N,A,H,A,A,01,N,03,C,,,,,C,N,N,A,1,0,0,0,22350.0,2,36.80315017700195,-121.66705322265624,4
2018,2018-03-16,1600,3,1,16,5,N,B,N,B,H,A,A,01,E,03,C,,,,,C,N,N,D,1,0,0,0,22350.0,2,36.86830520629882,-121.74349212646484,4
2018,2018-03-21,220,3,1,2,3,N,B,Y,B,H,D,A,01,N,08,E,,,,,I,Y,N,D,1,0,0,0,22107.0,1,,,4
2018,2018-03-16,1847,3,1,18,5,N,A,N,A,H,A,D,22,S,01,A,,,,,C,Y,N,D,1,0,0,0,23152.0,2,36.32176208496094,-121.1823501586914,4
2018,2018-03-17,2150,3,1,21,6,N,A,N,A,H,D,D,22,N,03,E,,,,,I,Y,M,D,1,0,0,0,22350.0,1,36.27449035644531,-121.22396850585938,3
2018,2018-03-13,1225,3,1,12,2,N,C,N,B,H,A,D,22,S,05,A,,,,,C,Y,F,A,1,0,0,0,21460.0,2,36.85855865478516,-121.69491577148438,3
2018,2018-03-16,1627,3,1,16,5,N,B,Y,B,H,A,A,01,S,03,C,,,,,C,Y,N,D,3,0,0,0,22350.0,2,36.64519119262695,-121.81763458251952,4
2018,2018-03-16,1534,3,1,15,5,N,B,Y,B,H,A,A,01,N,08,F,,,,,A,Y,N,D,1,0,0,0,22107.0,1,36.65010833740234,-121.81497192382812,4
2018,2018-03-18,700,3,1,7,7,N,B,Y,A,H,A,A,01,S,07,B,,,,,C,Y,N,D,1,0,0,0,21658.0,2,36.6632194519043,-121.81620025634766,4
2018,2018-03-19,2245,3,1,22,1,N,B,N,A,E,D,D,22,E,01,F,,,,,A,Y,N,D,1,0,0,0,23152.0,1,36.87651824951172,-121.77088928222656,3
2018,2018-03-19,1721,3,1,17,1,N,A,Y,A,H,A,A,07,W,03,C,,,,,C,Y,N,D,2,0,0,0,22350.0,4,36.5771484375,-121.73113250732422,3
2018,2018-03-20,1500,3,1,15,2,N,C,Y,B,H,A,D,22,E,08,E,,,,,I,Y,N,D,1,0,0,0,22107.0,1,36.595897674560554,-121.92131805419922,4
2018,2018-03-20,352,3,1,3,2,N,A,Y,A,H,D,A,01,S,08,B,,,,,C,Y,N,D,1,0,0,0,22107.0,2,36.455787658691406,-121.37314605712892,4
2018,2018-03-21,2120,3,1,21,3,N,C,Y,B,H,D,A,07,W,08,E,,,,,I,Y,N,D,2,0,0,0,22107.0,1,36.59527206420898,-121.92086791992188,3
2018,2018-03-22,1603,3,1,16,4,N,B,Y,A,H,A,D,22,S,03,C,,,,,C,N,N,A,1,0,0,0,22350.0,2,36.6968002319336,-121.80506896972656,4
2018,2018-03-21,802,3,1,8,3,N,C,Y,B,H,A,D,22,E,03,E,,,,,I,Y,N,D,1,0,0,0,22350.0,1,,,3
2018,2018-03-24,1435,3,1,14,6,N,A,Y,A,H,A,A,01,S,03,C,,,,,C,Y,N,D,2,0,0,0,22350.0,2,36.693862915039055,-121.6621322631836,4
2018,2018-03-24,1400,3,1,14,6,N,B,Y,A,H,A,A,01,N,08,F,,,,,A,Y,N,D,1,0,0,0,22107.0,1,36.70314407348633,-121.66627502441406,4
2020,2020-03-09,1053,3,1,10,1,N,A,N,A,H,A,M,47,N,09,D,,,,,C,Y,N,A,2,0,0,0,21801.0,2,36.678958892822266,-121.64494323730467,3
2020,2020-03-16,1509,3,1,15,1,Y,A,Y,A,H,A,L,04,,05,B,,Y,,,G,N,N,A,1,0,1,0,21650.0,2,36.67107391357422,-121.65481567382812,4
2018,2018-03-24,345,3,1,3,6,N,A,N,A,H,D,A,07,E,01,E,,,,,I,Y,N,D,1,0,0,0,23152.0,1,36.79523086547852,-121.71502685546876,2
2018,2018-03-23,530,3,1,5,5,N,B,Y,A,H,C,A,01,S,03,F,,,,,I,Y,N,D,1,0,0,0,22350.0,1,36.68680953979492,-121.65249633789062,3
2018,2018-03-27,1212,3,1,12,2,N,A,N,A,H,A,A,01,E,03,C,,,,,C,Y,N,A,2,0,0,0,22350.0,2,36.56558609008789,-121.91472625732422,4
2018,2018-03-25,1711,3,1,17,7,N,A,Y,A,H,A,-,- ,N,18,C,,,,,C,Y,N,D,1,0,0,0,,2,36.792240142822266,-121.78369903564452,4
2018,2018-03-27,2230,3,1,22,2,N,A,N,A,H,D,A,01,N,01,A,,,,,I,Y,M,D,1,0,0,0,23152.0,1,36.530906677246094,-121.8017120361328,3
2018,2018-03-28,1050,3,1,10,3,N,A,N,A,H,A,A,07,W,03,C,,,,,C,Y,N,A,2,0,0,0,22350.0,2,36.80277633666992,-121.6667938232422,3
2018,2018-03-24,1650,3,1,16,6,N,A,Y,A,H,A,A,08,W,05,B,,,,,C,Y,N,D,2,0,0,0,21460.0,2,,,3
2018,2018-03-29,1350,3,1,13,4,N,A,Y,A,H,A,A,01,E,03,F,,,,,A,Y,N,D,2,0,0,0,22350.0,1,36.19390106201172,-120.76779174804688,3
2018,2018-03-27,1350,3,1,13,2,N,A,Y,A,H,A,A,01,N,08,E,,,,,I,Y,N,D,1,0,0,0,22107.0,1,36.81866836547852,-121.6323471069336,4
2018,2018-03-28,2208,3,1,22,3,N,A,Y,A,H,D,D,22,W,05,B,,,,,C,Y,N,D,1,0,0,0,21460.0,2,36.771438598632805,-121.71118927001952,4
2018,2018-03-24,1650,3,1,16,6,N,B,Y,A,H,A,G,25,S,08,E,,,,Y,I,Y,N,D,1,0,0,0,22107.0,1,36.20252990722656,-121.12437438964844,4
2018,2018-03-28,1600,3,1,16,3,N,A,Y,A,H,A,A,01,E,03,C,,,,,C,Y,N,A,3,0,0,0,22350.0,3,36.56770324707031,-121.77779388427734,4
2018,2018-03-24,1920,3,1,19,6,N,A,N,A,H,B,A,01,N,08,F,,,,,A,Y,N,D,1,0,0,0,22107.0,1,36.013389587402344,-120.92020416259766,2
2018,2018-03-29,1133,3,1,11,4,N,A,N,A,H,A,L,04,W,05,B,,Y,Y,,G,N,N,D,2,0,1,1,21460.0,2,36.524169921875,-121.7939682006836,2
2018,2018-03-29,1602,3,1,16,4,N,A,N,A,H,A,L,04,N,09,D,,Y,,,G,N,N,D,1,0,1,0,21804.0,2,36.55834197998047,-121.47193908691406,3
2018,2018-03-29,1633,3,1,16,4,N,A,Y,A,H,A,A,01,S,08,E,,,,,A,Y,N,A,1,0,0,0,22107.0,1,36.363651275634766,-121.89979553222656,2
2018,2018-03-29,1930,3,1,19,4,N,A,Y,A,H,D,A,01,S,08,E,,,,,I,Y,N,A,1,0,0,0,22107.0,1,36.22775268554688,-121.76429748535156,4
2018,2018-03-28,2022,3,1,20,3,N,A,Y,A,H,D,A,01,N,01,A,,,,,C,Y,N,D,5,0,0,0,23152.0,2,36.72812271118164,-121.73133087158205,2
2018,2018-04-03,2119,4,1,21,2,Y,A,N,A,H,C,A,01,,09,D,,,,Y,C,Y,N,A,1,0,0,0,21802.0,2,36.6786994934082,-121.73502349853516,2
2018,2018-04-01,710,4,1,7,7,N,A,Y,A,H,A,A,01,W,03,B,,,,,C,Y,N,D,2,0,0,0,22350.0,2,36.601524353027344,-121.6970443725586,4
2018,2018-03-31,1459,3,1,14,6,N,A,Y,A,H,A,D,22,W,03,C,,,,,C,N,N,D,2,0,0,0,22350.0,3,36.78865814208984,-121.67526245117188,4
2018,2018-03-30,1545,3,1,15,5,N,A,Y,A,H,A,F,26,S,08,E,,,,Y,I,Y,N,A,1,0,0,0,22107.0,1,36.279876708984375,-121.83025360107422,2
2018,2018-03-30,2030,3,1,20,5,Y,A,N,A,H,C,A,07,,17,A,,,,,C,Y,N,A,3,0,0,0,21451.0,2,36.80266952514648,-121.66671752929688,2
2020,2020-04-14,1231,4,1,12,2,N,A,N,A,-,A,C,06,W,08,C,,,Y,,E,Y,N,-,1,0,0,1,22107.0,2,36.61922073364258,-121.83496856689452,4
2020,2020-04-26,1143,4,1,11,7,N,A,N,A,H,A,A,01,E,09,D,,,,,C,Y,N,A,1,0,0,0,21804.0,2,,,4
2018,2018-03-30,2115,3,1,21,5,N,A,Y,A,H,D,A,01,N,01,A,,,,,C,Y,N,D,7,0,0,0,23152.0,4,36.44255828857422,-121.35406494140624,3
2018,2018-04-01,2105,4,1,21,7,N,A,Y,A,H,D,D,22,S,01,F,,,,,A,Y,N,D,1,0,0,0,23152.0,1,36.10966110229492,-121.6259765625,3
2020,2020-04-21,320,4,1,3,2,N,A,N,A,H,C,A,01,W,08,E,,,,,I,Y,F,D,1,0,0,0,22107.0,1,36.61957550048828,-121.91445922851562,2
2018,2018-03-31,1713,3,1,17,6,Y,A,N,A,H,A,A,01,,03,F,,,,,A,Y,N,D,1,0,0,0,22350.0,1,36.82518005371094,-121.67581176757812,4
2018,2018-03-31,1027,3,1,10,6,Y,A,Y,A,H,A,D,22,,03,C,,,,,C,Y,N,A,2,0,0,0,22350.0,3,36.5784912109375,-121.72724151611328,4
2018,2018-03-31,1506,3,1,15,6,N,B,Y,A,H,A,A,01,S,09,D,,,Y,,C,Y,N,D,1,0,0,1,21801.0,2,36.51292037963867,-121.93795013427734,2
2018,2018-04-01,1300,4,1,13,7,N,A,Y,A,H,A,C,02,N,03,F,,,Y,,A,Y,N,D,1,0,0,1,22350.0,1,36.75461196899414,-121.7652587890625,3
2018,2018-03-31,255,3,1,2,6,N,A,N,A,H,D,A,01,S,01,E,,,,,I,Y,N,A,1,0,0,0,23152.0,1,36.500919342041016,-121.75656127929688,3
2018,2018-04-02,530,4,1,5,1,N,B,N,A,H,D,A,07,N,06,B,,,,,C,Y,N,D,1,0,0,0,21750.0,2,36.612010955810554,-121.51919555664062,4
2018,2018-04-03,1450,4,1,14,2,N,A,Y,A,H,A,D,22,S,03,C,,,,,C,Y,N,D,1,0,0,0,22350.0,2,36.78897476196289,-121.66777801513672,4
2018,2018-04-04,1700,4,1,17,3,N,A,N,A,H,A,A,01,N,08,F,,,,,A,Y,N,D,1,0,0,0,22107.0,1,36.559757232666016,-121.55320739746094,2
2018,2018-04-03,1230,4,1,12,2,N,A,N,A,H,A,A,01,S,09,C,,,,,C,Y,N,A,1,0,0,0,21802.0,2,36.62987518310546,-121.53987884521484,4
2018,2018-04-03,1322,4,1,13,2,N,A,Y,A,H,A,D,22,N,08,B,,,,,C,Y,N,A,1,0,0,0,22107.0,3,36.722034454345696,-121.66001129150392,4
2018,2018-03-29,1418,3,1,14,4,N,A,Y,A,H,A,A,07,S,08,F,,,,,A,Y,N,D,1,0,0,0,22107.0,1,36.68228149414063,-121.64398956298828,2
2018,2018-04-04,1454,4,1,14,3,N,B,N,A,H,A,A,01,W,03,E,,,,,I,Y,N,D,1,0,0,0,22350.0,1,36.64530944824219,-121.5768585205078,3
2018,2018-04-04,1400,4,1,14,3,N,A,N,A,H,A,A,01,E,03,E,,,,,I,Y,N,D,1,0,0,0,22350.0,1,,,2
2018,2018-04-05,1500,4,1,15,4,N,B,N,A,H,A,A,07,E,08,F,,,,,A,Y,N,D,1,0,0,0,22107.0,1,35.98651123046875,-121.02330780029295,3
2018,2018-04-08,2235,4,1,22,7,N,B,N,A,H,D,A,01,E,08,E,,,,,I,Y,N,D,1,0,0,0,22107.0,1,36.02482604980469,-121.17408752441406,4
2018,2018-04-03,1806,4,1,18,2,N,A,Y,A,H,A,-,- ,N,18,E,,,,,I,Y,N,D,1,0,0,0,,1,36.42024612426758,-121.32461547851562,3
2018,2018-04-05,1543,4,1,15,4,N,A,Y,A,H,A,A,07,E,03,C,,,,,C,Y,N,D,1,0,0,0,22350.0,3,36.58078002929688,-121.71895599365234,4
2018,2018-04-05,1035,4,1,10,4,N,A,N,A,H,A,A,08,S,03,C,,,,,C,Y,N,D,1,0,0,0,22350.0,3,36.85556411743164,-121.69459533691406,4
2018,2018-04-06,1530,4,1,15,5,N,C,Y,B,H,A,D,22,N,03,C,,,,,C,N,N,D,1,0,0,0,22350.0,3,36.69850158691406,-121.66468811035156,4
2018,2018-04-08,810,4,1,8,7,N,A,N,A,H,A,D,22,S,01,E,,,,,I,Y,M,D,1,0,0,0,23152.0,1,36.31287384033203,-121.169921875,2
2018,2018-04-05,1100,4,1,11,4,N,A,Y,A,H,A,C,02,N,08,F,,,Y,,A,N,N,D,1,0,0,1,22107.0,1,36.669876098632805,-121.8126220703125,3
2018,2018-04-06,730,4,1,7,5,N,B,Y,B,H,A,A,07,S,03,D,,,,,C,Y,N,D,1,0,0,0,22350.0,2,36.697620391845696,-121.66429901123048,4
2018,2018-04-06,1745,4,1,17,5,N,C,N,B,H,A,A,01,N,03,C,,,,,C,N,N,D,2,0,0,0,22350.0,3,36.901641845703125,-121.74822235107422,4
2018,2018-04-07,1950,4,1,19,6,N,A,Y,A,H,B,A,01,S,03,C,,,,,C,Y,N,D,1,0,0,0,22350.0,2,36.72038269042969,-121.6604461669922,4
2018,2018-04-07,655,4,1,6,6,N,C,Y,B,H,A,A,01,N,08,F,,,,,I,Y,N,D,2,0,0,0,22107.0,1,36.14245223999024,-121.03731536865234,3
2018,2018-04-03,1420,4,1,14,2,N,A,Y,A,H,A,-,- ,N,18,E,,,,,I,Y,N,D,3,0,0,0,,1,36.758182525634766,-121.665771484375,2
2018,2018-04-04,1805,4,1,18,3,N,B,Y,A,H,A,D,22,W,08,D,,,,,C,Y,N,D,5,0,0,0,22107.0,2,36.78752517700195,-121.68170166015624,3
2018,2018-04-06,1720,4,1,17,5,N,C,N,B,H,A,G,26,E,03,E,,,,Y,I,Y,N,D,1,0,0,0,22350.0,1,36.796357,-121.616119,4
2019,2019-11-01,2235,11,3,22,5,Y,A,N,A,H,C,A,07,,01,E,,,,,I,Y,N,A,1,0,0,0,23152.0,1,,,3
2019,2019-11-18,1107,11,3,11,1,N,A,N,A,H,A,A,01,S,10,G,,Y,,,G,N,N,D,1,0,1,0,21950.0,2,36.317241668701165,-121.24190521240234,4
2018,2018-04-08,1450,4,1,14,7,N,A,Y,A,H,A,A,01,N,03,C,,,,,C,N,N,D,4,0,0,0,22350.0,3,36.67878723144531,-121.64165496826172,4
2018,2018-04-09,1120,4,1,11,1,N,A,Y,A,H,A,A,07,N,07,B,,,,,C,Y,N,D,2,0,0,0,21658.0,3,36.20450973510742,-121.1377410888672,4
2018,2018-04-09,1810,4,1,18,1,Y,A,N,A,H,A,D,22,,09,D,,,,,C,Y,N,A,1,0,0,0,21802.0,2,36.77671051025391,-121.66311645507812,4
2018,2018-04-10,855,4,1,8,2,N,A,Y,A,H,A,D,22,N,03,C,,,,,C,N,N,D,1,0,0,0,22350.0,2,36.53296661376953,-121.4772491455078,4
2018,2018-04-14,1520,4,1,15,6,N,A,Y,A,H,A,A,08,E,08,F,,,,,A,Y,N,D,2,0,0,0,22107.0,1,36.19952392578125,-120.79792022705078,3
2018,2018-04-16,1510,4,1,15,1,N,F,Y,C,H,A,A,01,N,03,F,,,,,A,Y,N,D,1,0,0,0,22350.0,1,,,4
2018,2018-04-12,1640,4,1,16,4,N,B,Y,A,H,A,-,- ,N,18,E,,,,,I,Y,N,D,1,0,0,0,,1,36.86109161376953,-121.77108764648438,4
2018,2018-04-16,1657,4,1,16,1,N,B,Y,A,H,A,D,22,N,03,D,,,,,C,Y,N,D,1,0,0,0,22350.0,2,36.68505859375,-121.648681640625,4
2018,2018-04-13,815,4,1,8,5,N,A,N,A,H,A,A,07,W,03,C,,,,,C,Y,N,D,3,0,0,0,22350.0,5,36.864116668701165,-121.71749114990234,4
2018,2018-04-14,2159,4,1,21,6,N,A,Y,A,H,C,D,22,S,01,E,,,,,I,Y,N,D,1,0,0,0,23152.0,1,36.66858673095703,-121.63391876220705,2
2018,2018-04-14,1233,4,1,12,6,N,A,Y,A,H,A,A,01,N,03,C,,,,,C,Y,N,D,1,0,0,0,22350.0,3,36.79438018798828,-121.66666412353516,4
2018,2018-04-14,1340,4,1,13,6,N,A,Y,A,H,A,A,01,N,03,C,,,,,C,Y,N,D,1,0,0,0,22350.0,2,36.61830139160156,-121.84852600097656,3
2018,2018-04-12,842,4,1,8,4,N,A,Y,A,H,A,A,01,S,09,D,,,,,C,Y,N,A,1,0,0,0,21804.0,2,36.27601623535156,-121.18556213378906,3
2018,2018-04-15,1440,4,1,14,7,N,A,Y,A,H,A,C,02,N,03,F,,,Y,,A,Y,N,D,1,0,0,1,22350.0,1,36.84212112426758,-121.77108001708984,3
2018,2018-04-14,2130,4,1,21,6,N,A,N,A,H,C,A,01,N,03,C,,,,,C,Y,N,D,2,0,0,0,22350.0,2,36.902996063232415,-121.74892425537108,4
2018,2018-04-14,2055,4,1,20,6,N,A,Y,A,H,D,A,01,N,01,A,,,,,C,Y,N,D,4,0,0,0,23152.0,3,36.32402038574219,-121.23828125,2
2018,2018-04-14,2015,4,1,20,6,N,A,Y,A,H,B,A,01,S,09,B,,,,,C,Y,N,D,2,0,0,0,21801.0,2,36.47145080566406,-121.93463897705078,4
2018,2018-04-15,1510,4,1,15,7,N,A,N,A,H,A,A,01,S,08,C,,,,,E,Y,N,D,1,0,0,0,22107.0,2,36.580684661865234,-121.59434509277344,3
2018,2018-04-15,2304,4,1,23,7,N,B,N,B,H,D,A,01,N,03,E,,,,,I,N,N,D,1,0,0,0,22350.0,1,36.567989349365234,-121.51879119873048,3
2018,2018-04-16,25,4,1,0,1,N,B,N,B,H,C,A,01,W,01,F,,,,,A,Y,N,D,1,0,0,0,23152.0,1,36.77524566650391,-121.67293548583984,3
2018,2018-04-16,1650,4,1,16,1,N,A,N,A,H,A,A,01,E,09,D,,,,,C,Y,N,D,2,0,0,0,21804.0,2,36.866124,-121.739321,4
2018,2018-04-16,625,4,1,6,1,N,B,N,B,H,A,A,01,N,03,E,,,,,I,Y,N,D,1,0,0,0,22350.0,3,36.5766830444336,-121.49430084228516,4
2018,2018-04-16,1930,4,1,19,1,N,C,Y,B,H,D,G,25,N,08,F,,,,Y,A,Y,N,D,1,0,0,0,22107.0,1,36.473899841308594,-121.4022216796875,4