ACCIDENT_YEAR,COLLISION_DATE,COLLISION_TIME,MONTH,SEASON,24HOURS,DAY_OF_WEEK,INTERSECTION,WEATHER_1,STATE_HWY_IND,ROAD_SURFACE,ROAD_COND_1,LIGHTING,STWD_VEHTYPE_AT_FAULT,CHP_VEHTYPE_AT_FAULT,DIRECTION,PCF_VIOL_CATEGORY,TYPE_OF_COLLISION,PEDESTRIAN_ACCIDENT,BICYCLE_ACCIDENT,MOTORCYCLE_ACCIDENT,TRUCK_ACCIDENT,MVIW,TOW_AWAY,HIT_AND_RUN,CONTROL_DEVICE,NUMBER_INJURED,COUNT_PED_INJURED,COUNT_BICYCLIST_INJURED,COUNT_MC_INJURED,PCF_VIOLATION,PARTY_COUNT,POINT_Y,POINT_X,COLLISION_SEVERITY
2018,2018-08-25,2118,8,2,21,6,Y,A,Y,A,H,D,G,25,,03,D,,,,Y,C,N,N,D,2,0,0,0,22350.0,2,36.83667755126953,-121.6305923461914,4
2018,2018-08-25,840,8,2,8,6,N,B,Y,A,H,A,D,22,N,08,E,,,,,I,Y,N,D,1,0,0,0,22107.0,1,36.68785095214844,-121.65443420410156,4
2018,2018-08-25,1146,8,2,11,6,N,A,Y,A,H,A,A,01,N,03,C,,,,,C,Y,N,D,2,0,0,0,22350.0,2,36.63562774658203,-121.83163452148438,3
2018,2018-08-24,1755,8,2,17,5,N,A,N,A,H,A,A,07,E,07,D,,,,,C,Y,N,D,2,0,0,0,21658.0,2,36.87801742553711,-121.75252532958984,3
2018,2018-08-26,1650,8,2,16,7,Y,A,N,A,H,A,A,01,,09,D,,,,,C,Y,N,D,1,0,0,0,21802.0,2,36.66930064,-121.81242363,4
2018,2018-08-25,1127,8,2,11,6,N,B,Y,A,H,A,C,02,S,03,D,,,Y,,C,Y,N,D,1,0,0,1,22350.0,3,36.64508056640625,-121.81850433349608,4
2018,2018-08-25,1435,8,2,14,6,N,A,Y,A,H,A,A,01,N,03,C,,,,,C,Y,N,D,2,0,0,0,22350.0,2,36.78880310058594,-121.66766357421876,3
2018,2018-08-27,755,8,2,7,1,N,B,Y,A,H,A,A,07,N,03,C,,,,,C,N,N,D,1,0,0,0,22350.0,2,36.64767837524414,-121.81553649902344,4
2018,2018-08-27,640,8,2,6,1,N,B,N,A,H,B,D,22,E,08,C,,,,,E,Y,N,D,1,0,0,0,22107.0,2,36.87236022949219,-121.7444076538086,4
2018,2018-08-28,1805,8,2,18,2,Y,A,Y,A,H,A,-,28,,12,D,,,,,C,Y,N,A,2,0,0,0,21453.0,2,36.7685432434082,-121.74292755126952,4
2018,2018-08-31,2025,8,2,20,5,N,A,Y,A,H,A,A,07,N,03,C,,,,,C,N,N,D,1,0,0,0,22350.0,2,,,4
2018,2018-08-27,1629,8,2,16,1,N,A,N,A,C,A,A,01,E,08,A,,,,,C,Y,N,D,2,0,0,0,22107.0,2,36.75650787353516,-121.61080169677734,4
2018,2018-08-27,1712,8,2,17,1,Y,A,Y,A,H,A,G,25,,09,D,,,,Y,C,Y,N,D,3,0,0,0,21801.0,2,36.61281204223633,-121.56692504882812,3
2018,2018-08-27,1610,8,2,16,1,N,A,Y,A,H,A,A,07,S,03,C,,,,,C,Y,N,A,3,0,0,0,22350.0,4,36.56616973876953,-121.91294097900392,4
2020,2020-02-26,1138,2,4,11,3,Y,A,N,A,H,A,A,01,,17,A,,,,,C,Y,N,A,3,0,0,0,21451.0,2,36.609878540039055,-121.85198211669922,3
2020,2020-02-24,1915,2,4,19,1,N,A,N,A,H,C,A,01,N,01,D,,,,,C,Y,N,D,5,0,0,0,23152.0,2,,,3
2020,2020-02-09,958,2,4,9,7,Y,A,N,A,-,A,N,60,,00,C,Y,,,,B,N,N,D,1,1,0,0,21956.0,2,36.613984,-121.843993,4
2020,2020-02-07,1815,2,4,18,5,Y,A,N,A,H,C,A,01,,10,D,Y,,,,B,N,N,A,1,1,0,0,21950.0,2,36.60380172729492,-121.84825134277344,4
2020,2020-02-14,1323,2,4,13,5,N,A,N,A,H,A,A,07,W,03,C,,,,,-,Y,N,-,2,0,0,0,22350.0,3,36.60772705078125,-121.85610961914062,4
2018,2018-08-28,1620,8,2,16,2,N,A,Y,A,H,A,A,01,S,03,C,,,,,C,Y,N,D,1,0,0,0,22350.0,2,36.57916641235352,-121.90564727783205,3
2018,2018-08-29,2205,8,2,22,3,N,A,Y,A,H,C,A,01,S,03,E,,,,,I,Y,N,D,1,0,0,0,22350.0,1,36.66934585571289,-121.8132781982422,3
2018,2018-08-29,518,8,2,5,3,N,A,N,A,H,D,A,01,W,08,E,,,,,I,Y,N,D,1,0,0,0,22107.0,1,36.828948974609375,-121.65096282958984,4
2018,2018-08-29,1803,8,2,18,3,N,B,Y,A,H,A,A,01,N,03,C,,,,,C,Y,N,D,1,0,0,0,22350.0,3,36.85955810546875,-121.77109527587892,4
2018,2018-09-01,1515,9,3,15,6,N,A,Y,A,H,A,A,01,N,08,E,,,,,I,Y,N,D,1,0,0,0,22107.0,1,36.20450973510742,-121.1377410888672,4
2018,2018-08-29,2149,8,2,21,3,N,A,N,A,H,D,A,01,E,08,E,,,,,I,Y,N,D,1,0,0,0,22107.0,1,36.7480583190918,-121.72290802001952,3
2018,2018-08-29,757,8,2,7,3,N,A,N,A,H,A,A,01,E,05,A,,,,,C,Y,N,D,5,0,0,0,21460.0,2,36.774459838867195,-121.7025909423828,2
2018,2018-08-30,1615,8,2,16,4,N,A,Y,A,H,A,D,22,S,03,C,,,,,C,N,N,D,1,0,0,0,22350.0,2,36.587799072265625,-121.88218688964844,4
2018,2018-08-31,1025,8,2,10,5,N,A,N,A,H,A,A,01,W,03,C,,,,,C,N,M,D,1,0,0,0,22350.0,4,36.66970443725586,-121.64591979980467,4
2018,2018-08-31,1558,8,2,15,5,N,A,Y,A,H,A,C,02,S,07,B,,,Y,,C,Y,N,D,1,0,0,1,21658.0,2,36.798954010009766,-121.66472625732422,3
2018,2018-08-31,1519,8,2,15,5,N,A,Y,A,H,A,A,01,N,07,B,,,,Y,C,Y,N,D,1,0,0,0,21658.0,3,36.674701690673835,-121.8091049194336,4
2018,2018-09-01,1425,9,3,14,6,N,A,N,A,H,A,C,02,W,03,F,,,Y,,A,N,N,D,1,0,0,1,22350.0,1,36.864116668701165,-121.71773529052734,3
2018,2018-09-03,1155,9,3,11,1,N,A,N,A,H,A,D,22,S,09,D,,,,Y,C,Y,N,D,1,0,0,0,21804.0,2,36.48114013671875,-121.4148178100586,4
2018,2018-09-03,1616,9,3,16,1,N,B,Y,A,H,A,A,01,E,03,C,,,,,C,Y,N,D,2,0,0,0,22350.0,2,36.77749252319336,-121.71192932128906,4
2018,2018-09-03,1205,9,3,12,1,N,B,Y,A,H,A,A,01,S,09,D,,,,,C,Y,N,D,1,0,0,0,21801.0,2,36.77573394775391,-121.77204895019533,4
2018,2018-09-05,755,9,3,7,3,N,B,Y,A,H,A,-,- ,N,18,E,,,,Y,J,Y,N,D,1,0,0,0,,2,36.63113021850586,-121.59234619140624,4
2018,2018-09-03,1520,9,3,15,1,N,A,Y,A,H,A,A,01,S,07,B,,,,,A,N,M,D,1,0,0,0,21658.0,2,36.498870849609375,-121.43004608154295,4
2018,2018-09-02,1414,9,3,14,7,N,B,Y,A,H,A,A,01,E,03,C,,,,,C,Y,N,D,3,0,0,0,22350.0,3,36.77756881713867,-121.71165466308594,4
2018,2018-09-04,624,9,3,6,2,Y,B,Y,A,H,A,A,01,,09,D,,,,,C,N,N,A,2,0,0,0,21802.0,2,36.758975982666016,-121.74889373779295,3
2018,2018-09-06,625,9,3,6,4,N,B,N,A,H,B,A,08,E,05,B,,,,,C,Y,N,D,2,0,0,0,21650.0,2,36.44905853271485,-121.36280059814452,4
2018,2018-09-05,1845,9,3,18,3,N,A,Y,A,H,A,D,22,N,03,C,,,,,C,Y,N,D,1,0,0,0,22350.0,2,36.61830139160156,-121.84852600097656,4
2018,2018-09-06,515,9,3,5,4,N,A,Y,A,H,D,A,01,S,08,B,,,,Y,C,Y,F,D,2,0,0,0,22107.0,3,36.62234115600586,-121.58035278320312,4
2018,2018-09-04,1620,9,3,16,2,N,A,N,A,H,A,A,07,W,03,C,,,,,C,N,N,A,1,0,0,0,22350.0,2,36.66696166992188,-121.68548583984376,4
2018,2018-09-11,630,9,3,6,2,N,A,Y,A,H,A,A,01,S,03,C,,,,,C,N,N,D,2,0,0,0,22350.0,2,36.380653381347656,-121.29727172851562,3
2018,2018-08-29,2130,8,2,21,3,N,A,N,A,H,D,A,01,S,03,E,,,,,I,Y,F,D,1,0,0,0,22350.0,1,36.77483367919922,-121.66329193115234,3
2018,2018-09-09,2025,9,3,20,7,N,A,Y,A,H,D,A,07,S,01,D,,,Y,,C,Y,N,D,3,0,0,2,23152.0,2,36.81378555297852,-121.7856674194336,4
2018,2018-09-07,145,9,3,1,5,N,A,N,A,H,D,A,01,S,01,F,,,,,I,Y,N,D,1,0,0,0,23152.0,1,36.54958724975586,-121.47257995605467,2
2018,2018-09-09,1000,9,3,10,7,N,B,Y,A,H,A,A,01,N,17,E,,,,,I,Y,F,D,1,0,0,0,22109.0,2,36.73283004760742,-121.78163909912108,3
2018,2018-09-09,1850,9,3,18,7,N,A,N,A,H,A,A,01,N,03,B,,,,,C,Y,N,A,1,0,0,0,22350.0,2,36.8467025756836,-121.69004821777344,4
2018,2018-09-09,104,9,3,1,7,N,B,N,A,H,D,A,01,S,08,E,,,,,I,Y,N,D,1,0,0,0,22107.0,1,36.762725830078125,-121.6015853881836,4
2018,2018-09-10,1609,9,3,16,1,N,A,Y,A,H,A,D,22,N,09,C,,,,,C,N,N,D,1,0,0,0,21804.0,2,36.846656799316406,-121.6352310180664,4
2018,2018-09-10,2110,9,3,21,1,N,A,Y,A,H,D,A,01,N,03,C,,,,,C,Y,N,D,1,0,0,0,22350.0,2,36.591407775878906,-121.5413818359375,3
2018,2018-09-10,1700,9,3,17,1,Y,A,N,A,H,A,D,22,,09,D,,,,,C,Y,N,A,2,0,0,0,21802.0,2,36.64538192749024,-121.57676696777344,4
2018,2018-09-11,830,9,3,8,2,N,B,Y,A,H,A,A,01,S,03,C,,,,,C,N,N,D,1,0,0,0,22350.0,2,36.646087646484375,-121.81686401367188,4
2018,2018-09-16,1000,9,3,10,7,N,A,Y,A,H,A,A,01,N,03,C,,,,,C,Y,N,D,2,0,0,0,22350.0,3,36.53460693359375,-121.47888946533205,4
2018,2018-09-12,1310,9,3,13,3,N,A,Y,A,H,A,A,01,N,03,C,,,,,C,N,F,D,1,0,0,0,22350.0,2,36.63755035400391,-121.82997894287108,4
2018,2018-09-11,820,9,3,8,2,N,B,N,A,H,A,A,01,E,03,C,,,,,C,Y,N,D,1,0,0,0,22350.0,3,36.6848030090332,-121.67442321777344,3
2018,2018-09-12,1722,9,3,17,3,Y,A,N,A,H,A,A,08,,17,A,,,,,C,N,N,A,1,0,0,0,21451.0,2,36.90452194213867,-121.75039672851562,4
2018,2018-09-12,1505,9,3,15,3,N,A,N,A,H,A,L,04,E,09,D,,Y,,,G,N,N,D,1,0,1,0,21804.0,2,36.75971221923828,-121.74992370605467,4
2018,2018-06-10,232,6,2,2,7,N,A,Y,A,H,D,A,07,S,01,B,,,,,C,Y,N,D,3,0,0,0,23152.0,2,36.64568710327149,-121.61192321777344,1
2018,2018-09-10,1750,9,3,17,1,N,A,Y,A,H,A,-,- ,S,18,E,,,,,I,Y,N,D,1,0,0,0,,1,36.44622421264648,-121.35962677001952,4
2018,2018-09-10,1803,9,3,18,1,Y,A,N,A,H,A,A,01,,09,D,,,,,C,Y,N,A,1,0,0,0,21802.0,2,36.87800979614258,-121.7525634765625,4
2018,2018-09-11,1750,9,3,17,2,N,A,N,A,H,A,A,01,E,09,D,,,,,C,Y,N,D,1,0,0,0,21804.0,2,36.74298477172852,-121.6866455078125,4
2018,2018-09-13,1250,9,3,12,4,N,A,Y,A,H,A,A,01,N,03,C,,,,,C,Y,N,D,2,0,0,0,22350.0,2,36.6732177734375,-121.6406478881836,4
2018,2018-09-13,620,9,3,6,4,N,A,N,A,H,A,A,01,S,03,C,,,,,C,Y,N,D,1,0,0,0,22350.0,2,36.89745330810546,-121.74789428710938,4
2018,2018-09-13,355,9,3,3,4,N,A,N,A,H,D,A,01,N,03,F,,,,,I,Y,N,D,1,0,0,0,22350.0,1,36.09632110595703,-121.01931762695312,3
2018,2018-09-15,613,9,3,6,6,N,A,N,A,H,B,A,08,W,09,D,,,,,C,Y,N,D,2,0,0,0,21804.0,2,36.40283966064453,-121.31834411621094,3
2018,2018-09-17,640,9,3,6,1,N,A,Y,A,H,B,A,01,N,08,E,,,,,I,Y,N,A,1,0,0,0,22107.0,1,,,4
2018,2018-09-18,2338,9,3,23,2,N,A,Y,A,H,D,G,25,N,03,C,,,,Y,C,Y,N,D,1,0,0,0,22350.0,2,35.90838623046875,-120.84680938720705,4
2018,2018-09-12,2150,9,3,21,3,N,A,N,A,H,D,A,07,S,08,E,,,,,C,Y,N,D,1,0,0,0,22107.0,1,36.69166946411133,-121.56901550292967,3
2018,2018-09-15,1801,9,3,18,6,N,A,Y,A,H,A,A,08,S,08,F,,,,,I,Y,N,D,1,0,0,0,22107.0,1,36.64833068847656,-121.61526489257812,3
2018,2018-09-13,725,9,3,7,4,Y,A,Y,A,H,A,C,02,,08,A,,,Y,,C,Y,N,D,1,0,0,1,22101.0,2,36.7708740234375,-121.76544189453124,3
2018,2018-09-14,1325,9,3,13,5,N,A,Y,A,H,A,D,22,S,08,F,,,,,I,Y,N,D,1,0,0,0,22107.0,1,36.64842224121094,-121.6156768798828,3
2018,2018-09-14,1416,9,3,14,5,N,A,N,A,H,A,A,08,S,09,D,,,,Y,C,Y,N,A,2,0,0,0,21802.0,2,36.52140045166016,-121.46321105957033,2
2018,2018-09-14,49,9,3,0,5,N,A,Y,A,H,D,A,01,N,01,E,,,,,I,Y,N,D,1,0,0,0,23152.0,1,36.43132019042969,-121.33704376220705,4
2018,2018-09-16,1815,9,3,18,7,N,A,Y,A,H,A,A,07,S,09,D,,,,,C,Y,N,D,2,0,0,0,21804.0,2,36.8117790222168,-121.78545379638672,4
2018,2018-09-16,1535,9,3,15,7,N,A,N,A,H,A,A,01,E,05,A,,,,,C,Y,N,D,1,0,0,0,21650.0,2,36.87882614135742,-121.76776123046876,4
2018,2018-09-15,1637,9,3,16,6,N,A,N,A,H,A,C,02,S,03,E,,,Y,,A,Y,N,D,1,0,0,1,22350.0,1,36.5155143737793,-121.75786590576172,4
2018,2018-09-14,925,9,3,9,5,N,A,N,A,H,A,A,01,W,03,A,,,,,C,Y,N,A,1,0,0,0,22350.0,2,36.66742706298828,-121.75775146484376,4
2018,2018-09-14,400,9,3,4,5,N,A,N,A,H,D,A,01,E,08,A,,,,,I,Y,N,D,1,0,0,0,22107.0,1,36.497108459472656,-121.75086975097656,2
2018,2018-09-14,2220,9,3,22,5,N,A,N,A,H,D,D,22,E,08,E,,,,,I,Y,N,D,2,0,0,0,22107.0,1,36.52940368652344,-121.82572174072266,3
2018,2018-09-15,116,9,3,1,6,N,A,Y,A,H,C,A,01,E,01,E,,,,,I,Y,N,D,1,0,0,0,23152.0,1,36.76485824584961,-121.7491455078125,2
2018,2018-09-14,1510,9,3,15,5,N,A,Y,A,H,A,-,99,S,08,G,Y,,,,B,N,F,D,1,1,0,0,22107.0,2,36.82912063598633,-121.77191925048828,4
2018,2018-09-15,1645,9,3,16,6,N,A,N,A,H,A,A,07,E,01,C,,,,,C,Y,F,A,3,0,0,0,23152.0,2,36.802772521972656,-121.66680145263672,4
2018,2018-09-17,1555,9,3,15,1,N,A,Y,A,H,A,A,01,N,03,C,,,,,C,Y,N,D,2,0,0,0,22350.0,3,36.66720962524414,-121.62979888916016,4
2018,2018-09-17,1500,9,3,15,1,N,A,N,A,H,A,D,22,S,03,C,,,,,C,Y,N,D,2,0,0,0,22350.0,2,36.9007225036621,-121.7481689453125,4
2018,2018-07-28,2500,7,2,25,6,N,A,Y,A,H,D,A,01,S,01,F,,,,,A,Y,N,D,0,0,0,0,23152.0,1,35.887569427490234,-121.46054840087892,1
2018,2018-09-18,2238,9,3,22,2,N,A,N,A,H,D,A,01,W,01,E,,,,,I,Y,N,D,1,0,0,0,23152.0,1,36.48527145385742,-121.73815155029295,4
2018,2018-09-15,115,9,3,1,6,N,A,Y,A,H,C,D,22,W,01,F,,,,,I,Y,N,D,1,0,0,0,23152.0,1,36.76817321777344,-121.74423980712892,2
2018,2018-09-19,1810,9,3,18,3,Y,A,N,A,H,B,D,22,,03,C,,,,,C,Y,N,D,1,0,0,0,22350.0,2,36.629878997802734,-121.53988647460938,4
2018,2018-09-18,1130,9,3,11,2,N,A,Y,A,H,A,A,01,W,03,C,,,,,C,Y,N,D,1,0,0,0,22350.0,2,36.60109329223633,-121.69734191894533,4
2018,2018-09-20,600,9,3,6,4,N,A,N,A,H,D,G,75,E,03,C,,,,Y,C,Y,N,D,1,0,0,0,22350.0,2,36.904109954833984,-121.72355651855467,4
2018,2018-09-22,1222,9,3,12,6,N,A,Y,A,H,A,A,07,N,08,F,,,,,A,Y,N,D,1,0,0,0,22107.0,1,36.13212585449219,-121.0301513671875,3
2018,2018-09-20,1730,9,3,17,4,N,A,Y,A,H,A,A,01,S,03,C,,,,,C,N,N,D,1,0,0,0,22350.0,2,36.41495132446289,-121.32093811035156,4
2018,2018-08-14,625,8,2,6,2,N,B,Y,B,H,B,A,01,N,03,C,,,,,C,Y,N,D,3,0,0,0,22350.0,3,36.85599136352539,-121.77111053466795,1
2018,2018-09-20,1545,9,3,15,4,N,A,Y,A,H,A,A,01,N,03,C,,,,,C,Y,N,D,1,0,0,0,22350.0,5,36.668411254882805,-121.63331604003906,4
2018,2018-09-20,1336,9,3,13,4,N,A,N,A,H,A,D,22,E,03,C,,,,,C,Y,N,A,2,0,0,0,22350.0,2,36.89996337890625,-121.69029235839844,4
2018,2018-09-20,718,9,3,7,4,N,A,Y,A,H,A,A,01,N,08,F,,,,,A,Y,N,D,1,0,0,0,22107.0,1,36.78184509277344,-121.77933502197266,3
2018,2018-09-22,1635,9,3,16,6,N,A,Y,A,H,A,A,01,S,03,C,,,,,C,N,N,D,1,0,0,0,22350.0,2,,,4
2018,2018-09-23,311,9,3,3,7,N,E,N,A,H,D,A,07,N,01,F,,,,,I,Y,N,D,1,0,0,0,23152.0,1,36.64891815185546,-121.57991790771484,3
2018,2018-09-22,200,9,3,2,6,N,A,Y,A,H,C,A,01,N,01,C,,,,,C,Y,F,D,1,0,0,0,23152.0,2,36.79183197021485,-121.66717529296876,3
2018,2018-09-21,946,9,3,9,5,N,A,Y,A,H,A,D,22,N,21,C,,,,,C,N,N,D,1,0,0,0,22106.0,2,36.566791534423835,-121.91300201416016,4
2018,2018-09-24,515,9,3,5,1,N,B,N,A,H,D,A,01,N,05,B,,,,Y,C,Y,N,D,1,0,0,0,21460.0,2,36.62882232666016,-121.59060668945312,3
2018,2018-09-22,1649,9,3,16,6,N,B,N,A,H,A,A,01,S,01,E,,,,,I,Y,N,D,3,0,0,0,23152.0,2,36.80628204345703,-121.7228775024414,2
2018,2018-09-25,1545,9,3,15,2,N,A,Y,A,H,A,G,25,E,08,F,,,,Y,A,Y,N,D,2,0,0,0,22107.0,1,36.13222885131836,-121.01165008544922,3
2018,2018-09-27,1500,9,3,15,4,N,A,N,A,H,A,M,47,W,01,B,,,,,C,N,N,D,1,0,0,0,23152.0,2,36.73450469970703,-121.6564483642578,4
2018,2018-09-27,620,9,3,6,4,N,A,N,A,H,D,A,01,S,08,E,,,,,I,Y,N,D,1,0,0,0,22107.0,1,35.82129669189453,-121.0100326538086,4
2018,2018-09-28,1104,9,3,11,5,N,A,Y,A,H,A,C,02,N,03,F,,,Y,,A,N,N,D,1,0,0,1,22350.0,1,36.5992317199707,-121.88023376464844,3
2018,2018-09-28,545,9,3,5,5,Y,B,N,A,H,D,A,01,,12,D,,,,,C,Y,N,A,2,0,0,0,22450.0,2,36.66550064086913,-121.55007934570312,2
2018,2018-09-25,2015,9,3,20,2,Y,A,Y,A,H,D,G,25,,09,D,,,,Y,C,Y,N,D,2,0,0,0,21801.0,3,36.61294555664063,-121.56710815429688,3
2018,2018-09-28,2030,9,3,20,5,Y,A,N,A,H,D,D,22,,09,D,,,,,C,N,N,A,1,0,0,0,21802.0,2,36.821659088134766,-121.67346954345705,4
2018,2018-10-02,1450,10,3,14,2,N,A,Y,A,H,A,A,01,N,03,C,,,,,C,Y,N,D,2,0,0,0,22350.0,2,,,3
2018,2018-09-29,1630,9,3,16,6,N,A,N,A,H,A,A,01,W,08,E,,,,,I,Y,N,D,1,0,0,0,22107.0,1,36.393379211425774,-121.6083984375,3
2018,2018-10-02,2000,10,3,20,2,N,A,N,A,H,D,A,01,W,08,A,,,,,J,Y,N,D,1,0,0,0,22107.0,1,36.52342224121094,-121.46620178222656,2
2018,2018-09-28,454,9,3,4,5,N,B,N,B,H,D,D,22,E,03,F,,,,,A,Y,N,D,1,0,0,0,22350.0,1,36.78893280029297,-121.69795989990234,4
2018,2018-09-27,605,9,3,6,4,Y,E,N,A,H,D,-,- ,,18,E,,,,,H,Y,N,D,1,0,0,0,,1,36.836471557617195,-121.68305206298828,4
2018,2018-09-25,1950,9,3,19,2,N,A,N,A,H,D,A,01,S,08,B,,,,,C,Y,N,D,4,0,0,0,22107.0,3,36.67128753662109,-121.59969329833984,3
2018,2018-09-28,806,9,3,8,5,Y,A,Y,A,H,A,C,02,,06,D,,,Y,,C,Y,N,D,1,0,0,1,21755.0,2,36.59362411499024,-121.70452117919922,4
2018,2018-09-30,1348,9,3,13,7,Y,A,Y,A,H,A,A,01,,08,D,,,,,C,Y,N,A,2,0,0,0,22107.0,2,36.570404052734375,-121.76179504394533,4
2018,2018-09-29,2250,9,3,22,6,N,A,Y,A,H,D,N,60,S,00,G,Y,,,,B,N,N,D,1,1,0,0,21960.0,2,,,4
2018,2018-09-29,2045,9,3,20,6,N,A,N,A,H,D,A,07,E,01,F,,,,,A,Y,N,D,1,0,0,0,23152.0,1,36.638214111328125,-121.56390380859376,3
2018,2018-09-28,2110,9,3,21,5,N,A,Y,A,H,D,-,- ,E,18,H,,,Y,,A,Y,N,D,1,0,0,1,,1,36.77177429199219,-121.73169708251952,3
2018,2018-10-07,133,10,3,1,7,N,A,Y,A,H,D,A,01,S,05,A,,,,,C,Y,N,D,2,0,0,0,21650.0,2,35.93124771118164,-121.46858215332033,2
2018,2018-09-30,1807,9,3,18,7,N,B,Y,A,H,A,A,07,E,01,C,,,,,C,Y,N,D,5,0,0,0,23152.0,3,36.76654052734375,-121.74722290039062,3
2018,2018-09-30,1331,9,3,13,7,N,A,Y,A,H,A,A,07,N,09,F,,,Y,,A,Y,N,A,1,0,0,1,21804.0,2,36.23589706420898,-121.76863861083984,4
2018,2018-09-30,943,9,3,9,7,N,A,Y,A,H,A,-,- ,N,18,C,,,,,C,N,N,A,1,0,0,0,,2,36.76190948486328,-121.75287628173828,2
2018,2018-09-29,2234,9,3,22,6,N,A,Y,A,H,D,A,07,S,01,E,,,,,J,Y,N,D,1,0,0,0,23152.0,1,36.581890106201165,-121.89965057373048,3
2018,2018-08-05,1330,8,2,13,7,N,A,N,A,H,A,C,02,W,03,C,,,Y,,C,Y,N,D,0,0,0,0,22350.0,2,36.74813461303711,-121.77389526367188,1
2018,2018-08-08,425,8,2,4,3,N,E,N,A,H,D,A,01,N,01,C,,,,,C,Y,N,D,1,0,0,0,23152.0,2,36.7597541809082,-121.61558532714844,1
2018,2018-09-28,2330,9,3,23,5,N,A,N,A,H,D,A,01,E,08,E,,,,,A,Y,F,D,1,0,0,0,22107.0,1,36.904090881347656,-121.72174835205078,4
2018,2018-09-29,2030,9,3,20,6,Y,A,N,A,H,C,A,01,,09,D,,,,,C,Y,N,A,1,0,0,0,21802.0,2,36.698028564453125,-121.6707000732422,4
2018,2018-09-30,2315,9,3,23,7,Y,A,Y,A,H,D,A,07,,01,D,,,,,C,Y,N,A,1,0,0,0,23152.0,2,36.78772735595703,-121.66803741455078,3
2018,2018-10-01,1617,10,3,16,1,N,A,N,A,H,A,C,02,E,03,E,,,Y,,A,N,N,D,1,0,0,1,22350.0,1,36.904109954833984,-121.72355651855467,3
2018,2018-10-01,1030,10,3,10,1,Y,A,Y,A,H,A,A,01,,09,D,,,,,C,Y,N,A,1,0,0,0,21802.0,3,36.56514358520508,-121.912353515625,3
2018,2018-10-01,625,10,3,6,1,N,B,Y,A,H,D,A,07,N,08,E,,,,,I,Y,N,D,1,0,0,0,22107.0,1,36.42480850219727,-121.32909393310548,4
2018,2018-10-02,645,10,3,6,2,N,B,N,A,H,B,A,01,N,03,C,,,,,C,N,N,D,1,0,0,0,22350.0,2,36.68526077270508,-121.6743621826172,4
2018,2018-10-03,1302,10,3,13,3,N,B,Y,A,H,A,A,01,N,08,E,,,,,I,Y,N,D,1,0,0,0,22107.0,1,35.9603385925293,-120.88452911376952,4
2018,2018-10-03,1700,10,3,17,3,N,A,Y,A,H,A,A,07,N,03,C,,,,,C,N,N,D,3,0,0,0,22350.0,2,36.32489776611328,-121.23928833007812,3
2018,2018-10-02,806,10,3,8,2,N,A,N,A,H,A,A,07,N,08,C,,,,,E,Y,N,D,2,0,0,0,22107.0,2,36.765743255615234,-121.75261688232422,2
2018,2018-10-02,1753,10,3,17,2,N,A,Y,A,H,A,A,07,N,09,D,,,,,D,Y,N,D,1,0,0,0,21801.0,2,36.52259063720703,-121.92699432373048,4
2018,2018-10-03,710,10,3,7,3,N,B,N,A,H,A,A,07,N,01,B,,,,,C,Y,F,D,2,0,0,0,23152.0,2,36.651275634765625,-121.58201599121094,3
2018,2018-10-03,900,10,3,9,3,N,B,N,B,H,A,D,22,S,03,C,,,,,C,Y,N,D,1,0,0,0,22350.0,2,36.604446411132805,-121.51336669921876,4
2018,2018-10-03,555,10,3,5,3,N,C,Y,B,H,D,A,07,N,03,F,,,,,A,Y,N,D,1,0,0,0,22350.0,1,36.499141693115234,-121.93618774414062,3
2018,2018-10-04,2045,10,3,20,4,Y,A,Y,A,H,C,A,01,,10,G,Y,,,,B,N,N,A,1,1,0,0,21950.0,2,36.76263427734375,-121.75385284423828,3
2018,2018-10-04,855,10,3,8,4,N,B,Y,B,H,A,A,01,S,01,B,,,,,C,Y,N,D,4,0,0,0,23152.0,3,36.7337303161621,-121.78124237060548,3
2018,2018-10-05,1630,10,3,16,5,Y,A,N,A,H,A,L,04,,05,D,,Y,,,G,N,N,D,1,0,1,0,21650.0,2,36.676300048828125,-121.67693328857422,4