ACCIDENT_YEAR,COLLISION_DATE,COLLISION_TIME,MONTH,SEASON,24HOURS,DAY_OF_WEEK,INTERSECTION,WEATHER_1,STATE_HWY_IND,ROAD_SURFACE,ROAD_COND_1,LIGHTING,STWD_VEHTYPE_AT_FAULT,CHP_VEHTYPE_AT_FAULT,DIRECTION,PCF_VIOL_CATEGORY,TYPE_OF_COLLISION,PEDESTRIAN_ACCIDENT,BICYCLE_ACCIDENT,MOTORCYCLE_ACCIDENT,TRUCK_ACCIDENT,MVIW,TOW_AWAY,HIT_AND_RUN,CONTROL_DEVICE,NUMBER_INJURED,COUNT_PED_INJURED,COUNT_BICYCLIST_INJURED,COUNT_MC_INJURED,PCF_VIOLATION,PARTY_COUNT,POINT_Y,POINT_X,COLLISION_SEVERITY
2019,2019-03-02,1015,3,1,10,6,N,B,Y,A,H,A,-,- ,S,18,C,,,,,C,N,N,D,1,0,0,0,,2,36.59090423583984,-121.88071441650392,4
2019,2019-03-02,250,3,1,2,6,N,C,Y,B,H,C,A,01,S,01,F,,,,,I,Y,N,D,1,0,0,0,23152.0,1,36.62729644775391,-121.58708953857422,3
2019,2019-03-03,1003,3,1,10,7,N,B,Y,B,H,A,A,01,N,03,E,,,,,I,Y,N,D,1,0,0,0,22350.0,1,36.818706512451165,-121.63227081298828,2
2019,2019-03-05,635,3,1,6,2,Y,C,Y,B,H,A,A,01,,12,D,,,,,C,N,N,A,1,0,0,0,21453.0,2,36.76182556152344,-121.75276947021484,4
2019,2019-03-05,1739,3,1,17,2,N,B,Y,A,H,A,A,01,E,08,B,,,,,C,Y,N,D,2,0,0,0,22107.0,2,36.78238677978516,-121.69493865966795,4
2019,2019-02-15,130,2,4,1,5,N,B,Y,B,H,D,D,22,E,03,C,,,,,C,N,M,D,2,0,0,0,22350.0,2,36.66938018798828,-121.81256866455078,4
2019,2019-03-06,700,3,1,7,3,N,C,Y,B,H,A,A,01,S,03,C,,,,,C,Y,N,D,1,0,0,0,22350.0,2,36.791622161865234,-121.66706848144533,4
2019,2019-03-07,525,3,1,5,4,N,C,Y,B,H,C,A,01,N,03,E,,,,,I,Y,N,D,2,0,0,0,22350.0,1,36.466983795166016,-121.3918228149414,4
2019,2019-03-07,605,3,1,6,4,N,C,Y,B,H,C,A,01,N,03,F,,,,,A,Y,N,D,1,0,0,0,22350.0,1,36.466983795166016,-121.3918228149414,4
2019,2019-03-07,627,3,1,6,4,N,C,Y,B,H,B,A,01,N,03,D,,,,,C,Y,N,D,1,0,0,0,22350.0,2,36.466983795166016,-121.3918228149414,4
2019,2019-03-07,835,3,1,8,4,N,B,Y,B,H,A,A,08,N,03,E,,,,,I,Y,N,D,2,0,0,0,22350.0,1,36.87863540649414,-121.77135467529295,4
2019,2019-03-08,1715,3,1,17,5,N,A,N,A,H,B,A,01,W,03,C,,,,,C,Y,N,D,1,0,0,0,22350.0,6,36.6787109375,-121.71692657470705,4
2019,2019-03-08,2038,3,1,20,5,N,A,Y,A,H,D,A,01,S,01,D,,,,,C,Y,N,D,2,0,0,0,23152.0,2,36.7991600036621,-121.66455841064452,4
2019,2019-03-09,105,3,1,1,6,N,A,Y,A,H,D,A,01,S,03,C,,,,Y,C,Y,N,D,1,0,0,0,22350.0,2,36.60628509521485,-121.55835723876952,2
2019,2019-03-09,230,3,1,2,6,N,A,N,A,H,D,A,07,N,08,E,,,,,I,Y,N,D,1,0,0,0,22107.0,1,36.392127990722656,-121.59363555908205,3
2019,2019-03-10,1410,3,1,14,7,N,A,Y,A,H,A,A,07,S,09,D,,,,,C,Y,N,D,1,0,0,0,21801.0,2,36.79942321777344,-121.78319549560548,4
2019,2019-03-10,939,3,1,9,7,N,A,Y,A,H,A,-,- ,S,00,B,,,,,C,Y,N,D,1,0,0,0,,2,36.79899597167969,-121.66468811035156,4
2019,2019-03-16,1955,3,1,19,6,N,A,N,A,H,B,A,07,N,01,F,,,,,A,Y,N,D,2,0,0,0,23153.0,1,36.24185180664063,-121.13152313232422,2
2019,2019-03-17,704,3,1,7,7,N,A,Y,A,H,A,A,01,N,08,E,,,,,I,Y,N,D,1,0,0,0,22107.0,1,36.36857986450195,-121.2830047607422,4
2019,2019-03-15,1910,3,1,19,5,Y,A,N,A,H,A,C,02,,03,E,,,Y,,I,Y,N,D,1,0,0,1,22350.0,1,35.90729904174805,-120.69101715087892,2
2019,2019-03-11,1724,3,1,17,1,N,A,N,A,H,A,A,01,E,08,A,,,,,C,Y,N,D,3,0,0,0,22107.0,3,36.90447998046875,-121.74803161621094,4
2019,2019-03-11,842,3,1,8,1,N,A,N,A,H,A,A,07,E,03,C,,,,,C,Y,N,A,1,0,0,0,22350.0,2,36.58123779296875,-121.71812438964844,4
2019,2019-03-12,905,3,1,9,2,N,A,Y,A,H,A,D,22,N,03,C,,,,,C,Y,N,D,1,0,0,0,22350.0,3,36.76537704467773,-121.757568359375,4
2019,2019-03-12,932,3,1,9,2,N,A,Y,A,H,A,A,01,S,03,C,,,,,C,Y,N,A,1,0,0,0,22350.0,2,36.77082443237305,-121.76522827148438,4
2019,2019-03-12,1250,3,1,12,2,Y,A,Y,A,H,A,A,01,,08,B,,,,,C,N,N,D,1,0,0,0,22107.0,2,36.76594924926758,-121.75835418701172,4
2019,2019-03-13,910,3,1,9,3,N,A,N,A,H,A,A,01,E,08,E,,,,,I,N,N,D,1,0,0,0,22107.0,1,36.8952522277832,-121.743408203125,3
2019,2019-03-14,2118,3,1,21,4,N,A,N,A,H,D,A,07,W,01,F,,,,,I,Y,N,A,1,0,0,0,23152.0,1,36.56830596923828,-121.51911926269533,4
2019,2019-03-17,2150,3,1,21,7,N,A,Y,A,H,A,A,01,S,01,E,,,,,I,Y,N,D,1,0,0,0,23152.0,1,36.22024154663086,-121.16812896728516,4
2019,2019-03-17,300,3,1,3,7,N,A,N,A,H,D,D,22,E,08,E,,,,,I,Y,N,D,1,0,0,0,22107.0,1,36.2681999206543,-121.07261657714844,3
2019,2019-01-25,2335,1,4,23,5,N,A,Y,A,H,D,D,22,N,05,A,,,,,C,Y,N,D,4,0,0,0,21460.0,2,36.85696029663086,-121.77108001708984,1
2019,2019-03-19,1550,3,1,15,2,Y,A,N,A,H,A,D,22,,03,C,,,,,C,Y,N,D,2,0,0,0,22350.0,3,36.79917144775391,-121.69850158691406,3
2019,2019-03-24,1222,3,1,12,7,N,A,N,A,H,A,C,02,S,08,F,,,Y,,A,Y,N,D,1,0,0,1,22107.0,1,36.32176208496094,-121.1823501586914,3
2019,2019-03-15,740,3,1,7,5,N,A,N,A,H,A,A,01,W,03,C,,,,,C,Y,N,D,2,0,0,0,22350.0,2,36.86411285400391,-121.7259521484375,4
2019,2019-03-17,1337,3,1,13,7,N,A,Y,A,H,A,A,01,S,03,C,,,,,C,Y,N,A,5,0,0,0,22350.0,2,36.23868179321289,-121.7729034423828,3
2019,2019-03-18,1140,3,1,11,1,N,A,N,A,H,A,A,08,W,03,C,,,,,C,Y,N,D,2,0,0,0,22350.0,2,36.748096466064446,-121.71756744384766,4
2019,2019-03-18,1730,3,1,17,1,N,A,N,A,H,A,A,01,E,03,C,,,,,C,N,N,A,1,0,0,0,22350.0,2,36.904518127441406,-121.75035858154295,4
2019,2019-03-18,800,3,1,8,1,N,A,Y,A,H,A,A,07,N,03,F,,,,,A,Y,N,D,2,0,0,0,22350.0,1,36.84955978393555,-121.63600158691406,4
2019,2019-03-19,1727,3,1,17,2,N,B,Y,A,H,A,D,22,S,03,C,,,,,C,Y,N,D,1,0,0,0,22350.0,3,36.66810989379882,-121.81329345703124,4
2019,2019-03-15,334,3,1,3,5,N,A,Y,A,H,D,A,01,S,01,E,,,,,I,Y,N,D,1,0,0,0,23152.0,1,36.64762115478516,-121.61488342285156,2
2019,2019-03-19,1005,3,1,10,2,Y,A,N,A,H,A,A,01,,09,A,,,,,C,Y,N,A,2,0,0,0,21802.0,2,36.52370834350586,-121.81004333496094,4
2019,2019-03-20,1112,3,1,11,3,N,B,Y,B,H,A,A,01,N,03,E,,,,,I,Y,N,D,1,0,0,0,22350.0,1,36.63101196289063,-121.83551025390624,4
2019,2019-03-20,945,3,1,9,3,N,B,N,B,H,A,A,01,S,03,C,,,,,C,Y,N,D,1,0,0,0,22350.0,2,36.835479736328125,-121.68229675292967,4
2019,2019-03-21,740,3,1,7,4,N,A,Y,A,H,A,D,22,N,21,C,,,,,C,N,N,D,1,0,0,0,22106.0,2,36.63372039794922,-121.83332061767578,4
2018,2018-12-05,1725,12,4,17,3,N,C,Y,B,H,B,D,22,S,01,C,,,,,C,Y,N,D,0,0,0,0,23152.0,3,36.66127014160156,-121.81621551513672,1
2019,2019-03-22,929,3,1,9,5,N,B,Y,A,H,A,D,22,S,03,C,,,,,C,Y,N,D,2,0,0,0,22350.0,2,36.789356231689446,-121.66754913330078,3
2020,2020-03-17,750,3,1,7,2,Y,B,N,B,H,A,D,22,,12,D,,,,,C,Y,N,A,1,0,0,0,22450.0,2,36.60240936279297,-121.837890625,4
2019,2019-03-24,530,3,1,5,7,N,A,Y,A,H,D,A,01,N,01,E,,,,,I,Y,N,D,1,0,0,0,23152.0,1,36.8214111328125,-121.78438568115234,3
2019,2019-03-22,1530,3,1,15,5,N,B,N,A,H,A,L,04,N,08,B,,Y,,,G,N,N,A,1,0,1,0,22107.0,2,36.670269012451165,-121.65502166748048,4
2019,2019-03-25,1025,3,1,10,1,N,A,Y,A,H,A,A,07,N,08,A,,,,,I,Y,N,D,7,0,0,0,22107.0,1,36.455413818359375,-121.37285614013672,4
2019,2019-03-25,1854,3,1,18,1,N,B,Y,A,H,A,-,- ,N,18,E,,,,,I,Y,N,D,1,0,0,0,,2,,,4
2019,2019-03-25,1430,3,1,14,1,N,A,Y,A,H,A,C,02,W,08,F,,,Y,,A,Y,N,D,1,0,0,1,22107.0,1,36.5943489074707,-121.86785125732422,3
2019,2019-03-18,2020,3,1,20,1,N,B,N,A,H,D,-,99,E,05,B,,,,,C,N,M,D,2,0,0,0,21650.0,2,36.86410903930664,-121.72116088867188,4
2019,2019-03-26,710,3,1,7,2,N,B,Y,B,H,A,A,01,S,03,C,,,,,C,Y,N,D,1,0,0,0,22350.0,3,36.68716049194336,-121.65271759033205,3
2019,2019-03-26,708,3,1,7,2,N,B,Y,B,H,A,A,01,N,07,B,,,,,C,Y,M,D,1,0,0,0,21658.0,2,36.68749237060546,-121.65335083007812,4
2019,2019-03-26,1610,3,1,16,2,N,B,Y,A,H,A,C,02,N,03,C,,,Y,,C,Y,N,D,1,0,0,1,22350.0,2,36.60081481933594,-121.86299896240234,4
2019,2019-03-27,2035,3,1,20,3,N,B,N,A,H,C,A,01,W,03,C,,,,,C,Y,N,A,2,0,0,0,22350.0,2,36.65535354614258,-121.74359130859376,4
2019,2019-03-27,2041,3,1,20,3,N,A,N,A,H,D,D,22,W,03,C,,,,,C,Y,N,D,1,0,0,0,22350.0,4,36.67155838012695,-121.69371795654295,3
2019,2019-03-28,610,3,1,6,4,N,A,N,A,H,D,A,01,W,08,F,,,,,I,Y,N,D,1,0,0,0,22107.0,1,36.5120506286621,-121.77164459228516,3
2019,2019-03-28,958,3,1,9,4,N,A,Y,A,H,A,-,- ,N,18,E,,,,,I,Y,N,D,1,0,0,0,,1,36.730751037597656,-121.78385925292967,4
2019,2019-03-29,1610,3,1,16,5,N,A,N,A,H,A,A,08,S,01,C,,,,,C,N,N,D,1,0,0,0,23152.0,2,36.850143432617195,-121.69002532958984,3
2019,2019-03-28,1800,3,1,18,4,N,A,N,A,H,A,A,01,E,03,C,,,,,C,N,N,A,2,0,0,0,22350.0,2,36.76071166992188,-121.75125122070312,4
2019,2019-03-29,1906,3,1,19,5,Y,A,Y,A,H,B,A,01,,09,A,,,,,C,Y,N,A,1,0,0,0,21453.0,2,36.68505096435546,-121.67604064941406,3
2019,2019-03-29,530,3,1,5,5,N,B,Y,B,H,D,A,01,E,08,F,,,,,A,Y,N,D,1,0,0,0,22107.0,1,36.595802307128906,-121.92119598388672,4
2019,2019-03-29,1232,3,1,12,5,N,A,Y,A,B,A,L,04,S,03,F,,Y,,,A,N,N,D,1,0,1,0,22350.0,1,36.8215217590332,-121.78421783447266,3
2019,2019-03-29,15,3,1,0,5,N,A,Y,A,H,D,A,01,S,08,E,,,,,I,Y,M,D,1,0,0,0,22107.0,1,36.21467971801758,-121.16496276855467,4
2019,2019-03-30,2245,3,1,22,6,N,A,N,A,H,D,D,22,S,01,E,,,,,I,Y,N,D,1,0,0,0,23152.0,1,36.84932327270508,-121.69004058837892,3
2019,2019-03-30,1340,3,1,13,6,Y,A,N,A,H,A,A,01,,09,A,,,,,C,Y,N,A,2,0,0,0,21802.0,2,36.86017990112305,-121.65342712402344,3
2019,2019-03-31,315,3,1,3,7,Y,A,N,A,H,D,A,01,,01,E,,,,,I,Y,N,D,1,0,0,0,23152.0,1,36.85932159423828,-121.69519805908205,3
2019,2019-04-01,2110,4,1,21,1,N,B,Y,A,H,C,A,01,N,08,E,,,,,I,Y,N,D,1,0,0,0,22107.0,1,36.65214538574219,-121.8155517578125,3
2019,2019-04-02,1312,4,1,13,2,N,A,N,A,H,A,A,01,W,08,E,,,,,I,Y,N,D,2,0,0,0,22107.0,2,36.66263961791992,-121.74797821044922,2
2019,2019-04-02,1626,4,1,16,2,N,B,N,A,H,A,A,01,N,03,C,,,,,C,Y,N,D,1,0,0,0,22350.0,2,36.769237518310554,-121.74349975585938,4
2019,2019-04-02,955,4,1,9,2,N,B,Y,B,H,A,A,01,N,07,E,,,,,I,Y,N,D,1,0,0,0,21658.0,2,36.732128143310554,-121.782958984375,3
2019,2019-04-01,1625,4,1,16,1,N,A,Y,A,H,A,A,01,S,08,E,,,,,I,Y,N,D,2,0,0,0,22107.0,1,36.179058074951165,-121.06401824951172,3
2019,2019-04-07,2200,4,1,22,7,N,A,Y,A,H,C,A,01,E,08,E,,,,,I,Y,N,D,1,0,0,0,22107.0,1,36.18993377685546,-120.83893585205078,3
2019,2019-04-07,2025,4,1,20,7,N,A,Y,A,H,D,-,- ,E,18,E,,,Y,,H,Y,N,D,1,0,0,1,,1,36.156227111816406,-120.9923095703125,2
2019,2019-04-03,2053,4,1,20,3,N,A,N,A,H,D,A,01,N,03,C,,,,,C,Y,N,D,4,0,0,0,22350.0,2,36.8800163269043,-121.74783325195312,4
2019,2019-04-04,1559,4,1,15,4,N,A,Y,A,H,A,D,22,S,07,B,,,,,C,Y,N,D,1,0,0,0,21658.0,2,36.71746826171875,-121.79419708251952,3
2019,2019-04-05,1140,4,1,11,5,N,C,Y,B,H,A,A,01,S,08,F,,,,,A,Y,N,D,1,0,0,0,22107.0,1,36.695533752441406,-121.80579376220705,4
2019,2019-04-05,2110,4,1,21,5,N,A,N,A,H,D,A,01,S,01,E,,,,,I,Y,N,D,1,0,0,0,23152.0,1,36.66456985473633,-121.54966735839844,3
2019,2019-04-05,1500,4,1,15,5,N,A,Y,A,H,A,A,01,S,03,C,,,,,C,Y,N,D,1,0,0,0,22350.0,2,36.656681060791016,-121.620361328125,4
2020,2020-07-07,1525,7,2,15,2,N,A,N,A,H,A,A,01,W,09,D,,,,,C,N,N,B,1,0,0,0,21802.0,2,36.66944122314453,-121.67272186279295,3
2019,2019-04-05,1403,4,1,14,5,N,B,Y,B,H,A,D,22,N,03,E,,,,,I,Y,N,D,2,0,0,0,22350.0,1,36.679988861083984,-121.64183044433594,4
2019,2019-04-06,1220,4,1,12,6,N,A,Y,A,H,A,D,22,S,03,C,,,,,C,Y,N,D,3,0,0,0,22350.0,3,36.851898193359375,-121.77112579345705,4
2019,2019-04-07,536,4,1,5,7,N,A,N,A,H,D,-,- ,E,18,E,,,,,I,Y,N,D,1,0,0,0,,1,36.6787109375,-121.72781372070312,4
2019,2019-04-06,1850,4,1,18,6,N,A,N,A,H,A,D,22,N,08,D,,,,,C,Y,N,D,1,0,0,0,22107.0,2,36.31216049194336,-121.26863861083984,4
2019,2019-04-07,1330,4,1,13,7,N,A,N,A,H,A,A,01,S,09,D,,,,,C,Y,N,D,2,0,0,0,21804.0,2,36.82031631469727,-121.67293548583984,4
2019,2019-04-07,1105,4,1,11,7,N,A,Y,A,H,A,D,22,S,03,C,,,,,C,Y,N,D,1,0,0,0,22350.0,4,36.616641998291016,-121.8498992919922,4
2019,2019-04-08,1750,4,1,17,1,N,B,N,A,H,A,A,01,W,03,C,,,,,C,Y,N,D,1,0,0,0,22350.0,3,36.668827056884766,-121.68883514404295,4
2019,2019-04-08,935,4,1,9,1,N,A,N,A,H,A,A,01,N,03,B,,,,,C,Y,N,A,2,0,0,0,22350.0,3,36.66706848144531,-121.68486785888672,4
2019,2019-04-08,2020,4,1,20,1,N,A,N,A,H,D,A,01,N,06,B,,,,,C,Y,N,D,1,0,0,0,21755.0,2,36.85084915161133,-121.69002532958984,4
2019,2019-04-09,1050,4,1,10,2,N,A,Y,A,H,A,-,- ,S,18,E,,,,,I,Y,N,D,1,0,0,0,,1,36.71588516235352,-121.66160583496094,4
2019,2019-04-12,1440,4,1,14,5,N,A,N,A,H,A,A,01,E,01,B,,,,Y,E,Y,N,D,1,0,0,0,23152.0,2,36.478759765625,-121.73046875,2
2019,2019-04-10,617,4,1,6,3,N,A,Y,A,H,A,D,22,S,08,B,,,,,C,Y,N,D,1,0,0,0,22107.0,3,36.67766952514648,-121.64143371582033,4
2019,2019-04-10,830,4,1,8,3,N,A,N,A,H,A,-,- ,S,18,E,,,,,I,Y,N,D,1,0,0,0,,1,36.87206268310546,-121.6897430419922,3
2019,2019-04-03,514,4,1,5,3,N,B,N,A,H,D,-,99,W,08,G,Y,,,,B,N,F,D,1,1,0,0,22107.0,2,36.72891998291016,-121.62328338623048,2
2019,2019-04-12,2229,4,1,22,5,N,A,Y,A,H,D,A,07,W,01,E,,,,,I,Y,N,D,1,0,0,0,23152.0,1,,,3
2019,2019-04-12,1530,4,1,15,5,N,A,N,A,H,A,A,08,W,05,B,,,,,C,N,N,D,1,0,0,0,21460.0,2,36.58272552490234,-121.75863647460938,4
2019,2019-04-12,1040,4,1,10,5,N,A,Y,A,H,A,D,22,S,03,C,,,,,C,Y,N,D,1,0,0,0,22350.0,3,36.66665267944336,-121.62793731689452,4
2019,2019-04-12,1449,4,1,14,5,N,A,N,A,H,A,A,01,W,08,E,,,,,I,Y,N,D,1,0,0,0,22107.0,1,36.553035736083984,-121.54142761230467,4
2019,2019-04-12,1730,4,1,17,5,N,A,Y,A,H,A,A,01,S,03,C,,,,,C,N,N,D,1,0,0,0,22350.0,2,36.598628997802734,-121.86493682861328,4
2019,2019-04-19,1559,4,1,15,5,Y,A,Y,A,H,A,A,01,,09,D,,,,,C,Y,N,D,3,0,0,0,21801.0,3,36.59362411499024,-121.70452117919922,2
2019,2019-04-12,1435,4,1,14,5,Y,A,N,A,H,A,A,07,,09,D,,,,Y,C,Y,N,D,1,0,0,0,21801.0,2,36.882568359375,-121.6618881225586,3
2019,2019-04-13,930,4,1,9,6,Y,A,Y,A,H,A,A,08,,09,D,,,,,C,Y,N,A,2,0,0,0,21801.0,2,36.76115798950195,-121.75184631347656,3
2019,2019-04-13,1920,4,1,19,6,N,A,Y,A,H,B,A,01,N,01,F,,,,,C,Y,F,D,4,0,0,0,23152.0,2,36.756546020507805,-121.6652603149414,3
2019,2019-04-14,1455,4,1,14,7,N,A,Y,A,H,A,A,01,S,03,C,,,,,C,Y,N,D,1,0,0,0,22350.0,2,36.78888320922852,-121.66764068603516,4
2019,2019-04-17,1500,4,1,15,3,Y,A,Y,A,H,A,A,01,,01,E,,,,,I,Y,N,D,1,0,0,0,23152.0,1,36.8984489440918,-121.73573303222656,3
2019,2019-04-14,810,4,1,8,7,N,A,N,A,H,A,D,22,N,08,E,,,,,I,Y,N,D,1,0,0,0,22107.0,1,36.61286163330078,-121.65463256835938,3
2019,2019-04-15,1710,4,1,17,1,N,C,Y,B,H,A,D,22,S,06,D,,,,,C,Y,N,D,1,0,0,0,21750.0,2,36.32792663574219,-121.89374542236328,4
2019,2019-04-16,835,4,1,8,2,N,A,Y,A,H,A,D,23,N,07,B,,,,,C,Y,N,D,1,0,0,0,21658.0,2,36.822486877441406,-121.630126953125,3
2019,2019-04-16,1145,4,1,11,2,N,B,Y,A,H,A,A,01,N,10,G,Y,,,,B,N,N,A,1,1,0,0,21950.0,2,36.765281677246094,-121.75743103027344,3
2019,2019-04-16,2020,4,1,20,2,N,A,N,A,H,D,D,22,S,01,B,,,,,C,Y,N,D,3,0,0,0,23152.0,3,36.61598205566406,-121.5222396850586,2
2019,2019-04-17,859,4,1,8,3,N,A,Y,A,H,A,A,01,N,03,C,,,,,C,Y,N,D,1,0,0,0,22350.0,2,36.82339859008789,-121.77996063232422,4
2019,2019-04-17,445,4,1,4,3,Y,A,Y,A,H,D,A,01,,08,D,,,,,C,Y,N,D,2,0,0,0,22107.0,3,36.595947265625,-121.54608154296876,4
2019,2019-04-17,1212,4,1,12,3,N,A,N,A,B,A,E,22,W,08,E,,,,,I,Y,N,D,2,0,0,0,22107.0,1,36.551055908203125,-121.68917846679688,3
2019,2019-04-17,2023,4,1,20,3,N,A,Y,A,H,C,D,22,S,03,C,,,,,C,Y,N,D,2,0,0,0,22350.0,2,36.720561981201165,-121.660400390625,4
2019,2019-04-18,1440,4,1,14,4,Y,A,N,A,H,A,A,01,,09,D,,,,,C,Y,N,D,1,0,0,0,21802.0,2,36.52370834350586,-121.81004333496094,4
2019,2019-04-25,1748,4,1,17,4,N,A,Y,A,H,A,A,01,N,08,B,,,,,C,Y,N,D,1,0,0,0,22107.0,2,35.98306655883789,-120.90275573730467,2
2019,2019-04-18,1310,4,1,13,4,N,A,Y,A,H,A,A,01,N,03,C,,,,,C,N,N,D,1,0,0,0,22350.0,2,36.57832717895508,-121.90743255615234,3
2019,2019-04-18,1853,4,1,18,4,Y,B,N,A,H,A,D,22,,12,D,,,,,C,Y,N,A,1,0,0,0,21453.0,2,36.66693115234375,-121.75669097900392,4
2019,2019-04-23,550,4,1,5,2,N,A,Y,A,H,B,A,01,S,13,C,,,,Y,C,Y,N,D,5,0,0,0,22500.0,2,36.35141754150391,-121.2665786743164,2
2019,2019-04-19,2215,4,1,22,5,Y,B,Y,B,H,C,A,01,,08,E,,,,,I,Y,N,D,1,0,0,0,22107.0,1,36.77310562133789,-121.66934204101562,3
2019,2019-04-20,1549,4,1,15,6,N,A,Y,A,H,A,A,07,E,03,C,,,,,C,Y,N,D,1,0,0,0,22350.0,3,36.77268600463867,-121.72854614257812,3
2019,2019-04-20,400,4,1,4,6,N,B,N,A,H,D,A,01,N,01,E,,,,,I,Y,N,D,1,0,0,0,23152.0,1,36.52313995361328,-121.46534729003906,4
2019,2019-04-19,1852,4,1,18,5,N,B,Y,A,H,A,A,01,W,03,C,,,,,C,Y,N,D,1,0,0,0,22350.0,2,36.7734489440918,-121.7259521484375,4
2019,2019-04-17,550,4,1,5,3,Y,A,N,A,H,A,A,01,,12,D,,,,,C,Y,N,D,1,0,0,0,22450.0,2,36.31856155395508,-121.26323699951172,2
2019,2019-04-24,715,4,1,7,3,N,A,N,A,H,A,A,01,S,03,C,,,,,C,Y,N,D,2,0,0,0,22350.0,2,36.098541259765625,-121.15439605712892,3
2019,2019-04-21,1155,4,1,11,7,N,A,N,A,H,A,A,07,W,08,E,,,,,A,Y,N,D,1,0,0,0,22107.0,1,36.6787109375,-121.71542358398438,4
2019,2019-04-22,1755,4,1,17,1,N,A,N,A,H,A,A,08,N,09,A,,,,,C,Y,N,D,1,0,0,0,21803.0,2,36.88311767578125,-121.74688720703124,4
2019,2019-04-22,1910,4,1,19,1,N,A,Y,A,H,B,A,01,N,03,C,,,,,C,Y,N,D,3,0,0,0,22350.0,2,36.4986457824707,-121.43020629882812,2
2019,2019-04-23,2025,4,1,20,2,N,A,N,A,H,D,A,01,E,08,E,,,,,A,Y,N,D,1,0,0,0,22107.0,1,36.74289321899414,-121.68630981445312,4
2019,2019-04-23,1615,4,1,16,2,N,A,Y,A,H,A,A,01,W,03,C,,,,,C,Y,N,D,1,0,0,0,22350.0,2,36.57077026367188,-121.74773406982422,4
2019,2019-04-23,808,4,1,8,2,N,A,Y,A,H,A,A,01,W,03,C,,,,,C,Y,N,A,1,0,0,0,22350.0,2,36.56761169433594,-121.77869415283205,4
2019,2019-04-23,1557,4,1,15,2,N,A,Y,A,H,A,A,07,E,09,A,,,,,C,Y,N,D,2,0,0,0,21801.0,2,36.82510757446289,-121.66061401367188,3
2019,2019-04-23,1800,4,1,18,2,N,A,Y,A,H,A,A,01,N,03,C,,,,,C,Y,N,D,1,0,0,0,22350.0,4,36.67230224609375,-121.64028167724608,4
2019,2019-04-24,325,4,1,3,3,N,A,Y,A,H,D,A,01,S,01,E,,,,,I,Y,M,D,1,0,0,0,23152.0,1,36.37564086914063,-121.29122161865234,3
2019,2019-04-24,1053,4,1,10,3,N,A,Y,A,H,A,D,22,W,05,A,,,,,C,Y,N,D,1,0,0,0,21651.0,3,36.62857055664063,-121.675537109375,4
2019,2019-04-23,2039,4,1,20,2,N,A,N,A,H,D,A,07,S,01,F,,,,,A,Y,N,D,1,0,0,0,23152.0,1,36.38898849487305,-121.24830627441406,3
2019,2019-04-24,630,4,1,6,3,N,A,N,A,H,A,A,01,E,08,A,,,,,I,Y,N,D,1,0,0,0,22107.0,1,36.75082778930664,-121.60749053955078,4
2019,2019-04-26,1541,4,1,15,5,N,A,Y,A,H,A,D,22,W,03,C,,,,,C,N,N,D,2,0,0,0,22350.0,2,36.57060241699219,-121.76530456542967,4
2019,2019-04-26,545,4,1,5,5,N,B,Y,A,H,D,A,01,E,05,A,,,,,C,Y,N,D,1,0,0,0,21460.0,2,36.57682800292969,-121.91461181640624,4
2019,2019-04-27,1415,4,1,14,6,Y,B,N,A,H,A,D,22,,05,B,,,,,C,Y,N,D,4,0,0,0,21460.0,2,36.74430084228516,-121.69139862060548,3
2019,2019-04-28,2240,4,1,22,7,N,A,N,A,H,D,D,22,S,01,F,,,,,I,Y,N,D,1,0,0,0,23152.0,1,36.33472442626953,-121.1902313232422,3
2019,2019-04-27,2245,4,1,22,6,N,A,Y,A,H,C,D,22,S,01,C,,,,,C,Y,N,D,2,0,0,0,23152.0,2,36.547996520996094,-121.49504852294922,3
2019,2019-04-28,1829,4,1,18,7,N,A,N,A,H,A,A,01,W,01,A,,,,,C,Y,N,D,1,0,0,0,23152.0,2,36.829708099365234,-121.64325714111328,3
2019,2019-04-28,1623,4,1,16,7,Y,A,Y,A,H,A,A,07,,08,F,,,,,A,Y,N,D,2,0,0,0,22107.0,1,36.79168319702149,-121.66705322265624,3