ACCIDENT_YEAR,COLLISION_DATE,COLLISION_TIME,MONTH,SEASON,24HOURS,DAY_OF_WEEK,INTERSECTION,WEATHER_1,STATE_HWY_IND,ROAD_SURFACE,ROAD_COND_1,LIGHTING,STWD_VEHTYPE_AT_FAULT,CHP_VEHTYPE_AT_FAULT,DIRECTION,PCF_VIOL_CATEGORY,TYPE_OF_COLLISION,PEDESTRIAN_ACCIDENT,BICYCLE_ACCIDENT,MOTORCYCLE_ACCIDENT,TRUCK_ACCIDENT,MVIW,TOW_AWAY,HIT_AND_RUN,CONTROL_DEVICE,NUMBER_INJURED,COUNT_PED_INJURED,COUNT_BICYCLIST_INJURED,COUNT_MC_INJURED,PCF_VIOLATION,PARTY_COUNT,POINT_Y,POINT_X,COLLISION_SEVERITY
2019,2019-04-28,100,4,1,1,7,N,A,Y,A,H,C,A,01,N,08,C,,,,,C,N,F,D,1,0,0,0,22107.0,2,36.76480102539063,-121.75680541992188,3
2019,2019-04-29,645,4,1,6,1,Y,B,N,A,H,A,A,01,,03,C,,,,,C,Y,N,D,1,0,0,0,22350.0,2,36.84323120117188,-121.74227905273438,2
2019,2019-05-01,835,5,1,8,3,Y,A,N,A,H,A,D,22,,03,C,,,,,C,Y,N,A,2,0,0,0,22350.0,2,36.54059982299805,-121.91243743896484,4
2019,2019-04-29,1312,4,1,13,1,N,B,Y,A,B,A,L,04,S,03,F,,Y,,,G,N,N,D,1,0,1,0,22350.0,1,36.853790283203125,-121.77109527587892,2
2019,2019-05-01,730,5,1,7,3,N,A,N,A,H,A,A,01,W,03,C,,,,,C,Y,N,D,2,0,0,0,22350.0,4,36.8641014099121,-121.72433471679688,2
2019,2019-05-01,2240,5,1,22,3,N,A,Y,A,H,D,A,01,N,08,F,,,,,A,Y,N,D,1,0,0,0,22107.0,1,36.70793533325195,-121.79876708984376,3
2019,2019-05-01,1530,5,1,15,3,N,A,N,A,H,A,A,01,S,09,D,,Y,,,G,N,N,D,1,0,1,0,21802.0,2,36.55583190917969,-121.91221618652344,4
2019,2019-05-01,2321,5,1,23,3,N,A,N,A,H,D,A,01,S,08,E,,,,,I,Y,N,D,1,0,0,0,22107.0,1,36.50701141357422,-121.7529296875,3
2019,2019-04-30,1036,4,1,10,2,N,A,Y,A,H,A,D,22,N,08,F,,,,,A,Y,N,D,0,0,0,0,22107.0,1,36.19065475463867,-121.07831573486328,1
2019,2019-05-02,644,5,1,6,4,N,A,N,A,H,A,A,01,W,03,C,,,,,C,N,F,A,1,0,0,0,22350.0,2,36.664112091064446,-121.67821502685548,4
2019,2019-05-02,805,5,1,8,4,N,A,Y,A,H,A,A,07,S,07,B,,,,,C,Y,N,D,3,0,0,0,21658.0,2,36.68561172485352,-121.65040588378906,3
2019,2019-05-02,1340,5,1,13,4,N,A,Y,A,H,A,C,02,N,08,E,,,Y,,I,Y,N,A,1,0,0,1,22107.0,1,36.04858016967773,-121.58885192871094,2
2019,2019-05-05,310,5,1,3,7,N,A,Y,A,H,D,A,01,S,08,E,,,,,I,Y,N,D,1,0,0,0,22107.0,1,36.27100372314453,-121.18189239501952,3
2019,2019-05-03,658,5,1,6,5,N,A,Y,A,H,A,A,08,N,01,D,,,,Y,C,Y,N,D,2,0,0,0,23152.0,2,36.82134246826172,-121.7844696044922,3
2019,2019-05-03,2145,5,1,21,5,N,A,N,A,H,D,D,22,S,01,A,,,,,C,Y,N,D,3,0,0,0,23152.0,2,36.63597106933594,-121.5574188232422,2
2019,2019-05-11,1008,5,1,10,6,N,A,Y,A,H,A,A,01,N,03,C,,,,,C,Y,N,D,1,0,0,0,22350.0,2,35.952667236328125,-120.87966918945312,4
2019,2019-05-03,830,5,1,8,5,N,A,Y,A,H,A,A,07,S,08,B,,Y,,,G,N,F,A,1,0,1,0,22107.0,2,36.39284896850586,-121.90225219726562,3
2019,2019-05-01,1715,5,1,17,3,N,A,N,A,H,A,A,01,E,01,A,,,,,C,Y,N,D,2,0,0,0,23152.0,2,36.828716278076165,-121.65035247802734,2
2019,2019-05-04,1245,5,1,12,6,N,A,Y,A,H,A,D,22,N,03,C,,,,,C,N,N,D,3,0,0,0,22350.0,2,36.79343795776367,-121.66685485839844,4
2019,2019-02-01,2308,2,4,23,5,N,C,Y,B,H,D,A,07,N,08,E,,,,,I,Y,N,D,0,0,0,0,22107.0,1,36.41062545776367,-121.91468048095705,1
2019,2019-03-13,1842,3,1,18,3,N,A,Y,A,H,A,A,01,N,05,A,,,,,C,Y,N,D,2,0,0,0,21460.0,2,36.77692794799805,-121.77365112304688,1
2019,2019-05-04,1510,5,1,15,6,Y,A,Y,A,H,A,C,02,,03,D,,,Y,,C,Y,N,D,1,0,0,1,22350.0,2,36.82338333129882,-121.77999877929688,4
2019,2019-05-04,305,5,1,3,6,N,A,N,A,H,D,A,01,S,03,C,,,,,C,Y,N,D,2,0,0,0,22350.0,2,36.73236083984375,-121.60955810546876,3
2019,2019-05-05,522,5,1,5,7,N,A,Y,A,H,B,A,01,S,09,C,,,,,C,Y,N,D,1,0,0,0,21802.0,2,36.62252426147461,-121.5806121826172,4
2019,2019-05-05,18,5,1,0,7,N,A,Y,A,H,C,A,01,N,01,B,,,,,C,Y,N,D,1,0,0,0,23152.0,2,36.8095817565918,-121.78456878662108,4
2019,2019-05-06,610,5,1,6,1,Y,A,N,A,H,A,F,26,,09,D,,,,Y,C,Y,N,D,1,0,0,0,21801.0,2,36.65871047973633,-121.69200134277344,4
2019,2019-05-11,1050,5,1,10,6,N,A,Y,A,H,A,A,01,N,09,D,,,,,C,Y,N,D,2,0,0,0,21804.0,2,36.20999526977539,-121.16095733642578,2
2019,2019-05-06,858,5,1,8,1,Y,B,Y,A,H,A,A,01,,09,D,,,,,C,Y,N,A,2,0,0,0,21802.0,3,36.77661895751953,-121.71514129638672,3
2019,2019-05-07,1611,5,1,16,2,N,B,Y,A,H,A,-,99,N,03,C,,,,,C,Y,F,D,5,0,0,0,22350.0,5,36.77245330810546,-121.76725769042967,2
2019,2019-05-07,1515,5,1,15,2,N,B,Y,A,H,A,A,07,S,03,C,,,,,C,N,N,D,1,0,0,0,22350.0,2,36.54682540893555,-121.9097137451172,4
2020,2020-05-09,1426,5,1,14,6,Y,A,N,A,H,A,D,22,,09,D,,,,,C,Y,N,A,1,0,0,0,21800.0,2,36.592811584472656,-121.87712860107422,3
2019,2019-05-09,620,5,1,6,4,Y,C,N,B,H,A,D,22,,08,A,,,,,C,Y,N,A,1,0,0,0,22107.0,2,36.87826919555664,-121.75139617919922,2
2020,2020-05-13,1554,5,1,15,3,Y,A,N,A,H,A,D,22,,12,D,,,,,C,Y,N,A,1,0,0,0,21453.0,2,36.61400985717773,-121.90087890625,3
2019,2019-05-09,1420,5,1,14,4,N,A,Y,A,H,A,A,07,N,07,C,,,,,C,Y,N,D,4,0,0,0,21658.0,3,36.59713745117188,-121.54700469970705,3
2019,2019-05-10,735,5,1,7,5,N,B,Y,A,H,A,F,27,N,03,C,,,,Y,C,N,N,D,1,0,0,0,22350.0,2,36.59318161010742,-121.54291534423828,4
2019,2019-05-10,1750,5,1,17,5,N,A,N,A,H,A,D,22,N,03,D,,,,,C,N,F,D,1,0,0,0,22350.0,2,36.87879943847656,-121.73526000976562,3
2019,2019-05-10,2020,5,1,20,5,N,A,N,A,H,D,E,22,W,08,B,,,,,C,N,N,D,1,0,0,0,22107.0,2,36.79622268676758,-121.72299194335938,4
2020,2020-04-06,1226,4,1,12,1,N,B,N,B,H,A,A,01,S,08,D,,,,,C,Y,N,D,1,0,0,0,22102.0,2,36.61565780639648,-121.90348052978516,4
2019,2019-05-11,1400,5,1,14,6,N,A,Y,A,H,A,A,07,S,03,C,,,,,C,Y,N,D,3,0,0,0,22350.0,2,36.844532012939446,-121.63439178466795,4
2019,2019-05-11,2350,5,1,23,6,N,A,Y,A,H,D,A,01,W,08,E,,,,,I,Y,N,D,1,0,0,0,22107.0,1,36.588577270507805,-121.920654296875,3
2019,2019-05-12,1225,5,1,12,7,N,A,Y,A,H,A,A,07,E,03,C,,,,,C,Y,N,D,3,0,0,0,22350.0,2,36.78150177001953,-121.697998046875,4
2019,2019-05-14,1330,5,1,13,2,N,A,Y,A,H,A,G,25,S,03,C,,,,Y,C,N,N,D,1,0,0,0,22350.0,2,,,4
2019,2019-05-14,2500,5,1,25,2,N,E,Y,A,H,D,A,07,N,08,E,,,,,I,Y,N,D,1,0,0,0,22107.0,1,36.20369720458984,-121.13145446777344,3
2019,2019-05-13,640,5,1,6,1,N,B,Y,A,H,A,A,07,E,03,C,,,,,C,N,M,D,1,0,0,0,22350.0,2,36.59490585327149,-121.70246887207033,4
2019,2019-04-16,140,4,1,1,2,N,B,N,B,H,D,D,22,W,03,E,,,,,I,Y,F,D,3,0,0,0,22350.0,1,36.82506561279297,-121.6601104736328,3
2019,2019-05-13,904,5,1,9,1,N,A,N,A,H,A,A,01,E,03,C,,,,,C,Y,N,A,1,0,0,0,22350.0,2,36.54168701171875,-121.88008880615234,4
2019,2019-05-17,1220,5,1,12,5,N,B,Y,A,H,A,A,01,N,07,B,,,,,C,Y,N,D,2,0,0,0,21658.0,2,36.20015335083008,-121.15373992919922,4
2019,2019-05-09,1440,5,1,14,4,Y,B,Y,A,H,A,A,07,,09,D,,,,,C,Y,N,D,3,0,0,0,21801.0,2,36.605587005615234,-121.55703735351562,2
2019,2019-05-14,735,5,1,7,2,N,B,N,A,H,A,A,07,N,08,E,,,,,I,Y,N,D,1,0,0,0,22107.0,1,36.560665130615234,-121.55403900146484,4
2019,2019-05-14,1450,5,1,14,2,N,A,N,A,H,A,C,02,S,03,C,,,Y,Y,C,Y,N,D,1,0,0,1,22350.0,2,36.88224029541016,-121.66188049316406,3
2019,2019-05-15,810,5,1,8,3,N,B,Y,A,H,A,D,22,N,03,C,,,,,C,Y,N,D,1,0,0,0,22350.0,2,36.63229751586913,-121.83465576171876,4
2019,2019-05-14,435,5,1,4,2,N,B,Y,A,D,D,A,01,S,03,C,,,,,C,Y,N,D,1,0,0,0,22350.0,3,36.72076797485352,-121.66034698486328,4
2019,2019-05-15,1540,5,1,15,3,N,B,N,A,H,A,A,08,W,04,C,,,,,C,N,N,A,1,0,0,0,21703.0,2,36.555965423583984,-121.91123199462892,4
2019,2019-05-16,745,5,1,7,4,N,C,Y,B,H,A,A,01,S,03,C,,,,,C,Y,N,D,1,0,0,0,22350.0,2,36.76272964477539,-121.66719818115234,4
2019,2019-05-15,1700,5,1,17,3,N,C,N,B,H,A,F,25,E,03,C,,,,Y,C,Y,N,D,1,0,0,0,22350.0,4,36.904518127441406,-121.74999237060548,4
2019,2019-05-15,1125,5,1,11,3,Y,B,Y,B,H,A,A,08,,09,C,,,,,C,Y,N,A,1,0,0,0,21802.0,2,36.83819961547852,-121.7709732055664,3
2019,2019-05-15,1055,5,1,10,3,N,B,Y,A,H,A,A,01,N,03,C,,,,,C,Y,N,D,2,0,0,0,22350.0,2,36.61848831176758,-121.84840393066406,4
2019,2019-05-16,815,5,1,8,4,N,B,N,A,H,A,D,22,W,08,D,,,,,E,Y,N,D,1,0,0,0,22107.0,2,36.189010620117195,-121.14794158935548,4
2019,2019-05-16,1416,5,1,14,4,N,B,Y,B,H,A,A,07,N,10,G,Y,,,,B,N,N,A,1,1,0,0,21950.0,2,36.765331268310554,-121.75749969482422,4
2019,2019-05-16,645,5,1,6,4,N,B,N,A,H,A,A,07,N,03,E,,,,,I,Y,N,A,2,0,0,0,22350.0,1,36.567989349365234,-121.51879119873048,4
2019,2019-05-17,2210,5,1,22,5,N,A,N,A,H,D,A,07,W,09,D,,,,Y,C,Y,N,D,1,0,0,0,21804.0,2,36.6786994934082,-121.7350845336914,3
2019,2019-05-17,940,5,1,9,5,N,A,Y,A,H,A,D,22,S,03,C,,,,,C,Y,N,D,1,0,0,0,22350.0,2,36.580787658691406,-121.90345001220705,4
2019,2019-05-18,1200,5,1,12,6,N,B,N,A,H,A,D,22,E,13,F,,,,,A,Y,N,A,1,0,0,0,22515.0,1,36.37531661987305,-121.89737701416016,4
2019,2019-02-25,931,2,4,9,1,N,B,Y,A,H,A,A,07,S,01,E,,,,,I,Y,N,A,7,0,0,0,23152.0,4,36.542495727539055,-121.48873901367188,1
2019,2019-05-19,1820,5,1,18,7,N,A,Y,A,H,A,D,22,E,08,E,,,,,I,Y,N,D,1,0,0,0,22107.0,1,36.760990142822266,-121.75180816650392,3
2019,2019-05-19,215,5,1,2,7,N,C,Y,B,D,D,A,01,S,03,C,,,,,C,Y,N,D,1,0,0,0,22350.0,2,36.71522521972656,-121.66150665283205,4
2019,2019-05-19,2330,5,1,23,7,N,C,Y,B,H,D,A,01,N,03,F,,,,,A,Y,N,D,1,0,0,0,22350.0,1,36.57345962524414,-121.52246856689452,4
2020,2020-05-03,1311,5,1,13,7,N,A,N,A,H,A,A,01,E,06,C,,Y,,,G,N,N,D,1,0,1,0,21760.0,2,36.58615112304688,-121.85967254638672,3
2019,2019-05-20,2235,5,1,22,1,Y,B,N,B,H,C,A,01,,12,D,,,,,C,Y,N,A,2,0,0,0,21453.0,2,36.66680145263672,-121.68511199951172,4
2019,2019-05-20,1618,5,1,16,1,N,A,Y,A,H,A,D,22,N,08,E,,,,,I,Y,N,D,1,0,0,0,22107.0,1,36.59647750854492,-121.54631805419922,4
2019,2019-05-21,455,5,1,4,2,N,C,Y,B,H,D,A,07,N,03,D,,,,,C,Y,N,D,1,0,0,0,22350.0,3,36.83393096923828,-121.6300811767578,4
2019,2019-05-21,1325,5,1,13,2,N,B,Y,A,H,A,D,22,S,08,F,,,,,A,Y,N,D,1,0,0,0,22107.0,1,36.470020294189446,-121.93327331542967,4
2019,2019-05-23,1510,5,1,15,4,N,A,N,A,H,A,A,01,E,08,E,,,,,I,Y,N,D,1,0,0,0,22107.0,1,36.31482696533203,-121.31109619140624,4
2019,2019-05-18,1535,5,1,15,6,N,B,Y,A,H,A,A,07,S,08,C,,,,,C,Y,N,D,3,0,0,0,22107.0,2,36.01232147216797,-120.92153167724608,4
2019,2019-05-18,1750,5,1,17,6,N,C,N,B,H,A,D,22,S,01,A,,,,,I,Y,N,D,2,0,0,0,23152.0,1,36.18905258178711,-121.14764404296876,3
2019,2019-05-25,2345,5,1,23,6,N,A,Y,A,H,D,A,07,N,01,E,,,,,I,Y,N,D,1,0,0,0,23152.0,1,36.36736297607422,-121.28163146972656,3
2019,2019-05-28,335,5,1,3,2,N,A,Y,A,H,D,A,01,N,08,A,,,,,A,Y,N,D,5,0,0,0,22107.0,1,36.34836959838867,-121.26373291015624,4
2019,2019-05-22,1700,5,1,17,3,N,A,Y,A,H,A,C,02,N,05,B,,,Y,,C,Y,N,A,1,0,0,1,21460.0,2,,,2
2019,2019-05-24,1650,5,1,16,5,N,A,Y,A,H,A,A,07,S,17,B,,,,,C,N,N,D,1,0,0,0,22517.0,2,36.564727783203125,-121.91204833984376,4
2019,2019-05-25,1100,5,1,11,6,N,A,N,A,H,A,D,22,W,01,E,,,,,I,Y,N,D,1,0,0,0,23152.0,1,36.32735443115234,-121.27115631103516,3
2019,2019-05-23,655,5,1,6,4,N,A,N,A,H,A,D,22,E,06,B,,,,,C,Y,N,D,2,0,0,0,21750.0,2,36.62350463867188,-121.52799987792967,4
2019,2019-05-23,540,5,1,5,4,N,B,N,B,H,B,F,26,E,08,B,,,,Y,C,Y,N,D,3,0,0,0,22107.0,2,36.619731903076165,-121.64056396484376,3
2019,2019-05-22,1130,5,1,11,3,N,A,Y,A,H,A,A,01,S,08,D,,,,,C,Y,M,D,1,0,0,0,22105.0,2,36.4881591796875,-121.93775177001952,4
2019,2019-05-23,2030,5,1,20,4,Y,B,N,A,H,C,A,08,,08,B,,,,,C,N,N,D,2,0,0,0,22107.0,2,36.543701171875,-121.90493774414062,4
2019,2019-05-24,1730,5,1,17,5,N,A,Y,A,H,A,-,- ,S,18,H,,,,,A,N,N,D,1,0,0,0,,1,36.82329940795898,-121.78019714355467,2
2019,2019-05-24,1720,5,1,17,5,N,A,Y,A,H,A,A,01,N,03,C,,,,,C,Y,N,D,5,0,0,0,22350.0,4,36.791015625,-121.66734313964844,3
2019,2019-05-13,1952,5,1,19,1,N,A,Y,A,H,A,D,22,S,01,E,,,,,I,N,N,D,2,0,0,0,23152.0,1,35.871482849121094,-120.83164215087892,2
2019,2019-05-29,459,5,1,4,3,N,A,N,A,H,D,-,- ,N,18,E,,,,,H,Y,N,D,3,0,0,0,,1,36.73630142211913,-121.60449981689452,2
2019,2019-05-26,1503,5,1,15,7,N,B,N,A,H,A,A,01,N,03,C,,,,,C,N,N,D,1,0,0,0,22350.0,2,36.90094757080078,-121.74817657470705,3
2019,2019-05-31,525,5,1,5,5,N,E,N,A,H,D,A,07,S,01,E,,,,,I,Y,N,D,1,0,0,0,23152.0,1,36.08407211303711,-121.17555236816406,2
2019,2019-06-01,505,6,2,5,6,N,E,Y,A,H,D,-,- ,N,18,E,,,,,I,Y,N,D,1,0,0,0,,1,35.955467224121094,-120.8811492919922,4
2019,2019-05-27,2120,5,1,21,1,N,B,Y,A,H,D,A,01,N,01,F,,,,,I,Y,N,D,1,0,0,0,23152.0,1,36.410675048828125,-121.91468048095705,3
2019,2019-05-28,640,5,1,6,2,N,B,Y,A,H,A,A,01,W,03,C,,,,Y,C,Y,N,D,2,0,0,0,22350.0,3,36.78458404541016,-121.688720703125,4
2019,2019-05-30,1617,5,1,16,4,Y,B,N,A,H,A,A,01,,03,E,,,,,I,Y,N,D,1,0,0,0,22350.0,1,36.816570281982415,-121.67324829101562,3
2019,2019-05-30,1830,5,1,18,4,N,B,Y,A,H,A,-,- ,E,18,E,,,,,I,Y,N,D,1,0,0,0,,1,36.6086540222168,-121.69229888916016,3
2019,2019-05-30,525,5,1,5,4,N,B,Y,A,H,B,A,01,S,03,C,,,,Y,C,Y,N,D,2,0,0,0,22350.0,4,36.668975830078125,-121.63531494140624,2
2019,2019-05-30,855,5,1,8,4,N,A,Y,A,H,A,A,08,S,21,C,,,,,C,Y,N,D,1,0,0,0,22106.0,2,36.57779693603516,-121.90830230712892,3
2019,2019-05-30,2147,5,1,21,4,N,A,Y,A,D,C,-,99,S,21,C,,,,,C,N,N,D,1,0,0,0,22106.0,2,36.72060394287109,-121.6603546142578,4
2019,2019-05-30,630,5,1,6,4,Y,B,Y,A,H,A,A,01,,09,D,,,,,C,Y,N,A,2,0,0,0,21802.0,2,36.83821868896485,-121.77099609375,3
2019,2019-05-31,50,5,1,0,5,N,B,Y,A,H,D,A,01,E,09,C,,,,,C,Y,N,D,2,0,0,0,21806.0,2,36.77996826171875,-121.70331573486328,2
2019,2019-05-31,1551,5,1,15,5,N,B,N,A,H,A,A,01,W,03,E,,,,,I,Y,N,D,1,0,0,0,22350.0,1,36.53248977661133,-121.84282684326172,4
2019,2019-06-01,302,6,2,3,6,N,A,Y,A,H,D,A,07,E,01,E,,,,,I,Y,N,A,1,0,0,0,23152.0,1,36.77330780029297,-121.60318756103516,3
2019,2019-06-01,1312,6,2,13,6,N,A,N,A,H,A,C,02,E,08,F,,,Y,,A,Y,N,D,1,0,0,1,22107.0,1,36.45840072631836,-121.70613098144533,4
2019,2019-06-01,1814,6,2,18,6,N,A,Y,A,H,A,A,01,S,08,E,,,,,I,Y,N,D,1,0,0,0,22107.0,1,36.51081848144531,-121.43651580810548,2
2019,2019-06-01,2225,6,2,22,6,Y,A,N,A,H,D,A,01,,01,E,,,,,I,Y,N,D,1,0,0,0,23152.0,1,36.808399200439446,-121.67191314697266,4
2019,2019-06-01,1730,6,2,17,6,N,B,Y,A,H,A,A,08,W,03,C,,,,,C,Y,N,A,2,0,0,0,22350.0,2,36.76792907714844,-121.74435424804688,4
2019,2019-05-20,1937,5,1,19,1,N,A,Y,A,H,A,A,01,W,01,E,,,,,I,Y,N,D,3,0,0,0,23152.0,1,36.13863754272461,-121.01126861572266,2
2019,2019-06-02,2300,6,2,23,7,N,A,Y,A,H,D,A,01,S,08,E,,,,,I,Y,N,D,1,0,0,0,22107.0,1,,,3
2019,2019-06-02,2035,6,2,20,7,Y,B,N,A,H,C,C,02,,03,D,,,Y,,C,Y,N,A,2,0,0,1,22350.0,2,36.796211242675774,-121.703369140625,2
2019,2019-06-03,1315,6,2,13,1,N,A,N,A,H,A,A,01,W,08,E,,,,,I,Y,N,D,1,0,0,0,22107.0,1,36.77458572387695,-121.60343933105467,3
2019,2019-05-28,530,5,1,5,2,N,A,N,A,H,D,A,07,E,21,G,Y,,,,B,Y,F,D,1,1,0,0,22106.0,3,36.63022613525391,-121.64258575439452,2
2019,2019-06-03,1815,6,2,18,1,N,A,N,A,H,A,A,01,W,01,E,,,,,I,Y,N,D,1,0,0,0,23152.0,1,36.86526107788086,-121.73368072509766,4
2020,2020-04-29,1803,4,1,18,3,N,A,N,A,H,A,N,60,W,11,G,Y,,,,B,Y,F,D,1,1,0,0,21954.0,2,36.67884063720703,-121.64656829833984,2
2020,2020-04-16,1352,4,1,13,4,Y,A,N,A,H,A,A,01,,09,D,,,,,C,N,N,A,3,0,0,0,21801.0,2,36.67216110229492,-121.61990356445312,4
2020,2020-03-26,1523,3,1,15,4,N,B,N,A,H,A,D,22,N,09,D,,,,,C,Y,N,D,3,0,0,0,21804.0,2,36.71171188354492,-121.65439605712892,3
2020,2020-04-13,2106,4,1,21,1,Y,A,N,A,H,C,D,22,,01,A,,,,,C,Y,N,A,2,0,0,0,23152.0,2,36.677391052246094,-121.64008331298828,2
2019,2019-05-31,1521,5,1,15,5,N,B,Y,A,H,A,A,01,N,03,C,,,,,C,N,N,D,1,0,0,0,22350.0,2,36.826824188232415,-121.77456665039062,4
2020,2020-04-18,1525,4,1,15,6,N,A,N,A,H,A,D,22,S,08,A,,,,,I,N,M,D,1,0,0,0,22107.0,1,36.65594100952149,-121.6469268798828,2
2020,2020-03-30,930,3,1,9,1,N,A,N,A,H,A,D,22,W,12,D,,,,,C,Y,N,A,3,0,0,0,21453.0,3,36.688343048095696,-121.67202758789062,3
2019,2019-06-03,1405,6,2,14,1,Y,A,N,A,A,A,L,04,,08,F,,Y,,,A,N,N,D,1,0,1,0,22107.0,1,36.55696105957031,-121.47830963134766,3
2019,2019-06-04,1602,6,2,16,2,N,A,Y,A,H,A,A,01,W,03,C,,,,,C,Y,N,D,2,0,0,0,22350.0,3,36.57039642333984,-121.7615966796875,4
2019,2019-06-04,515,6,2,5,2,N,A,Y,A,H,D,A,07,N,08,F,,,,,A,Y,N,D,2,0,0,0,22107.0,1,35.83989334106445,-120.75798797607422,4
2020,2020-05-27,625,5,1,6,3,N,A,N,A,H,A,A,01,S,08,B,,,,Y,C,Y,N,A,1,0,0,0,22107.0,2,36.68766784667969,-121.7997589111328,4
2019,2019-06-04,340,6,2,3,2,N,B,Y,A,H,C,-,99,S,03,C,,,,,C,Y,F,D,1,0,0,0,22350.0,2,36.79793548583984,-121.66522216796876,4
2019,2019-06-04,16,6,2,0,2,N,B,Y,A,H,D,A,01,N,08,E,,,,,I,Y,M,D,1,0,0,0,22107.0,1,36.410457611083984,-121.91468811035156,3
2019,2019-06-06,1423,6,2,14,4,Y,A,Y,A,H,A,A,08,,12,D,,,,,C,Y,N,A,1,0,0,0,21453.0,2,36.567630767822266,-121.77850341796876,4
2019,2019-06-06,725,6,2,7,4,N,A,N,A,H,A,A,01,W,08,E,,,,,I,Y,N,D,1,0,0,0,22107.0,1,36.83987045288086,-121.68569183349608,4
2019,2019-06-06,448,6,2,4,4,Y,B,Y,A,H,C,A,01,,08,A,,,,,C,Y,N,A,3,0,0,0,22107.0,2,36.788063049316406,-121.67898559570312,3
2019,2019-06-07,1330,6,2,13,5,N,A,Y,A,H,A,C,02,S,08,F,,,Y,,A,Y,N,A,1,0,0,1,22107.0,1,35.84623718261719,-121.40597534179688,3
2019,2019-06-08,2250,6,2,22,6,N,A,Y,A,H,D,D,22,N,01,E,,,,,I,Y,N,D,1,0,0,0,23152.0,1,36.45036315917969,-121.9265594482422,3
2019,2019-06-12,855,6,2,8,3,N,A,N,A,H,A,A,01,E,09,D,,,Y,,C,Y,F,D,1,0,0,1,21802.0,2,36.19764709472656,-121.14800262451172,2
2019,2019-06-09,1125,6,2,11,7,N,A,Y,A,H,A,A,01,S,08,F,,,,,A,Y,N,D,1,0,0,0,22107.0,1,36.578369140625,-121.90694427490234,4
2019,2019-06-08,1140,6,2,11,6,N,A,Y,A,H,A,A,01,N,03,C,,,,,C,Y,N,D,1,0,0,0,22350.0,2,36.62281799316406,-121.58100128173828,4
2019,2019-06-08,620,6,2,6,6,N,A,Y,A,H,A,D,22,N,03,E,,,,,I,Y,N,D,1,0,0,0,22350.0,1,36.493202209472656,-121.4271240234375,2
2019,2019-06-08,1715,6,2,17,6,N,A,Y,A,H,A,A,01,E,03,C,,,,,C,Y,N,D,1,0,0,0,22350.0,3,36.59319686889648,-121.92160034179688,4
2019,2019-06-09,1750,6,2,17,7,N,A,Y,A,H,A,D,22,N,03,C,,,,,C,Y,N,D,2,0,0,0,22350.0,2,36.45742416381836,-121.37670135498048,3
2019,2019-06-08,2105,6,2,21,6,N,A,N,A,H,D,A,08,N,01,A,,,,,C,Y,N,D,3,0,0,0,23153.0,2,36.351993560791016,-121.20616149902344,2
2019,2019-06-09,2000,6,2,20,7,N,A,N,A,H,A,-,- ,S,18,D,,,,,C,N,N,D,1,0,0,0,,2,36.82575988769531,-121.70782470703124,2
2019,2019-06-11,1425,6,2,14,2,N,A,Y,A,H,A,A,07,,08,E,,,,,I,Y,N,D,1,0,0,0,22107.0,1,36.261478424072266,-121.17941284179688,3
2019,2019-06-10,1000,6,2,10,1,N,A,N,A,A,A,A,01,W,03,E,,,,,I,Y,N,D,1,0,0,0,22350.0,1,36.77196502685546,-121.72055816650392,4
2019,2019-06-11,1220,6,2,12,2,Y,A,N,A,H,A,A,07,,08,A,,,,,C,N,N,A,1,0,0,0,22107.0,2,36.89641189575195,-121.67607879638672,4
2019,2019-06-11,1525,6,2,15,2,N,A,Y,A,H,A,A,01,S,03,C,,,,,C,Y,N,D,1,0,0,0,22350.0,3,36.59386444091797,-121.8736572265625,4
2019,2019-06-09,1950,6,2,19,7,N,A,Y,A,H,A,A,01,S,08,E,,,,,I,Y,N,D,1,0,0,0,22107.0,1,36.20450973510742,-121.1377410888672,2
2019,2019-06-12,1420,6,2,14,3,N,A,N,A,H,A,M,51,N,09,C,,,,,C,Y,N,D,1,0,0,0,21802.0,2,36.59149169921875,-121.60884857177734,3